# WaveFront *.obj file (generated by Cinema 4D)

mtllib ./cross.mtl

v 0.000000 0.634830 -0.068816
v -0.127830 0.634830 -0.068816
v -0.127830 0.684663 -0.068816
v 0.000000 0.634830 -0.068816
v -0.127830 0.684663 -0.068816
v 0.000000 0.684663 -0.068816
v 0.000000 0.520822 -0.068816
v -0.127830 0.520822 -0.068816
v -0.127830 0.634830 -0.068816
v 0.000000 0.520822 -0.068816
v -0.127830 0.634830 -0.068816
v 0.000000 0.634830 -0.068816
v -0.127830 0.684663 -0.000000
v -0.127830 0.684663 -0.068816
v -0.184253 0.684663 -0.068816
v -0.127830 0.684663 -0.000000
v -0.184253 0.684663 -0.068816
v -0.184253 0.684663 -0.000000
v 0.000000 1.008028 -0.068816
v -0.180492 1.008028 -0.068816
v -0.263246 1.055674 -0.068816
v 0.000000 1.008028 -0.068816
v -0.263246 1.055674 -0.068816
v 0.000000 1.055674 -0.068816
v 0.000000 1.055674 -0.068816
v -0.263246 1.055674 -0.068816
v -0.216854 1.128398 -0.068816
v 0.000000 1.055674 -0.068816
v -0.216854 1.128398 -0.068816
v 0.000000 1.128398 -0.068816
v 0.000000 0.916496 -0.068816
v -0.127830 0.916496 -0.068816
v -0.180492 1.008028 -0.068816
v 0.000000 0.916496 -0.068816
v -0.180492 1.008028 -0.068816
v 0.000000 1.008028 -0.068816
v 0.000000 0.800580 -0.068816
v -0.127830 0.800580 -0.068816
v -0.127830 0.916496 -0.068816
v 0.000000 0.800580 -0.068816
v -0.127830 0.916496 -0.068816
v 0.000000 0.916496 -0.068816
v 0.000000 1.128398 -0.068816
v -0.216854 1.128398 -0.068816
v -0.136607 1.168521 -0.068816
v 0.000000 1.128398 -0.068816
v -0.136607 1.168521 -0.068816
v 0.000000 1.168521 -0.068816
v 0.000000 1.168521 -0.068816
v -0.136607 1.168521 -0.068816
v -0.083945 1.258799 -0.068816
v 0.000000 1.168521 -0.068816
v -0.083945 1.258799 -0.068816
v 0.000000 1.258799 -0.068816
v 0.000000 1.303756 0.000000
v 0.000000 1.303756 -0.068816
v -0.014983 1.298922 -0.068816
v 0.000000 1.303756 0.000000
v -0.014983 1.298922 -0.068816
v -0.014983 1.298922 -0.000000
v 0.000000 1.258799 -0.068816
v -0.083945 1.258799 -0.068816
v -0.014983 1.298922 -0.068816
v 0.000000 1.258799 -0.068816
v -0.014983 1.298922 -0.068816
v 0.000000 1.303756 -0.068816
v -0.127830 0.684663 -0.068816
v -0.127830 0.634830 -0.068816
v -0.184253 0.634830 -0.068816
v -0.127830 0.684663 -0.068816
v -0.184253 0.634830 -0.068816
v -0.184253 0.684663 -0.068816
v -0.290309 0.634830 -0.000000
v -0.290309 0.634830 -0.068816
v -0.396364 0.634830 -0.068816
v -0.290309 0.634830 -0.000000
v -0.396364 0.634830 -0.068816
v -0.396364 0.634830 -0.000000
v -0.396364 0.634830 -0.000000
v -0.396364 0.634830 -0.068816
v -0.506704 0.772479 -0.068816
v -0.396364 0.634830 -0.000000
v -0.506704 0.772479 -0.068816
v -0.506704 0.772479 -0.000000
v -0.506704 0.772479 -0.000000
v -0.506704 0.772479 -0.068816
v -0.594474 0.725948 -0.068816
v -0.506704 0.772479 -0.000000
v -0.594474 0.725948 -0.068816
v -0.594474 0.725948 -0.000000
v -0.594474 0.725948 -0.000000
v -0.594474 0.725948 -0.068816
v -0.649643 0.639671 -0.068816
v -0.594474 0.725948 -0.000000
v -0.649643 0.639671 -0.068816
v -0.649643 0.639671 -0.000000
v -0.649643 0.639671 -0.000000
v -0.649643 0.639671 -0.068816
v -0.741175 0.605061 -0.068816
v -0.649643 0.639671 -0.000000
v -0.741175 0.605061 -0.068816
v -0.741175 0.605061 -0.000000
v -0.741175 0.605061 -0.000000
v -0.741175 0.605061 -0.068816
v -0.803868 0.533851 -0.068816
v -0.741175 0.605061 -0.000000
v -0.803868 0.533851 -0.068816
v -0.803868 0.533851 -0.000000
v -0.649643 0.639671 -0.068816
v -0.649643 0.520822 -0.068816
v -0.741175 0.520822 -0.068816
v -0.649643 0.639671 -0.068816
v -0.741175 0.520822 -0.068816
v -0.741175 0.605061 -0.068816
v -0.741175 0.605061 -0.068816
v -0.741175 0.520822 -0.068816
v -0.818094 0.520822 -0.068816
v -0.741175 0.605061 -0.068816
v -0.818094 0.520822 -0.068816
v -0.803868 0.533851 -0.068816
v -0.506704 0.772479 -0.068816
v -0.506704 0.520822 -0.068816
v -0.594474 0.520822 -0.068816
v -0.506704 0.772479 -0.068816
v -0.594474 0.520822 -0.068816
v -0.594474 0.725948 -0.068816
v -0.594474 0.725948 -0.068816
v -0.594474 0.520822 -0.068816
v -0.649643 0.520822 -0.068816
v -0.594474 0.725948 -0.068816
v -0.649643 0.520822 -0.068816
v -0.649643 0.639671 -0.068816
v -0.396364 0.634830 -0.068816
v -0.396364 0.520822 -0.068816
v -0.506704 0.520822 -0.068816
v -0.396364 0.634830 -0.068816
v -0.506704 0.520822 -0.068816
v -0.506704 0.772479 -0.068816
v -0.290309 0.634830 -0.068816
v -0.290309 0.520822 -0.068816
v -0.396364 0.520822 -0.068816
v -0.290309 0.634830 -0.068816
v -0.396364 0.520822 -0.068816
v -0.396364 0.634830 -0.068816
v -0.127830 0.634830 -0.068816
v -0.127830 0.520822 -0.068816
v -0.184253 0.520822 -0.068816
v -0.127830 0.634830 -0.068816
v -0.184253 0.520822 -0.068816
v -0.184253 0.634830 -0.068816
v 0.000000 0.634830 -0.068816
v 0.000000 0.684663 -0.068816
v 0.127830 0.684663 -0.068816
v 0.000000 0.634830 -0.068816
v 0.127830 0.684663 -0.068816
v 0.127830 0.634830 -0.068816
v 0.000000 0.520822 -0.068816
v 0.000000 0.634830 -0.068816
v 0.127830 0.634830 -0.068816
v 0.000000 0.520822 -0.068816
v 0.127830 0.634830 -0.068816
v 0.127830 0.520822 -0.068816
v 0.127830 0.684663 0.000000
v 0.184254 0.684663 0.000000
v 0.184254 0.684663 -0.068816
v 0.127830 0.684663 0.000000
v 0.184254 0.684663 -0.068816
v 0.127830 0.684663 -0.068816
v 0.000000 1.008028 -0.068816
v 0.000000 1.055674 -0.068816
v 0.263247 1.055674 -0.068816
v 0.000000 1.008028 -0.068816
v 0.263247 1.055674 -0.068816
v 0.180492 1.008028 -0.068816
v 0.000000 1.055674 -0.068816
v 0.000000 1.128398 -0.068816
v 0.216854 1.128398 -0.068816
v 0.000000 1.055674 -0.068816
v 0.216854 1.128398 -0.068816
v 0.263247 1.055674 -0.068816
v 0.000000 0.916496 -0.068816
v 0.000000 1.008028 -0.068816
v 0.180492 1.008028 -0.068816
v 0.000000 0.916496 -0.068816
v 0.180492 1.008028 -0.068816
v 0.127830 0.916496 -0.068816
v 0.000000 0.800580 -0.068816
v 0.000000 0.916496 -0.068816
v 0.127830 0.916496 -0.068816
v 0.000000 0.800580 -0.068816
v 0.127830 0.916496 -0.068816
v 0.127830 0.800580 -0.068816
v 0.000000 1.128398 -0.068816
v 0.000000 1.168521 -0.068816
v 0.136607 1.168521 -0.068816
v 0.000000 1.128398 -0.068816
v 0.136607 1.168521 -0.068816
v 0.216854 1.128398 -0.068816
v 0.000000 1.168521 -0.068816
v 0.000000 1.258799 -0.068816
v 0.083945 1.258799 -0.068816
v 0.000000 1.168521 -0.068816
v 0.083945 1.258799 -0.068816
v 0.136607 1.168521 -0.068816
v 0.000000 1.303756 0.000000
v 0.014983 1.298922 0.000000
v 0.014983 1.298922 -0.068816
v 0.000000 1.303756 0.000000
v 0.014983 1.298922 -0.068816
v 0.000000 1.303756 -0.068816
v 0.000000 1.258799 -0.068816
v 0.000000 1.303756 -0.068816
v 0.014983 1.298922 -0.068816
v 0.000000 1.258799 -0.068816
v 0.014983 1.298922 -0.068816
v 0.083945 1.258799 -0.068816
v 0.127830 0.684663 -0.068816
v 0.184254 0.684663 -0.068816
v 0.184254 0.634830 -0.068816
v 0.127830 0.684663 -0.068816
v 0.184254 0.634830 -0.068816
v 0.127830 0.634830 -0.068816
v 0.290309 0.634830 0.000000
v 0.396364 0.634830 0.000000
v 0.396364 0.634830 -0.068816
v 0.290309 0.634830 0.000000
v 0.396364 0.634830 -0.068816
v 0.290309 0.634830 -0.068816
v 0.396364 0.634830 0.000000
v 0.506704 0.772479 0.000000
v 0.506704 0.772479 -0.068816
v 0.396364 0.634830 0.000000
v 0.506704 0.772479 -0.068816
v 0.396364 0.634830 -0.068816
v 0.506704 0.772479 0.000000
v 0.594474 0.725947 0.000000
v 0.594474 0.725947 -0.068816
v 0.506704 0.772479 0.000000
v 0.594474 0.725947 -0.068816
v 0.506704 0.772479 -0.068816
v 0.594474 0.725947 0.000000
v 0.649644 0.639671 0.000000
v 0.649644 0.639671 -0.068816
v 0.594474 0.725947 0.000000
v 0.649644 0.639671 -0.068816
v 0.594474 0.725947 -0.068816
v 0.649644 0.639671 0.000000
v 0.741175 0.605061 0.000000
v 0.741175 0.605061 -0.068816
v 0.649644 0.639671 0.000000
v 0.741175 0.605061 -0.068816
v 0.649644 0.639671 -0.068816
v 0.741175 0.605061 0.000000
v 0.803868 0.533851 0.000000
v 0.803868 0.533851 -0.068816
v 0.741175 0.605061 0.000000
v 0.803868 0.533851 -0.068816
v 0.741175 0.605061 -0.068816
v 0.649644 0.639671 -0.068816
v 0.741175 0.605061 -0.068816
v 0.741175 0.520822 -0.068816
v 0.649644 0.639671 -0.068816
v 0.741175 0.520822 -0.068816
v 0.649644 0.520822 -0.068816
v 0.741175 0.605061 -0.068816
v 0.803868 0.533851 -0.068816
v 0.818094 0.520822 -0.068816
v 0.741175 0.605061 -0.068816
v 0.818094 0.520822 -0.068816
v 0.741175 0.520822 -0.068816
v 0.506704 0.772479 -0.068816
v 0.594474 0.725947 -0.068816
v 0.594474 0.520822 -0.068816
v 0.506704 0.772479 -0.068816
v 0.594474 0.520822 -0.068816
v 0.506704 0.520822 -0.068816
v 0.594474 0.725947 -0.068816
v 0.649644 0.639671 -0.068816
v 0.649644 0.520822 -0.068816
v 0.594474 0.725947 -0.068816
v 0.649644 0.520822 -0.068816
v 0.594474 0.520822 -0.068816
v 0.396364 0.634830 -0.068816
v 0.506704 0.772479 -0.068816
v 0.506704 0.520822 -0.068816
v 0.396364 0.634830 -0.068816
v 0.506704 0.520822 -0.068816
v 0.396364 0.520822 -0.068816
v 0.290309 0.634830 -0.068816
v 0.396364 0.634830 -0.068816
v 0.396364 0.520822 -0.068816
v 0.290309 0.634830 -0.068816
v 0.396364 0.520822 -0.068816
v 0.290309 0.520822 -0.068816
v 0.127830 0.634830 -0.068816
v 0.184254 0.634830 -0.068816
v 0.184254 0.520822 -0.068816
v 0.127830 0.634830 -0.068816
v 0.184254 0.520822 -0.068816
v 0.127830 0.520822 -0.068816
v 0.000000 0.406815 -0.068816
v 0.000000 0.356982 -0.068816
v -0.127830 0.356982 -0.068816
v 0.000000 0.406815 -0.068816
v -0.127830 0.356982 -0.068816
v -0.127830 0.406815 -0.068816
v 0.000000 0.520822 -0.068816
v 0.000000 0.406815 -0.068816
v -0.127830 0.406815 -0.068816
v 0.000000 0.520822 -0.068816
v -0.127830 0.406815 -0.068816
v -0.127830 0.520822 -0.068816
v -0.127830 0.356982 -0.000000
v -0.184254 0.356982 -0.000000
v -0.184254 0.356982 -0.068816
v -0.127830 0.356982 -0.000000
v -0.184254 0.356982 -0.068816
v -0.127830 0.356982 -0.068816
v -0.000000 -0.945716 -0.068816
v -0.000000 -0.993363 -0.068816
v -0.263247 -0.993363 -0.068816
v -0.000000 -0.945716 -0.068816
v -0.263247 -0.993363 -0.068816
v -0.180492 -0.945716 -0.068816
v -0.000000 -0.993363 -0.068816
v -0.000000 -1.066087 -0.068816
v -0.216854 -1.066087 -0.068816
v -0.000000 -0.993363 -0.068816
v -0.216854 -1.066087 -0.068816
v -0.263247 -0.993363 -0.068816
v -0.000000 -0.854185 -0.068816
v -0.000000 -0.945716 -0.068816
v -0.180492 -0.945716 -0.068816
v -0.000000 -0.854185 -0.068816
v -0.180492 -0.945716 -0.068816
v -0.127830 -0.854185 -0.068816
v -0.000000 -0.652324 -0.068816
v -0.000000 -0.854185 -0.068816
v -0.127830 -0.854185 -0.068816
v -0.000000 -0.652324 -0.068816
v -0.127830 -0.854185 -0.068816
v -0.127830 -0.652324 -0.068816
v -0.000000 -1.066087 -0.068816
v -0.000000 -1.106210 -0.068816
v -0.136607 -1.106210 -0.068816
v -0.000000 -1.066087 -0.068816
v -0.136607 -1.106210 -0.068816
v -0.216854 -1.066087 -0.068816
v -0.000000 -1.106210 -0.068816
v -0.000000 -1.196488 -0.068816
v -0.083945 -1.196488 -0.068816
v -0.000000 -1.106210 -0.068816
v -0.083945 -1.196488 -0.068816
v -0.136607 -1.106210 -0.068816
v -0.000000 -1.242084 -0.000000
v -0.014983 -1.236611 -0.000000
v -0.014983 -1.236611 -0.068816
v -0.000000 -1.242084 -0.000000
v -0.014983 -1.236611 -0.068816
v -0.000000 -1.242084 -0.068816
v -0.000000 -1.196488 -0.068816
v -0.000000 -1.242084 -0.068816
v -0.014983 -1.236611 -0.068816
v -0.000000 -1.196488 -0.068816
v -0.014983 -1.236611 -0.068816
v -0.083945 -1.196488 -0.068816
v -0.127830 0.356982 -0.068816
v -0.184254 0.356982 -0.068816
v -0.184254 0.406815 -0.068816
v -0.127830 0.356982 -0.068816
v -0.184254 0.406815 -0.068816
v -0.127830 0.406815 -0.068816
v -0.290309 0.406815 -0.000000
v -0.396364 0.406815 -0.000000
v -0.396364 0.406815 -0.068816
v -0.290309 0.406815 -0.000000
v -0.396364 0.406815 -0.068816
v -0.290309 0.406815 -0.068816
v -0.396364 0.406815 -0.000000
v -0.506704 0.269165 -0.000000
v -0.506704 0.269165 -0.068816
v -0.396364 0.406815 -0.000000
v -0.506704 0.269165 -0.068816
v -0.396364 0.406815 -0.068816
v -0.506704 0.269165 -0.000000
v -0.594474 0.315697 -0.000000
v -0.594474 0.315697 -0.068816
v -0.506704 0.269165 -0.000000
v -0.594474 0.315697 -0.068816
v -0.506704 0.269165 -0.068816
v -0.594474 0.315697 -0.000000
v -0.649643 0.401974 -0.000000
v -0.649643 0.401974 -0.068816
v -0.594474 0.315697 -0.000000
v -0.649643 0.401974 -0.068816
v -0.594474 0.315697 -0.068816
v -0.649643 0.401974 -0.000000
v -0.741175 0.436584 -0.000000
v -0.741175 0.436584 -0.068816
v -0.649643 0.401974 -0.000000
v -0.741175 0.436584 -0.068816
v -0.649643 0.401974 -0.068816
v -0.741175 0.436584 -0.000000
v -0.803868 0.507794 -0.000000
v -0.803868 0.507794 -0.068816
v -0.741175 0.436584 -0.000000
v -0.803868 0.507794 -0.068816
v -0.741175 0.436584 -0.068816
v -0.649643 0.401974 -0.068816
v -0.741175 0.436584 -0.068816
v -0.741175 0.520822 -0.068816
v -0.649643 0.401974 -0.068816
v -0.741175 0.520822 -0.068816
v -0.649643 0.520822 -0.068816
v -0.741175 0.436584 -0.068816
v -0.803868 0.507794 -0.068816
v -0.818094 0.520822 -0.068816
v -0.741175 0.436584 -0.068816
v -0.818094 0.520822 -0.068816
v -0.741175 0.520822 -0.068816
v -0.506704 0.269165 -0.068816
v -0.594474 0.315697 -0.068816
v -0.594474 0.520822 -0.068816
v -0.506704 0.269165 -0.068816
v -0.594474 0.520822 -0.068816
v -0.506704 0.520822 -0.068816
v -0.594474 0.315697 -0.068816
v -0.649643 0.401974 -0.068816
v -0.649643 0.520822 -0.068816
v -0.594474 0.315697 -0.068816
v -0.649643 0.520822 -0.068816
v -0.594474 0.520822 -0.068816
v -0.396364 0.406815 -0.068816
v -0.506704 0.269165 -0.068816
v -0.506704 0.520822 -0.068816
v -0.396364 0.406815 -0.068816
v -0.506704 0.520822 -0.068816
v -0.396364 0.520822 -0.068816
v -0.290309 0.406815 -0.068816
v -0.396364 0.406815 -0.068816
v -0.396364 0.520822 -0.068816
v -0.290309 0.406815 -0.068816
v -0.396364 0.520822 -0.068816
v -0.290309 0.520822 -0.068816
v -0.127830 0.406815 -0.068816
v -0.184254 0.406815 -0.068816
v -0.184253 0.520822 -0.068816
v -0.127830 0.406815 -0.068816
v -0.184253 0.520822 -0.068816
v -0.127830 0.520822 -0.068816
v 0.000000 0.406815 -0.068816
v 0.127830 0.406815 -0.068816
v 0.127830 0.356982 -0.068816
v 0.000000 0.406815 -0.068816
v 0.127830 0.356982 -0.068816
v 0.000000 0.356982 -0.068816
v 0.000000 0.520822 -0.068816
v 0.127830 0.520822 -0.068816
v 0.127830 0.406815 -0.068816
v 0.000000 0.520822 -0.068816
v 0.127830 0.406815 -0.068816
v 0.000000 0.406815 -0.068816
v 0.127830 0.356982 0.000000
v 0.127830 0.356982 -0.068816
v 0.184254 0.356982 -0.068816
v 0.127830 0.356982 0.000000
v 0.184254 0.356982 -0.068816
v 0.184254 0.356982 0.000000
v -0.000000 -0.945716 -0.068816
v 0.180492 -0.945716 -0.068816
v 0.263246 -0.993363 -0.068816
v -0.000000 -0.945716 -0.068816
v 0.263246 -0.993363 -0.068816
v -0.000000 -0.993363 -0.068816
v -0.000000 -0.993363 -0.068816
v 0.263246 -0.993363 -0.068816
v 0.216854 -1.066087 -0.068816
v -0.000000 -0.993363 -0.068816
v 0.216854 -1.066087 -0.068816
v -0.000000 -1.066087 -0.068816
v -0.000000 -0.854185 -0.068816
v 0.127830 -0.854185 -0.068816
v 0.180492 -0.945716 -0.068816
v -0.000000 -0.854185 -0.068816
v 0.180492 -0.945716 -0.068816
v -0.000000 -0.945716 -0.068816
v -0.000000 -0.652324 -0.068816
v 0.127830 -0.652324 -0.068816
v 0.127830 -0.854185 -0.068816
v -0.000000 -0.652324 -0.068816
v 0.127830 -0.854185 -0.068816
v -0.000000 -0.854185 -0.068816
v -0.000000 -1.066087 -0.068816
v 0.216854 -1.066087 -0.068816
v 0.136607 -1.106210 -0.068816
v -0.000000 -1.066087 -0.068816
v 0.136607 -1.106210 -0.068816
v -0.000000 -1.106210 -0.068816
v -0.000000 -1.106210 -0.068816
v 0.136607 -1.106210 -0.068816
v 0.083945 -1.196488 -0.068816
v -0.000000 -1.106210 -0.068816
v 0.083945 -1.196488 -0.068816
v -0.000000 -1.196488 -0.068816
v -0.000000 -1.242084 -0.000000
v -0.000000 -1.242084 -0.068816
v 0.014983 -1.236611 -0.068816
v -0.000000 -1.242084 -0.000000
v 0.014983 -1.236611 -0.068816
v 0.014983 -1.236611 0.000000
v -0.000000 -1.196488 -0.068816
v 0.083945 -1.196488 -0.068816
v 0.014983 -1.236611 -0.068816
v -0.000000 -1.196488 -0.068816
v 0.014983 -1.236611 -0.068816
v -0.000000 -1.242084 -0.068816
v 0.127830 0.356982 -0.068816
v 0.127830 0.406815 -0.068816
v 0.184254 0.406815 -0.068816
v 0.127830 0.356982 -0.068816
v 0.184254 0.406815 -0.068816
v 0.184254 0.356982 -0.068816
v 0.290309 0.406815 0.000000
v 0.290309 0.406815 -0.068816
v 0.396364 0.406815 -0.068816
v 0.290309 0.406815 0.000000
v 0.396364 0.406815 -0.068816
v 0.396364 0.406815 0.000000
v 0.396364 0.406815 0.000000
v 0.396364 0.406815 -0.068816
v 0.506704 0.269165 -0.068816
v 0.396364 0.406815 0.000000
v 0.506704 0.269165 -0.068816
v 0.506704 0.269165 0.000000
v 0.506704 0.269165 0.000000
v 0.506704 0.269165 -0.068816
v 0.594474 0.315697 -0.068816
v 0.506704 0.269165 0.000000
v 0.594474 0.315697 -0.068816
v 0.594474 0.315697 0.000000
v 0.594474 0.315697 0.000000
v 0.594474 0.315697 -0.068816
v 0.649644 0.401973 -0.068816
v 0.594474 0.315697 0.000000
v 0.649644 0.401973 -0.068816
v 0.649644 0.401973 0.000000
v 0.649644 0.401973 0.000000
v 0.649644 0.401973 -0.068816
v 0.741175 0.436583 -0.068816
v 0.649644 0.401973 0.000000
v 0.741175 0.436583 -0.068816
v 0.741175 0.436583 0.000000
v 0.741175 0.436583 0.000000
v 0.741175 0.436583 -0.068816
v 0.803868 0.507794 -0.068816
v 0.741175 0.436583 0.000000
v 0.803868 0.507794 -0.068816
v 0.803868 0.507794 0.000000
v 0.649644 0.401973 -0.068816
v 0.649644 0.520822 -0.068816
v 0.741175 0.520822 -0.068816
v 0.649644 0.401973 -0.068816
v 0.741175 0.520822 -0.068816
v 0.741175 0.436583 -0.068816
v 0.741175 0.436583 -0.068816
v 0.741175 0.520822 -0.068816
v 0.818094 0.520822 -0.068816
v 0.741175 0.436583 -0.068816
v 0.818094 0.520822 -0.068816
v 0.803868 0.507794 -0.068816
v 0.506704 0.269165 -0.068816
v 0.506704 0.520822 -0.068816
v 0.594474 0.520822 -0.068816
v 0.506704 0.269165 -0.068816
v 0.594474 0.520822 -0.068816
v 0.594474 0.315697 -0.068816
v 0.594474 0.315697 -0.068816
v 0.594474 0.520822 -0.068816
v 0.649644 0.520822 -0.068816
v 0.594474 0.315697 -0.068816
v 0.649644 0.520822 -0.068816
v 0.649644 0.401973 -0.068816
v 0.396364 0.406815 -0.068816
v 0.396364 0.520822 -0.068816
v 0.506704 0.520822 -0.068816
v 0.396364 0.406815 -0.068816
v 0.506704 0.520822 -0.068816
v 0.506704 0.269165 -0.068816
v 0.290309 0.406815 -0.068816
v 0.290309 0.520822 -0.068816
v 0.396364 0.520822 -0.068816
v 0.290309 0.406815 -0.068816
v 0.396364 0.520822 -0.068816
v 0.396364 0.406815 -0.068816
v 0.127830 0.406815 -0.068816
v 0.127830 0.520822 -0.068816
v 0.184254 0.520822 -0.068816
v 0.127830 0.406815 -0.068816
v 0.184254 0.520822 -0.068816
v 0.184254 0.406815 -0.068816
v 0.000000 0.356982 -0.068816
v 0.127830 0.356982 -0.068816
v 0.127830 0.155121 -0.068816
v 0.000000 0.356982 -0.068816
v 0.127830 0.155121 -0.068816
v 0.000000 0.155120 -0.068816
v 0.000000 0.155120 -0.068816
v 0.127830 0.155121 -0.068816
v 0.127830 -0.046740 -0.068816
v 0.000000 0.155120 -0.068816
v 0.127830 -0.046740 -0.068816
v -0.000000 -0.046741 -0.068816
v -0.000000 -0.046741 -0.068816
v 0.127830 -0.046740 -0.068816
v 0.127830 -0.248602 -0.068816
v -0.000000 -0.046741 -0.068816
v 0.127830 -0.248602 -0.068816
v -0.000000 -0.248602 -0.068816
v -0.000000 -0.248602 -0.068816
v 0.127830 -0.248602 -0.068816
v 0.127830 -0.450463 -0.068816
v -0.000000 -0.248602 -0.068816
v 0.127830 -0.450463 -0.068816
v -0.000000 -0.450463 -0.068816
v -0.000000 -0.450463 -0.068816
v 0.127830 -0.450463 -0.068816
v 0.127830 -0.652324 -0.068816
v -0.000000 -0.450463 -0.068816
v 0.127830 -0.652324 -0.068816
v -0.000000 -0.652324 -0.068816
v 0.000000 0.356982 -0.068816
v 0.000000 0.155120 -0.068816
v -0.127830 0.155121 -0.068816
v 0.000000 0.356982 -0.068816
v -0.127830 0.155121 -0.068816
v -0.127830 0.356982 -0.068816
v 0.000000 0.155120 -0.068816
v -0.000000 -0.046741 -0.068816
v -0.127830 -0.046740 -0.068816
v 0.000000 0.155120 -0.068816
v -0.127830 -0.046740 -0.068816
v -0.127830 0.155121 -0.068816
v -0.000000 -0.046741 -0.068816
v -0.000000 -0.248602 -0.068816
v -0.127830 -0.248601 -0.068816
v -0.000000 -0.046741 -0.068816
v -0.127830 -0.248601 -0.068816
v -0.127830 -0.046740 -0.068816
v -0.000000 -0.248602 -0.068816
v -0.000000 -0.450463 -0.068816
v -0.127830 -0.450463 -0.068816
v -0.000000 -0.248602 -0.068816
v -0.127830 -0.450463 -0.068816
v -0.127830 -0.248601 -0.068816
v -0.000000 -0.450463 -0.068816
v -0.000000 -0.652324 -0.068816
v -0.127830 -0.652324 -0.068816
v -0.000000 -0.450463 -0.068816
v -0.127830 -0.652324 -0.068816
v -0.127830 -0.450463 -0.068816
v 0.000000 0.684663 -0.068816
v 0.000000 0.800580 -0.068816
v 0.127830 0.800580 -0.068816
v 0.000000 0.684663 -0.068816
v 0.127830 0.800580 -0.068816
v 0.127830 0.684663 -0.068816
v 0.000000 0.684663 -0.068816
v -0.127830 0.684663 -0.068816
v -0.127830 0.800580 -0.068816
v 0.000000 0.684663 -0.068816
v -0.127830 0.800580 -0.068816
v 0.000000 0.800580 -0.068816
v 0.184254 0.406815 -0.068816
v 0.184254 0.520822 -0.068816
v 0.290309 0.520822 -0.068816
v 0.184254 0.406815 -0.068816
v 0.290309 0.520822 -0.068816
v 0.290309 0.406815 -0.068816
v 0.184254 0.406815 0.000000
v 0.184254 0.406815 -0.068816
v 0.290309 0.406815 -0.068816
v 0.184254 0.406815 0.000000
v 0.290309 0.406815 -0.068816
v 0.290309 0.406815 0.000000
v 0.184254 0.634830 -0.068816
v 0.290309 0.634830 -0.068816
v 0.290309 0.520822 -0.068816
v 0.184254 0.634830 -0.068816
v 0.290309 0.520822 -0.068816
v 0.184254 0.520822 -0.068816
v 0.184254 0.634830 0.000000
v 0.290309 0.634830 0.000000
v 0.290309 0.634830 -0.068816
v 0.184254 0.634830 0.000000
v 0.290309 0.634830 -0.068816
v 0.184254 0.634830 -0.068816
v -0.184254 0.406815 -0.068816
v -0.290309 0.406815 -0.068816
v -0.290309 0.520822 -0.068816
v -0.184254 0.406815 -0.068816
v -0.290309 0.520822 -0.068816
v -0.184253 0.520822 -0.068816
v -0.184254 0.406815 -0.000000
v -0.290309 0.406815 -0.000000
v -0.290309 0.406815 -0.068816
v -0.184254 0.406815 -0.000000
v -0.290309 0.406815 -0.068816
v -0.184254 0.406815 -0.068816
v -0.184253 0.634830 -0.068816
v -0.184253 0.520822 -0.068816
v -0.290309 0.520822 -0.068816
v -0.184253 0.634830 -0.068816
v -0.290309 0.520822 -0.068816
v -0.290309 0.634830 -0.068816
v -0.184253 0.634830 -0.000000
v -0.184253 0.634830 -0.068816
v -0.290309 0.634830 -0.068816
v -0.184253 0.634830 -0.000000
v -0.290309 0.634830 -0.068816
v -0.290309 0.634830 -0.000000
v -0.127830 0.684663 -0.068816
v -0.127830 0.684663 -0.000000
v -0.127830 0.800580 -0.000000
v -0.127830 0.684663 -0.068816
v -0.127830 0.800580 -0.000000
v -0.127830 0.800580 -0.068816
v 0.127830 0.684663 -0.068816
v 0.127830 0.800580 -0.068816
v 0.127830 0.800580 0.000000
v 0.127830 0.684663 -0.068816
v 0.127830 0.800580 0.000000
v 0.127830 0.684663 0.000000
v -0.127830 -0.450463 -0.068816
v -0.127830 -0.652324 -0.068816
v -0.127830 -0.652324 -0.000000
v -0.127830 -0.450463 -0.068816
v -0.127830 -0.652324 -0.000000
v -0.127830 -0.450463 -0.000000
v -0.127830 -0.248601 -0.068816
v -0.127830 -0.450463 -0.068816
v -0.127830 -0.450463 -0.000000
v -0.127830 -0.248601 -0.068816
v -0.127830 -0.450463 -0.000000
v -0.127830 -0.248602 -0.000000
v -0.127830 -0.046740 -0.068816
v -0.127830 -0.248601 -0.068816
v -0.127830 -0.248602 -0.000000
v -0.127830 -0.046740 -0.068816
v -0.127830 -0.248602 -0.000000
v -0.127830 -0.046740 -0.000000
v -0.127830 0.155121 -0.068816
v -0.127830 -0.046740 -0.068816
v -0.127830 -0.046740 -0.000000
v -0.127830 0.155121 -0.068816
v -0.127830 -0.046740 -0.000000
v -0.127830 0.155121 -0.000000
v -0.127830 0.356982 -0.068816
v -0.127830 0.155121 -0.068816
v -0.127830 0.155121 -0.000000
v -0.127830 0.356982 -0.068816
v -0.127830 0.155121 -0.000000
v -0.127830 0.356982 -0.000000
v 0.127830 -0.450463 -0.068816
v 0.127830 -0.450463 0.000000
v 0.127830 -0.652324 0.000000
v 0.127830 -0.450463 -0.068816
v 0.127830 -0.652324 0.000000
v 0.127830 -0.652324 -0.068816
v 0.127830 -0.248602 -0.068816
v 0.127830 -0.248602 0.000000
v 0.127830 -0.450463 0.000000
v 0.127830 -0.248602 -0.068816
v 0.127830 -0.450463 0.000000
v 0.127830 -0.450463 -0.068816
v 0.127830 -0.046740 -0.068816
v 0.127830 -0.046741 0.000000
v 0.127830 -0.248602 0.000000
v 0.127830 -0.046740 -0.068816
v 0.127830 -0.248602 0.000000
v 0.127830 -0.248602 -0.068816
v 0.127830 0.155121 -0.068816
v 0.127830 0.155121 0.000000
v 0.127830 -0.046741 0.000000
v 0.127830 0.155121 -0.068816
v 0.127830 -0.046741 0.000000
v 0.127830 -0.046740 -0.068816
v 0.127830 0.356982 -0.068816
v 0.127830 0.356982 0.000000
v 0.127830 0.155121 0.000000
v 0.127830 0.356982 -0.068816
v 0.127830 0.155121 0.000000
v 0.127830 0.155121 -0.068816
v 0.818094 0.520822 -0.068816
v 0.818094 0.520822 0.000000
v 0.803868 0.507794 0.000000
v 0.818094 0.520822 -0.068816
v 0.803868 0.507794 0.000000
v 0.803868 0.507794 -0.068816
v 0.184254 0.406815 -0.068816
v 0.184254 0.406815 0.000000
v 0.184254 0.356982 0.000000
v 0.184254 0.406815 -0.068816
v 0.184254 0.356982 0.000000
v 0.184254 0.356982 -0.068816
v 0.083945 -1.196488 -0.068816
v 0.083945 -1.196488 0.000000
v 0.014983 -1.236611 0.000000
v 0.083945 -1.196488 -0.068816
v 0.014983 -1.236611 0.000000
v 0.014983 -1.236611 -0.068816
v 0.180492 -0.945716 -0.068816
v 0.180492 -0.945716 0.000000
v 0.263246 -0.993363 0.000000
v 0.180492 -0.945716 -0.068816
v 0.263246 -0.993363 0.000000
v 0.263246 -0.993363 -0.068816
v 0.127830 -0.854185 -0.068816
v 0.127830 -0.854185 0.000000
v 0.180492 -0.945716 0.000000
v 0.127830 -0.854185 -0.068816
v 0.180492 -0.945716 0.000000
v 0.180492 -0.945716 -0.068816
v 0.127830 -0.652324 -0.068816
v 0.127830 -0.652324 0.000000
v 0.127830 -0.854185 0.000000
v 0.127830 -0.652324 -0.068816
v 0.127830 -0.854185 0.000000
v 0.127830 -0.854185 -0.068816
v 0.216854 -1.066087 -0.068816
v 0.216854 -1.066087 0.000000
v 0.136607 -1.106210 0.000000
v 0.216854 -1.066087 -0.068816
v 0.136607 -1.106210 0.000000
v 0.136607 -1.106210 -0.068816
v 0.263246 -0.993363 -0.068816
v 0.263246 -0.993363 0.000000
v 0.216854 -1.066087 0.000000
v 0.263246 -0.993363 -0.068816
v 0.216854 -1.066087 0.000000
v 0.216854 -1.066087 -0.068816
v 0.136607 -1.106210 -0.068816
v 0.136607 -1.106210 0.000000
v 0.083945 -1.196488 0.000000
v 0.136607 -1.106210 -0.068816
v 0.083945 -1.196488 0.000000
v 0.083945 -1.196488 -0.068816
v -0.818094 0.520822 -0.068816
v -0.803868 0.507794 -0.068816
v -0.803868 0.507794 -0.000000
v -0.818094 0.520822 -0.068816
v -0.803868 0.507794 -0.000000
v -0.818094 0.520822 -0.000000
v -0.184254 0.406815 -0.068816
v -0.184254 0.356982 -0.068816
v -0.184254 0.356982 -0.000000
v -0.184254 0.406815 -0.068816
v -0.184254 0.356982 -0.000000
v -0.184254 0.406815 -0.000000
v -0.083945 -1.196488 -0.068816
v -0.014983 -1.236611 -0.068816
v -0.014983 -1.236611 -0.000000
v -0.083945 -1.196488 -0.068816
v -0.014983 -1.236611 -0.000000
v -0.083945 -1.196488 -0.000000
v -0.180492 -0.945716 -0.068816
v -0.263247 -0.993363 -0.068816
v -0.263247 -0.993363 -0.000000
v -0.180492 -0.945716 -0.068816
v -0.263247 -0.993363 -0.000000
v -0.180492 -0.945716 -0.000000
v -0.127830 -0.854185 -0.068816
v -0.180492 -0.945716 -0.068816
v -0.180492 -0.945716 -0.000000
v -0.127830 -0.854185 -0.068816
v -0.180492 -0.945716 -0.000000
v -0.127830 -0.854185 -0.000000
v -0.127830 -0.652324 -0.068816
v -0.127830 -0.854185 -0.068816
v -0.127830 -0.854185 -0.000000
v -0.127830 -0.652324 -0.068816
v -0.127830 -0.854185 -0.000000
v -0.127830 -0.652324 -0.000000
v -0.216854 -1.066087 -0.068816
v -0.136607 -1.106210 -0.068816
v -0.136607 -1.106210 -0.000000
v -0.216854 -1.066087 -0.068816
v -0.136607 -1.106210 -0.000000
v -0.216854 -1.066087 -0.000000
v -0.263247 -0.993363 -0.068816
v -0.216854 -1.066087 -0.068816
v -0.216854 -1.066087 -0.000000
v -0.263247 -0.993363 -0.068816
v -0.216854 -1.066087 -0.000000
v -0.263247 -0.993363 -0.000000
v -0.136607 -1.106210 -0.068816
v -0.083945 -1.196488 -0.068816
v -0.083945 -1.196488 -0.000000
v -0.136607 -1.106210 -0.068816
v -0.083945 -1.196488 -0.000000
v -0.136607 -1.106210 -0.000000
v 0.818094 0.520822 -0.068816
v 0.803868 0.533851 -0.068816
v 0.803868 0.533851 0.000000
v 0.818094 0.520822 -0.068816
v 0.803868 0.533851 0.000000
v 0.818094 0.520822 0.000000
v 0.184254 0.634830 -0.068816
v 0.184254 0.684663 -0.068816
v 0.184254 0.684663 0.000000
v 0.184254 0.634830 -0.068816
v 0.184254 0.684663 0.000000
v 0.184254 0.634830 0.000000
v 0.083945 1.258799 -0.068816
v 0.014983 1.298922 -0.068816
v 0.014983 1.298922 0.000000
v 0.083945 1.258799 -0.068816
v 0.014983 1.298922 0.000000
v 0.083945 1.258799 0.000000
v 0.180492 1.008028 -0.068816
v 0.263247 1.055674 -0.068816
v 0.263247 1.055674 0.000000
v 0.180492 1.008028 -0.068816
v 0.263247 1.055674 0.000000
v 0.180492 1.008028 0.000000
v 0.127830 0.916496 -0.068816
v 0.180492 1.008028 -0.068816
v 0.180492 1.008028 0.000000
v 0.127830 0.916496 -0.068816
v 0.180492 1.008028 0.000000
v 0.127830 0.916496 0.000000
v 0.127830 0.800580 -0.068816
v 0.127830 0.916496 -0.068816
v 0.127830 0.916496 0.000000
v 0.127830 0.800580 -0.068816
v 0.127830 0.916496 0.000000
v 0.127830 0.800580 0.000000
v 0.216854 1.128398 -0.068816
v 0.136607 1.168521 -0.068816
v 0.136607 1.168521 0.000000
v 0.216854 1.128398 -0.068816
v 0.136607 1.168521 0.000000
v 0.216854 1.128398 0.000000
v 0.263247 1.055674 -0.068816
v 0.216854 1.128398 -0.068816
v 0.216854 1.128398 0.000000
v 0.263247 1.055674 -0.068816
v 0.216854 1.128398 0.000000
v 0.263247 1.055674 0.000000
v 0.136607 1.168521 -0.068816
v 0.083945 1.258799 -0.068816
v 0.083945 1.258799 0.000000
v 0.136607 1.168521 -0.068816
v 0.083945 1.258799 0.000000
v 0.136607 1.168521 0.000000
v -0.818094 0.520822 -0.068816
v -0.818094 0.520822 -0.000000
v -0.803868 0.533851 -0.000000
v -0.818094 0.520822 -0.068816
v -0.803868 0.533851 -0.000000
v -0.803868 0.533851 -0.068816
v -0.184253 0.634830 -0.068816
v -0.184253 0.634830 -0.000000
v -0.184253 0.684663 -0.000000
v -0.184253 0.634830 -0.068816
v -0.184253 0.684663 -0.000000
v -0.184253 0.684663 -0.068816
v -0.083945 1.258799 -0.068816
v -0.083945 1.258799 -0.000000
v -0.014983 1.298922 -0.000000
v -0.083945 1.258799 -0.068816
v -0.014983 1.298922 -0.000000
v -0.014983 1.298922 -0.068816
v -0.180492 1.008028 -0.068816
v -0.180492 1.008028 -0.000000
v -0.263246 1.055674 -0.000000
v -0.180492 1.008028 -0.068816
v -0.263246 1.055674 -0.000000
v -0.263246 1.055674 -0.068816
v -0.127830 0.916496 -0.068816
v -0.127830 0.916496 -0.000000
v -0.180492 1.008028 -0.000000
v -0.127830 0.916496 -0.068816
v -0.180492 1.008028 -0.000000
v -0.180492 1.008028 -0.068816
v -0.127830 0.800580 -0.068816
v -0.127830 0.800580 -0.000000
v -0.127830 0.916496 -0.000000
v -0.127830 0.800580 -0.068816
v -0.127830 0.916496 -0.000000
v -0.127830 0.916496 -0.068816
v -0.216854 1.128398 -0.068816
v -0.216854 1.128398 -0.000000
v -0.136607 1.168521 -0.000000
v -0.216854 1.128398 -0.068816
v -0.136607 1.168521 -0.000000
v -0.136607 1.168521 -0.068816
v -0.263246 1.055674 -0.068816
v -0.263246 1.055674 -0.000000
v -0.216854 1.128398 -0.000000
v -0.263246 1.055674 -0.068816
v -0.216854 1.128398 -0.000000
v -0.216854 1.128398 -0.068816
v -0.136607 1.168521 -0.068816
v -0.136607 1.168521 -0.000000
v -0.083945 1.258799 -0.000000
v -0.136607 1.168521 -0.068816
v -0.083945 1.258799 -0.000000
v -0.083945 1.258799 -0.068816
v 0.000000 0.634830 0.068816
v 0.000000 0.684663 0.068816
v -0.127830 0.684663 0.068816
v 0.000000 0.634830 0.068816
v -0.127830 0.684663 0.068816
v -0.127830 0.634830 0.068816
v 0.000000 0.520822 0.068816
v 0.000000 0.634830 0.068816
v -0.127830 0.634830 0.068816
v 0.000000 0.520822 0.068816
v -0.127830 0.634830 0.068816
v -0.127830 0.520822 0.068816
v -0.127830 0.684663 -0.000000
v -0.184253 0.684663 -0.000000
v -0.184253 0.684663 0.068816
v -0.127830 0.684663 -0.000000
v -0.184253 0.684663 0.068816
v -0.127830 0.684663 0.068816
v 0.000000 1.008028 0.068816
v 0.000000 1.055674 0.068816
v -0.263246 1.055674 0.068816
v 0.000000 1.008028 0.068816
v -0.263246 1.055674 0.068816
v -0.180492 1.008028 0.068816
v 0.000000 1.055674 0.068816
v 0.000000 1.128398 0.068816
v -0.216854 1.128398 0.068816
v 0.000000 1.055674 0.068816
v -0.216854 1.128398 0.068816
v -0.263246 1.055674 0.068816
v 0.000000 0.916496 0.068816
v 0.000000 1.008028 0.068816
v -0.180492 1.008028 0.068816
v 0.000000 0.916496 0.068816
v -0.180492 1.008028 0.068816
v -0.127830 0.916496 0.068816
v 0.000000 0.800580 0.068816
v 0.000000 0.916496 0.068816
v -0.127830 0.916496 0.068816
v 0.000000 0.800580 0.068816
v -0.127830 0.916496 0.068816
v -0.127830 0.800580 0.068816
v 0.000000 1.128398 0.068816
v 0.000000 1.168521 0.068816
v -0.136607 1.168521 0.068816
v 0.000000 1.128398 0.068816
v -0.136607 1.168521 0.068816
v -0.216854 1.128398 0.068816
v 0.000000 1.168521 0.068816
v 0.000000 1.258799 0.068816
v -0.083945 1.258799 0.068816
v 0.000000 1.168521 0.068816
v -0.083945 1.258799 0.068816
v -0.136607 1.168521 0.068816
v 0.000000 1.303756 0.000000
v -0.014983 1.298922 -0.000000
v -0.014983 1.298922 0.068816
v 0.000000 1.303756 0.000000
v -0.014983 1.298922 0.068816
v 0.000000 1.303756 0.068816
v 0.000000 1.258799 0.068816
v 0.000000 1.303756 0.068816
v -0.014983 1.298922 0.068816
v 0.000000 1.258799 0.068816
v -0.014983 1.298922 0.068816
v -0.083945 1.258799 0.068816
v -0.127830 0.684663 0.068816
v -0.184253 0.684663 0.068816
v -0.184253 0.634830 0.068816
v -0.127830 0.684663 0.068816
v -0.184253 0.634830 0.068816
v -0.127830 0.634830 0.068816
v -0.290309 0.634830 -0.000000
v -0.396364 0.634830 -0.000000
v -0.396364 0.634830 0.068816
v -0.290309 0.634830 -0.000000
v -0.396364 0.634830 0.068816
v -0.290309 0.634830 0.068816
v -0.396364 0.634830 -0.000000
v -0.506704 0.772479 -0.000000
v -0.506704 0.772479 0.068816
v -0.396364 0.634830 -0.000000
v -0.506704 0.772479 0.068816
v -0.396364 0.634830 0.068816
v -0.506704 0.772479 -0.000000
v -0.594474 0.725948 -0.000000
v -0.594474 0.725948 0.068816
v -0.506704 0.772479 -0.000000
v -0.594474 0.725948 0.068816
v -0.506704 0.772479 0.068816
v -0.594474 0.725948 -0.000000
v -0.649643 0.639671 -0.000000
v -0.649643 0.639671 0.068816
v -0.594474 0.725948 -0.000000
v -0.649643 0.639671 0.068816
v -0.594474 0.725948 0.068816
v -0.649643 0.639671 -0.000000
v -0.741175 0.605061 -0.000000
v -0.741175 0.605061 0.068816
v -0.649643 0.639671 -0.000000
v -0.741175 0.605061 0.068816
v -0.649643 0.639671 0.068816
v -0.741175 0.605061 -0.000000
v -0.803868 0.533851 -0.000000
v -0.803868 0.533851 0.068816
v -0.741175 0.605061 -0.000000
v -0.803868 0.533851 0.068816
v -0.741175 0.605061 0.068816
v -0.649643 0.639671 0.068816
v -0.741175 0.605061 0.068816
v -0.741175 0.520822 0.068816
v -0.649643 0.639671 0.068816
v -0.741175 0.520822 0.068816
v -0.649643 0.520822 0.068816
v -0.741175 0.605061 0.068816
v -0.803868 0.533851 0.068816
v -0.818094 0.520822 0.068816
v -0.741175 0.605061 0.068816
v -0.818094 0.520822 0.068816
v -0.741175 0.520822 0.068816
v -0.506704 0.772479 0.068816
v -0.594474 0.725948 0.068816
v -0.594474 0.520822 0.068816
v -0.506704 0.772479 0.068816
v -0.594474 0.520822 0.068816
v -0.506704 0.520822 0.068816
v -0.594474 0.725948 0.068816
v -0.649643 0.639671 0.068816
v -0.649643 0.520822 0.068816
v -0.594474 0.725948 0.068816
v -0.649643 0.520822 0.068816
v -0.594474 0.520822 0.068816
v -0.396364 0.634830 0.068816
v -0.506704 0.772479 0.068816
v -0.506704 0.520822 0.068816
v -0.396364 0.634830 0.068816
v -0.506704 0.520822 0.068816
v -0.396364 0.520822 0.068816
v -0.290309 0.634830 0.068816
v -0.396364 0.634830 0.068816
v -0.396364 0.520822 0.068816
v -0.290309 0.634830 0.068816
v -0.396364 0.520822 0.068816
v -0.290309 0.520822 0.068816
v -0.127830 0.634830 0.068816
v -0.184253 0.634830 0.068816
v -0.184253 0.520822 0.068816
v -0.127830 0.634830 0.068816
v -0.184253 0.520822 0.068816
v -0.127830 0.520822 0.068816
v 0.000000 0.634830 0.068816
v 0.127830 0.634830 0.068816
v 0.127830 0.684663 0.068816
v 0.000000 0.634830 0.068816
v 0.127830 0.684663 0.068816
v 0.000000 0.684663 0.068816
v 0.000000 0.520822 0.068816
v 0.127830 0.520822 0.068816
v 0.127830 0.634830 0.068816
v 0.000000 0.520822 0.068816
v 0.127830 0.634830 0.068816
v 0.000000 0.634830 0.068816
v 0.127830 0.684663 0.000000
v 0.127830 0.684663 0.068816
v 0.184254 0.684663 0.068816
v 0.127830 0.684663 0.000000
v 0.184254 0.684663 0.068816
v 0.184254 0.684663 0.000000
v 0.000000 1.008028 0.068816
v 0.180492 1.008028 0.068816
v 0.263247 1.055674 0.068816
v 0.000000 1.008028 0.068816
v 0.263247 1.055674 0.068816
v 0.000000 1.055674 0.068816
v 0.000000 1.055674 0.068816
v 0.263247 1.055674 0.068816
v 0.216854 1.128398 0.068816
v 0.000000 1.055674 0.068816
v 0.216854 1.128398 0.068816
v 0.000000 1.128398 0.068816
v 0.000000 0.916496 0.068816
v 0.127830 0.916496 0.068816
v 0.180492 1.008028 0.068816
v 0.000000 0.916496 0.068816
v 0.180492 1.008028 0.068816
v 0.000000 1.008028 0.068816
v 0.000000 0.800580 0.068816
v 0.127830 0.800580 0.068816
v 0.127830 0.916496 0.068816
v 0.000000 0.800580 0.068816
v 0.127830 0.916496 0.068816
v 0.000000 0.916496 0.068816
v 0.000000 1.128398 0.068816
v 0.216854 1.128398 0.068816
v 0.136607 1.168521 0.068816
v 0.000000 1.128398 0.068816
v 0.136607 1.168521 0.068816
v 0.000000 1.168521 0.068816
v 0.000000 1.168521 0.068816
v 0.136607 1.168521 0.068816
v 0.083945 1.258799 0.068816
v 0.000000 1.168521 0.068816
v 0.083945 1.258799 0.068816
v 0.000000 1.258799 0.068816
v 0.000000 1.303756 0.000000
v 0.000000 1.303756 0.068816
v 0.014983 1.298922 0.068816
v 0.000000 1.303756 0.000000
v 0.014983 1.298922 0.068816
v 0.014983 1.298922 0.000000
v 0.000000 1.258799 0.068816
v 0.083945 1.258799 0.068816
v 0.014983 1.298922 0.068816
v 0.000000 1.258799 0.068816
v 0.014983 1.298922 0.068816
v 0.000000 1.303756 0.068816
v 0.127830 0.684663 0.068816
v 0.127830 0.634830 0.068816
v 0.184254 0.634830 0.068816
v 0.127830 0.684663 0.068816
v 0.184254 0.634830 0.068816
v 0.184254 0.684663 0.068816
v 0.290309 0.634830 0.000000
v 0.290309 0.634830 0.068816
v 0.396364 0.634830 0.068816
v 0.290309 0.634830 0.000000
v 0.396364 0.634830 0.068816
v 0.396364 0.634830 0.000000
v 0.396364 0.634830 0.000000
v 0.396364 0.634830 0.068816
v 0.506704 0.772479 0.068816
v 0.396364 0.634830 0.000000
v 0.506704 0.772479 0.068816
v 0.506704 0.772479 0.000000
v 0.506704 0.772479 0.000000
v 0.506704 0.772479 0.068816
v 0.594474 0.725947 0.068816
v 0.506704 0.772479 0.000000
v 0.594474 0.725947 0.068816
v 0.594474 0.725947 0.000000
v 0.594474 0.725947 0.000000
v 0.594474 0.725947 0.068816
v 0.649644 0.639671 0.068816
v 0.594474 0.725947 0.000000
v 0.649644 0.639671 0.068816
v 0.649644 0.639671 0.000000
v 0.649644 0.639671 0.000000
v 0.649644 0.639671 0.068816
v 0.741175 0.605061 0.068816
v 0.649644 0.639671 0.000000
v 0.741175 0.605061 0.068816
v 0.741175 0.605061 0.000000
v 0.741175 0.605061 0.000000
v 0.741175 0.605061 0.068816
v 0.803868 0.533851 0.068816
v 0.741175 0.605061 0.000000
v 0.803868 0.533851 0.068816
v 0.803868 0.533851 0.000000
v 0.649644 0.639671 0.068816
v 0.649644 0.520822 0.068816
v 0.741175 0.520822 0.068816
v 0.649644 0.639671 0.068816
v 0.741175 0.520822 0.068816
v 0.741175 0.605061 0.068816
v 0.741175 0.605061 0.068816
v 0.741175 0.520822 0.068816
v 0.818094 0.520822 0.068816
v 0.741175 0.605061 0.068816
v 0.818094 0.520822 0.068816
v 0.803868 0.533851 0.068816
v 0.506704 0.772479 0.068816
v 0.506704 0.520822 0.068816
v 0.594474 0.520822 0.068816
v 0.506704 0.772479 0.068816
v 0.594474 0.520822 0.068816
v 0.594474 0.725947 0.068816
v 0.594474 0.725947 0.068816
v 0.594474 0.520822 0.068816
v 0.649644 0.520822 0.068816
v 0.594474 0.725947 0.068816
v 0.649644 0.520822 0.068816
v 0.649644 0.639671 0.068816
v 0.396364 0.634830 0.068816
v 0.396364 0.520822 0.068816
v 0.506704 0.520822 0.068816
v 0.396364 0.634830 0.068816
v 0.506704 0.520822 0.068816
v 0.506704 0.772479 0.068816
v 0.290309 0.634830 0.068816
v 0.290309 0.520822 0.068816
v 0.396364 0.520822 0.068816
v 0.290309 0.634830 0.068816
v 0.396364 0.520822 0.068816
v 0.396364 0.634830 0.068816
v 0.127830 0.634830 0.068816
v 0.127830 0.520822 0.068816
v 0.184254 0.520822 0.068816
v 0.127830 0.634830 0.068816
v 0.184254 0.520822 0.068816
v 0.184254 0.634830 0.068816
v 0.000000 0.406815 0.068816
v -0.127830 0.406815 0.068816
v -0.127830 0.356982 0.068816
v 0.000000 0.406815 0.068816
v -0.127830 0.356982 0.068816
v 0.000000 0.356982 0.068816
v 0.000000 0.520822 0.068816
v -0.127830 0.520822 0.068816
v -0.127830 0.406815 0.068816
v 0.000000 0.520822 0.068816
v -0.127830 0.406815 0.068816
v 0.000000 0.406815 0.068816
v -0.127830 0.356982 -0.000000
v -0.127830 0.356982 0.068816
v -0.184254 0.356982 0.068816
v -0.127830 0.356982 -0.000000
v -0.184254 0.356982 0.068816
v -0.184254 0.356982 -0.000000
v -0.000000 -0.945716 0.068816
v -0.180492 -0.945716 0.068816
v -0.263247 -0.993363 0.068816
v -0.000000 -0.945716 0.068816
v -0.263247 -0.993363 0.068816
v -0.000000 -0.993363 0.068816
v -0.000000 -0.993363 0.068816
v -0.263247 -0.993363 0.068816
v -0.216854 -1.066087 0.068816
v -0.000000 -0.993363 0.068816
v -0.216854 -1.066087 0.068816
v -0.000000 -1.066087 0.068816
v -0.000000 -0.854185 0.068816
v -0.127830 -0.854185 0.068816
v -0.180492 -0.945716 0.068816
v -0.000000 -0.854185 0.068816
v -0.180492 -0.945716 0.068816
v -0.000000 -0.945716 0.068816
v -0.000000 -0.652324 0.068816
v -0.127830 -0.652324 0.068816
v -0.127830 -0.854185 0.068816
v -0.000000 -0.652324 0.068816
v -0.127830 -0.854185 0.068816
v -0.000000 -0.854185 0.068816
v -0.000000 -1.066087 0.068816
v -0.216854 -1.066087 0.068816
v -0.136607 -1.106210 0.068816
v -0.000000 -1.066087 0.068816
v -0.136607 -1.106210 0.068816
v -0.000000 -1.106210 0.068816
v -0.000000 -1.106210 0.068816
v -0.136607 -1.106210 0.068816
v -0.083945 -1.196488 0.068816
v -0.000000 -1.106210 0.068816
v -0.083945 -1.196488 0.068816
v -0.000000 -1.196488 0.068816
v -0.000000 -1.242084 -0.000000
v -0.000000 -1.242084 0.068816
v -0.014983 -1.236611 0.068816
v -0.000000 -1.242084 -0.000000
v -0.014983 -1.236611 0.068816
v -0.014983 -1.236611 -0.000000
v -0.000000 -1.196488 0.068816
v -0.083945 -1.196488 0.068816
v -0.014983 -1.236611 0.068816
v -0.000000 -1.196488 0.068816
v -0.014983 -1.236611 0.068816
v -0.000000 -1.242084 0.068816
v -0.127830 0.356982 0.068816
v -0.127830 0.406815 0.068816
v -0.184254 0.406815 0.068816
v -0.127830 0.356982 0.068816
v -0.184254 0.406815 0.068816
v -0.184254 0.356982 0.068816
v -0.290309 0.406815 -0.000000
v -0.290309 0.406815 0.068816
v -0.396364 0.406815 0.068816
v -0.290309 0.406815 -0.000000
v -0.396364 0.406815 0.068816
v -0.396364 0.406815 -0.000000
v -0.396364 0.406815 -0.000000
v -0.396364 0.406815 0.068816
v -0.506704 0.269165 0.068816
v -0.396364 0.406815 -0.000000
v -0.506704 0.269165 0.068816
v -0.506704 0.269165 -0.000000
v -0.506704 0.269165 -0.000000
v -0.506704 0.269165 0.068816
v -0.594474 0.315697 0.068816
v -0.506704 0.269165 -0.000000
v -0.594474 0.315697 0.068816
v -0.594474 0.315697 -0.000000
v -0.594474 0.315697 -0.000000
v -0.594474 0.315697 0.068816
v -0.649643 0.401974 0.068816
v -0.594474 0.315697 -0.000000
v -0.649643 0.401974 0.068816
v -0.649643 0.401974 -0.000000
v -0.649643 0.401974 -0.000000
v -0.649643 0.401974 0.068816
v -0.741175 0.436584 0.068816
v -0.649643 0.401974 -0.000000
v -0.741175 0.436584 0.068816
v -0.741175 0.436584 -0.000000
v -0.741175 0.436584 -0.000000
v -0.741175 0.436584 0.068816
v -0.803868 0.507794 0.068816
v -0.741175 0.436584 -0.000000
v -0.803868 0.507794 0.068816
v -0.803868 0.507794 -0.000000
v -0.649643 0.401974 0.068816
v -0.649643 0.520822 0.068816
v -0.741175 0.520822 0.068816
v -0.649643 0.401974 0.068816
v -0.741175 0.520822 0.068816
v -0.741175 0.436584 0.068816
v -0.741175 0.436584 0.068816
v -0.741175 0.520822 0.068816
v -0.818094 0.520822 0.068816
v -0.741175 0.436584 0.068816
v -0.818094 0.520822 0.068816
v -0.803868 0.507794 0.068816
v -0.506704 0.269165 0.068816
v -0.506704 0.520822 0.068816
v -0.594474 0.520822 0.068816
v -0.506704 0.269165 0.068816
v -0.594474 0.520822 0.068816
v -0.594474 0.315697 0.068816
v -0.594474 0.315697 0.068816
v -0.594474 0.520822 0.068816
v -0.649643 0.520822 0.068816
v -0.594474 0.315697 0.068816
v -0.649643 0.520822 0.068816
v -0.649643 0.401974 0.068816
v -0.396364 0.406815 0.068816
v -0.396364 0.520822 0.068816
v -0.506704 0.520822 0.068816
v -0.396364 0.406815 0.068816
v -0.506704 0.520822 0.068816
v -0.506704 0.269165 0.068816
v -0.290309 0.406815 0.068816
v -0.290309 0.520822 0.068816
v -0.396364 0.520822 0.068816
v -0.290309 0.406815 0.068816
v -0.396364 0.520822 0.068816
v -0.396364 0.406815 0.068816
v -0.127830 0.406815 0.068816
v -0.127830 0.520822 0.068816
v -0.184253 0.520822 0.068816
v -0.127830 0.406815 0.068816
v -0.184253 0.520822 0.068816
v -0.184254 0.406815 0.068816
v 0.000000 0.406815 0.068816
v 0.000000 0.356982 0.068816
v 0.127830 0.356982 0.068816
v 0.000000 0.406815 0.068816
v 0.127830 0.356982 0.068816
v 0.127830 0.406815 0.068816
v 0.000000 0.520822 0.068816
v 0.000000 0.406815 0.068816
v 0.127830 0.406815 0.068816
v 0.000000 0.520822 0.068816
v 0.127830 0.406815 0.068816
v 0.127830 0.520822 0.068816
v 0.127830 0.356982 0.000000
v 0.184254 0.356982 0.000000
v 0.184254 0.356982 0.068816
v 0.127830 0.356982 0.000000
v 0.184254 0.356982 0.068816
v 0.127830 0.356982 0.068816
v -0.000000 -0.945716 0.068816
v -0.000000 -0.993363 0.068816
v 0.263246 -0.993363 0.068816
v -0.000000 -0.945716 0.068816
v 0.263246 -0.993363 0.068816
v 0.180492 -0.945716 0.068816
v -0.000000 -0.993363 0.068816
v -0.000000 -1.066087 0.068816
v 0.216854 -1.066087 0.068816
v -0.000000 -0.993363 0.068816
v 0.216854 -1.066087 0.068816
v 0.263246 -0.993363 0.068816
v -0.000000 -0.854185 0.068816
v -0.000000 -0.945716 0.068816
v 0.180492 -0.945716 0.068816
v -0.000000 -0.854185 0.068816
v 0.180492 -0.945716 0.068816
v 0.127830 -0.854185 0.068816
v -0.000000 -0.652324 0.068816
v -0.000000 -0.854185 0.068816
v 0.127830 -0.854185 0.068816
v -0.000000 -0.652324 0.068816
v 0.127830 -0.854185 0.068816
v 0.127830 -0.652324 0.068816
v -0.000000 -1.066087 0.068816
v -0.000000 -1.106210 0.068816
v 0.136607 -1.106210 0.068816
v -0.000000 -1.066087 0.068816
v 0.136607 -1.106210 0.068816
v 0.216854 -1.066087 0.068816
v -0.000000 -1.106210 0.068816
v -0.000000 -1.196488 0.068816
v 0.083945 -1.196488 0.068816
v -0.000000 -1.106210 0.068816
v 0.083945 -1.196488 0.068816
v 0.136607 -1.106210 0.068816
v -0.000000 -1.242084 -0.000000
v 0.014983 -1.236611 0.000000
v 0.014983 -1.236611 0.068816
v -0.000000 -1.242084 -0.000000
v 0.014983 -1.236611 0.068816
v -0.000000 -1.242084 0.068816
v -0.000000 -1.196488 0.068816
v -0.000000 -1.242084 0.068816
v 0.014983 -1.236611 0.068816
v -0.000000 -1.196488 0.068816
v 0.014983 -1.236611 0.068816
v 0.083945 -1.196488 0.068816
v 0.127830 0.356982 0.068816
v 0.184254 0.356982 0.068816
v 0.184254 0.406815 0.068816
v 0.127830 0.356982 0.068816
v 0.184254 0.406815 0.068816
v 0.127830 0.406815 0.068816
v 0.290309 0.406815 0.000000
v 0.396364 0.406815 0.000000
v 0.396364 0.406815 0.068816
v 0.290309 0.406815 0.000000
v 0.396364 0.406815 0.068816
v 0.290309 0.406815 0.068816
v 0.396364 0.406815 0.000000
v 0.506704 0.269165 0.000000
v 0.506704 0.269165 0.068816
v 0.396364 0.406815 0.000000
v 0.506704 0.269165 0.068816
v 0.396364 0.406815 0.068816
v 0.506704 0.269165 0.000000
v 0.594474 0.315697 0.000000
v 0.594474 0.315697 0.068816
v 0.506704 0.269165 0.000000
v 0.594474 0.315697 0.068816
v 0.506704 0.269165 0.068816
v 0.594474 0.315697 0.000000
v 0.649644 0.401973 0.000000
v 0.649644 0.401973 0.068816
v 0.594474 0.315697 0.000000
v 0.649644 0.401973 0.068816
v 0.594474 0.315697 0.068816
v 0.649644 0.401973 0.000000
v 0.741175 0.436583 0.000000
v 0.741175 0.436583 0.068816
v 0.649644 0.401973 0.000000
v 0.741175 0.436583 0.068816
v 0.649644 0.401973 0.068816
v 0.741175 0.436583 0.000000
v 0.803868 0.507794 0.000000
v 0.803868 0.507794 0.068816
v 0.741175 0.436583 0.000000
v 0.803868 0.507794 0.068816
v 0.741175 0.436583 0.068816
v 0.649644 0.401973 0.068816
v 0.741175 0.436583 0.068816
v 0.741175 0.520822 0.068816
v 0.649644 0.401973 0.068816
v 0.741175 0.520822 0.068816
v 0.649644 0.520822 0.068816
v 0.741175 0.436583 0.068816
v 0.803868 0.507794 0.068816
v 0.818094 0.520822 0.068816
v 0.741175 0.436583 0.068816
v 0.818094 0.520822 0.068816
v 0.741175 0.520822 0.068816
v 0.506704 0.269165 0.068816
v 0.594474 0.315697 0.068816
v 0.594474 0.520822 0.068816
v 0.506704 0.269165 0.068816
v 0.594474 0.520822 0.068816
v 0.506704 0.520822 0.068816
v 0.594474 0.315697 0.068816
v 0.649644 0.401973 0.068816
v 0.649644 0.520822 0.068816
v 0.594474 0.315697 0.068816
v 0.649644 0.520822 0.068816
v 0.594474 0.520822 0.068816
v 0.396364 0.406815 0.068816
v 0.506704 0.269165 0.068816
v 0.506704 0.520822 0.068816
v 0.396364 0.406815 0.068816
v 0.506704 0.520822 0.068816
v 0.396364 0.520822 0.068816
v 0.290309 0.406815 0.068816
v 0.396364 0.406815 0.068816
v 0.396364 0.520822 0.068816
v 0.290309 0.406815 0.068816
v 0.396364 0.520822 0.068816
v 0.290309 0.520822 0.068816
v 0.127830 0.406815 0.068816
v 0.184254 0.406815 0.068816
v 0.184254 0.520822 0.068816
v 0.127830 0.406815 0.068816
v 0.184254 0.520822 0.068816
v 0.127830 0.520822 0.068816
v 0.000000 0.356982 0.068816
v 0.000000 0.155120 0.068816
v 0.127830 0.155121 0.068816
v 0.000000 0.356982 0.068816
v 0.127830 0.155121 0.068816
v 0.127830 0.356982 0.068816
v 0.000000 0.155120 0.068816
v -0.000000 -0.046741 0.068816
v 0.127830 -0.046740 0.068816
v 0.000000 0.155120 0.068816
v 0.127830 -0.046740 0.068816
v 0.127830 0.155121 0.068816
v -0.000000 -0.046741 0.068816
v -0.000000 -0.248602 0.068816
v 0.127830 -0.248602 0.068816
v -0.000000 -0.046741 0.068816
v 0.127830 -0.248602 0.068816
v 0.127830 -0.046740 0.068816
v -0.000000 -0.248602 0.068816
v -0.000000 -0.450463 0.068816
v 0.127830 -0.450463 0.068816
v -0.000000 -0.248602 0.068816
v 0.127830 -0.450463 0.068816
v 0.127830 -0.248602 0.068816
v -0.000000 -0.450463 0.068816
v -0.000000 -0.652324 0.068816
v 0.127830 -0.652324 0.068816
v -0.000000 -0.450463 0.068816
v 0.127830 -0.652324 0.068816
v 0.127830 -0.450463 0.068816
v 0.000000 0.356982 0.068816
v -0.127830 0.356982 0.068816
v -0.127830 0.155121 0.068816
v 0.000000 0.356982 0.068816
v -0.127830 0.155121 0.068816
v 0.000000 0.155120 0.068816
v 0.000000 0.155120 0.068816
v -0.127830 0.155121 0.068816
v -0.127830 -0.046740 0.068816
v 0.000000 0.155120 0.068816
v -0.127830 -0.046740 0.068816
v -0.000000 -0.046741 0.068816
v -0.000000 -0.046741 0.068816
v -0.127830 -0.046740 0.068816
v -0.127830 -0.248601 0.068816
v -0.000000 -0.046741 0.068816
v -0.127830 -0.248601 0.068816
v -0.000000 -0.248602 0.068816
v -0.000000 -0.248602 0.068816
v -0.127830 -0.248601 0.068816
v -0.127830 -0.450463 0.068816
v -0.000000 -0.248602 0.068816
v -0.127830 -0.450463 0.068816
v -0.000000 -0.450463 0.068816
v -0.000000 -0.450463 0.068816
v -0.127830 -0.450463 0.068816
v -0.127830 -0.652324 0.068816
v -0.000000 -0.450463 0.068816
v -0.127830 -0.652324 0.068816
v -0.000000 -0.652324 0.068816
v 0.000000 0.684663 0.068816
v 0.127830 0.684663 0.068816
v 0.127830 0.800580 0.068816
v 0.000000 0.684663 0.068816
v 0.127830 0.800580 0.068816
v 0.000000 0.800580 0.068816
v 0.000000 0.684663 0.068816
v 0.000000 0.800580 0.068816
v -0.127830 0.800580 0.068816
v 0.000000 0.684663 0.068816
v -0.127830 0.800580 0.068816
v -0.127830 0.684663 0.068816
v 0.184254 0.406815 0.068816
v 0.290309 0.406815 0.068816
v 0.290309 0.520822 0.068816
v 0.184254 0.406815 0.068816
v 0.290309 0.520822 0.068816
v 0.184254 0.520822 0.068816
v 0.184254 0.406815 0.000000
v 0.290309 0.406815 0.000000
v 0.290309 0.406815 0.068816
v 0.184254 0.406815 0.000000
v 0.290309 0.406815 0.068816
v 0.184254 0.406815 0.068816
v 0.184254 0.634830 0.068816
v 0.184254 0.520822 0.068816
v 0.290309 0.520822 0.068816
v 0.184254 0.634830 0.068816
v 0.290309 0.520822 0.068816
v 0.290309 0.634830 0.068816
v 0.184254 0.634830 0.000000
v 0.184254 0.634830 0.068816
v 0.290309 0.634830 0.068816
v 0.184254 0.634830 0.000000
v 0.290309 0.634830 0.068816
v 0.290309 0.634830 0.000000
v -0.184254 0.406815 0.068816
v -0.184253 0.520822 0.068816
v -0.290309 0.520822 0.068816
v -0.184254 0.406815 0.068816
v -0.290309 0.520822 0.068816
v -0.290309 0.406815 0.068816
v -0.184254 0.406815 -0.000000
v -0.184254 0.406815 0.068816
v -0.290309 0.406815 0.068816
v -0.184254 0.406815 -0.000000
v -0.290309 0.406815 0.068816
v -0.290309 0.406815 -0.000000
v -0.184253 0.634830 0.068816
v -0.290309 0.634830 0.068816
v -0.290309 0.520822 0.068816
v -0.184253 0.634830 0.068816
v -0.290309 0.520822 0.068816
v -0.184253 0.520822 0.068816
v -0.184253 0.634830 -0.000000
v -0.290309 0.634830 -0.000000
v -0.290309 0.634830 0.068816
v -0.184253 0.634830 -0.000000
v -0.290309 0.634830 0.068816
v -0.184253 0.634830 0.068816
v -0.127830 0.684663 0.068816
v -0.127830 0.800580 0.068816
v -0.127830 0.800580 -0.000000
v -0.127830 0.684663 0.068816
v -0.127830 0.800580 -0.000000
v -0.127830 0.684663 -0.000000
v 0.127830 0.684663 0.068816
v 0.127830 0.684663 0.000000
v 0.127830 0.800580 0.000000
v 0.127830 0.684663 0.068816
v 0.127830 0.800580 0.000000
v 0.127830 0.800580 0.068816
v -0.127830 -0.450463 0.068816
v -0.127830 -0.450463 -0.000000
v -0.127830 -0.652324 -0.000000
v -0.127830 -0.450463 0.068816
v -0.127830 -0.652324 -0.000000
v -0.127830 -0.652324 0.068816
v -0.127830 -0.248601 0.068816
v -0.127830 -0.248602 -0.000000
v -0.127830 -0.450463 -0.000000
v -0.127830 -0.248601 0.068816
v -0.127830 -0.450463 -0.000000
v -0.127830 -0.450463 0.068816
v -0.127830 -0.046740 0.068816
v -0.127830 -0.046740 -0.000000
v -0.127830 -0.248602 -0.000000
v -0.127830 -0.046740 0.068816
v -0.127830 -0.248602 -0.000000
v -0.127830 -0.248601 0.068816
v -0.127830 0.155121 0.068816
v -0.127830 0.155121 -0.000000
v -0.127830 -0.046740 -0.000000
v -0.127830 0.155121 0.068816
v -0.127830 -0.046740 -0.000000
v -0.127830 -0.046740 0.068816
v -0.127830 0.356982 0.068816
v -0.127830 0.356982 -0.000000
v -0.127830 0.155121 -0.000000
v -0.127830 0.356982 0.068816
v -0.127830 0.155121 -0.000000
v -0.127830 0.155121 0.068816
v 0.127830 -0.450463 0.068816
v 0.127830 -0.652324 0.068816
v 0.127830 -0.652324 0.000000
v 0.127830 -0.450463 0.068816
v 0.127830 -0.652324 0.000000
v 0.127830 -0.450463 0.000000
v 0.127830 -0.248602 0.068816
v 0.127830 -0.450463 0.068816
v 0.127830 -0.450463 0.000000
v 0.127830 -0.248602 0.068816
v 0.127830 -0.450463 0.000000
v 0.127830 -0.248602 0.000000
v 0.127830 -0.046740 0.068816
v 0.127830 -0.248602 0.068816
v 0.127830 -0.248602 0.000000
v 0.127830 -0.046740 0.068816
v 0.127830 -0.248602 0.000000
v 0.127830 -0.046741 0.000000
v 0.127830 0.155121 0.068816
v 0.127830 -0.046740 0.068816
v 0.127830 -0.046741 0.000000
v 0.127830 0.155121 0.068816
v 0.127830 -0.046741 0.000000
v 0.127830 0.155121 0.000000
v 0.127830 0.356982 0.068816
v 0.127830 0.155121 0.068816
v 0.127830 0.155121 0.000000
v 0.127830 0.356982 0.068816
v 0.127830 0.155121 0.000000
v 0.127830 0.356982 0.000000
v 0.818094 0.520822 0.068816
v 0.803868 0.507794 0.068816
v 0.803868 0.507794 0.000000
v 0.818094 0.520822 0.068816
v 0.803868 0.507794 0.000000
v 0.818094 0.520822 0.000000
v 0.184254 0.406815 0.068816
v 0.184254 0.356982 0.068816
v 0.184254 0.356982 0.000000
v 0.184254 0.406815 0.068816
v 0.184254 0.356982 0.000000
v 0.184254 0.406815 0.000000
v 0.083945 -1.196488 0.068816
v 0.014983 -1.236611 0.068816
v 0.014983 -1.236611 0.000000
v 0.083945 -1.196488 0.068816
v 0.014983 -1.236611 0.000000
v 0.083945 -1.196488 0.000000
v 0.180492 -0.945716 0.068816
v 0.263246 -0.993363 0.068816
v 0.263246 -0.993363 0.000000
v 0.180492 -0.945716 0.068816
v 0.263246 -0.993363 0.000000
v 0.180492 -0.945716 0.000000
v 0.127830 -0.854185 0.068816
v 0.180492 -0.945716 0.068816
v 0.180492 -0.945716 0.000000
v 0.127830 -0.854185 0.068816
v 0.180492 -0.945716 0.000000
v 0.127830 -0.854185 0.000000
v 0.127830 -0.652324 0.068816
v 0.127830 -0.854185 0.068816
v 0.127830 -0.854185 0.000000
v 0.127830 -0.652324 0.068816
v 0.127830 -0.854185 0.000000
v 0.127830 -0.652324 0.000000
v 0.216854 -1.066087 0.068816
v 0.136607 -1.106210 0.068816
v 0.136607 -1.106210 0.000000
v 0.216854 -1.066087 0.068816
v 0.136607 -1.106210 0.000000
v 0.216854 -1.066087 0.000000
v 0.263246 -0.993363 0.068816
v 0.216854 -1.066087 0.068816
v 0.216854 -1.066087 0.000000
v 0.263246 -0.993363 0.068816
v 0.216854 -1.066087 0.000000
v 0.263246 -0.993363 0.000000
v 0.136607 -1.106210 0.068816
v 0.083945 -1.196488 0.068816
v 0.083945 -1.196488 0.000000
v 0.136607 -1.106210 0.068816
v 0.083945 -1.196488 0.000000
v 0.136607 -1.106210 0.000000
v -0.818094 0.520822 0.068816
v -0.818094 0.520822 -0.000000
v -0.803868 0.507794 -0.000000
v -0.818094 0.520822 0.068816
v -0.803868 0.507794 -0.000000
v -0.803868 0.507794 0.068816
v -0.184254 0.406815 0.068816
v -0.184254 0.406815 -0.000000
v -0.184254 0.356982 -0.000000
v -0.184254 0.406815 0.068816
v -0.184254 0.356982 -0.000000
v -0.184254 0.356982 0.068816
v -0.083945 -1.196488 0.068816
v -0.083945 -1.196488 -0.000000
v -0.014983 -1.236611 -0.000000
v -0.083945 -1.196488 0.068816
v -0.014983 -1.236611 -0.000000
v -0.014983 -1.236611 0.068816
v -0.180492 -0.945716 0.068816
v -0.180492 -0.945716 -0.000000
v -0.263247 -0.993363 -0.000000
v -0.180492 -0.945716 0.068816
v -0.263247 -0.993363 -0.000000
v -0.263247 -0.993363 0.068816
v -0.127830 -0.854185 0.068816
v -0.127830 -0.854185 -0.000000
v -0.180492 -0.945716 -0.000000
v -0.127830 -0.854185 0.068816
v -0.180492 -0.945716 -0.000000
v -0.180492 -0.945716 0.068816
v -0.127830 -0.652324 0.068816
v -0.127830 -0.652324 -0.000000
v -0.127830 -0.854185 -0.000000
v -0.127830 -0.652324 0.068816
v -0.127830 -0.854185 -0.000000
v -0.127830 -0.854185 0.068816
v -0.216854 -1.066087 0.068816
v -0.216854 -1.066087 -0.000000
v -0.136607 -1.106210 -0.000000
v -0.216854 -1.066087 0.068816
v -0.136607 -1.106210 -0.000000
v -0.136607 -1.106210 0.068816
v -0.263247 -0.993363 0.068816
v -0.263247 -0.993363 -0.000000
v -0.216854 -1.066087 -0.000000
v -0.263247 -0.993363 0.068816
v -0.216854 -1.066087 -0.000000
v -0.216854 -1.066087 0.068816
v -0.136607 -1.106210 0.068816
v -0.136607 -1.106210 -0.000000
v -0.083945 -1.196488 -0.000000
v -0.136607 -1.106210 0.068816
v -0.083945 -1.196488 -0.000000
v -0.083945 -1.196488 0.068816
v 0.818094 0.520822 0.068816
v 0.818094 0.520822 0.000000
v 0.803868 0.533851 0.000000
v 0.818094 0.520822 0.068816
v 0.803868 0.533851 0.000000
v 0.803868 0.533851 0.068816
v 0.184254 0.634830 0.068816
v 0.184254 0.634830 0.000000
v 0.184254 0.684663 0.000000
v 0.184254 0.634830 0.068816
v 0.184254 0.684663 0.000000
v 0.184254 0.684663 0.068816
v 0.083945 1.258799 0.068816
v 0.083945 1.258799 0.000000
v 0.014983 1.298922 0.000000
v 0.083945 1.258799 0.068816
v 0.014983 1.298922 0.000000
v 0.014983 1.298922 0.068816
v 0.180492 1.008028 0.068816
v 0.180492 1.008028 0.000000
v 0.263247 1.055674 0.000000
v 0.180492 1.008028 0.068816
v 0.263247 1.055674 0.000000
v 0.263247 1.055674 0.068816
v 0.127830 0.916496 0.068816
v 0.127830 0.916496 0.000000
v 0.180492 1.008028 0.000000
v 0.127830 0.916496 0.068816
v 0.180492 1.008028 0.000000
v 0.180492 1.008028 0.068816
v 0.127830 0.800580 0.068816
v 0.127830 0.800580 0.000000
v 0.127830 0.916496 0.000000
v 0.127830 0.800580 0.068816
v 0.127830 0.916496 0.000000
v 0.127830 0.916496 0.068816
v 0.216854 1.128398 0.068816
v 0.216854 1.128398 0.000000
v 0.136607 1.168521 0.000000
v 0.216854 1.128398 0.068816
v 0.136607 1.168521 0.000000
v 0.136607 1.168521 0.068816
v 0.263247 1.055674 0.068816
v 0.263247 1.055674 0.000000
v 0.216854 1.128398 0.000000
v 0.263247 1.055674 0.068816
v 0.216854 1.128398 0.000000
v 0.216854 1.128398 0.068816
v 0.136607 1.168521 0.068816
v 0.136607 1.168521 0.000000
v 0.083945 1.258799 0.000000
v 0.136607 1.168521 0.068816
v 0.083945 1.258799 0.000000
v 0.083945 1.258799 0.068816
v -0.818094 0.520822 0.068816
v -0.803868 0.533851 0.068816
v -0.803868 0.533851 -0.000000
v -0.818094 0.520822 0.068816
v -0.803868 0.533851 -0.000000
v -0.818094 0.520822 -0.000000
v -0.184253 0.634830 0.068816
v -0.184253 0.684663 0.068816
v -0.184253 0.684663 -0.000000
v -0.184253 0.634830 0.068816
v -0.184253 0.684663 -0.000000
v -0.184253 0.634830 -0.000000
v -0.083945 1.258799 0.068816
v -0.014983 1.298922 0.068816
v -0.014983 1.298922 -0.000000
v -0.083945 1.258799 0.068816
v -0.014983 1.298922 -0.000000
v -0.083945 1.258799 -0.000000
v -0.180492 1.008028 0.068816
v -0.263246 1.055674 0.068816
v -0.263246 1.055674 -0.000000
v -0.180492 1.008028 0.068816
v -0.263246 1.055674 -0.000000
v -0.180492 1.008028 -0.000000
v -0.127830 0.916496 0.068816
v -0.180492 1.008028 0.068816
v -0.180492 1.008028 -0.000000
v -0.127830 0.916496 0.068816
v -0.180492 1.008028 -0.000000
v -0.127830 0.916496 -0.000000
v -0.127830 0.800580 0.068816
v -0.127830 0.916496 0.068816
v -0.127830 0.916496 -0.000000
v -0.127830 0.800580 0.068816
v -0.127830 0.916496 -0.000000
v -0.127830 0.800580 -0.000000
v -0.216854 1.128398 0.068816
v -0.136607 1.168521 0.068816
v -0.136607 1.168521 -0.000000
v -0.216854 1.128398 0.068816
v -0.136607 1.168521 -0.000000
v -0.216854 1.128398 -0.000000
v -0.263246 1.055674 0.068816
v -0.216854 1.128398 0.068816
v -0.216854 1.128398 -0.000000
v -0.263246 1.055674 0.068816
v -0.216854 1.128398 -0.000000
v -0.263246 1.055674 -0.000000
v -0.136607 1.168521 0.068816
v -0.083945 1.258799 0.068816
v -0.083945 1.258799 -0.000000
v -0.136607 1.168521 0.068816
v -0.083945 1.258799 -0.000000
v -0.136607 1.168521 -0.000000
# 2016 vertices

vn 0.000000 0.000000 -0.999969
vn -0.403937 0.914750 -0.000000
vn -0.971625 0.236469 -0.000000
vn -0.716500 0.697531 -0.000000
vn -0.870219 0.492625 -0.000000
vn -0.449562 0.893219 -0.000000
vn 0.000000 0.999969 0.000000
vn -0.486187 0.873844 -0.000000
vn 0.392594 0.919688 0.000000
vn 0.644344 0.764719 0.000000
vn 0.595688 0.803187 0.000000
vn 0.154094 0.988031 0.000000
vn -0.613719 0.789500 -0.000000
vn -0.741719 0.670687 -0.000000
vn -0.716187 0.697875 -0.000000
vn -0.546562 0.837375 -0.000000
vn -0.496125 0.868219 -0.000000
vn -0.632250 0.774719 -0.000000
vn -0.743969 0.668187 -0.000000
vn -0.729688 0.683750 -0.000000
vn -0.000000 0.000000 0.999969
vn 0.403937 0.914750 0.000000
vn 0.870219 0.492625 0.000000
vn 0.716500 0.697531 0.000000
vn 0.971625 0.236469 0.000000
vn 0.449562 0.893219 0.000000
vn 0.486187 0.873844 0.000000
vn -0.392594 0.919688 -0.000000
vn -0.644344 0.764719 -0.000000
vn -0.595688 0.803187 -0.000000
vn -0.154094 0.988031 -0.000000
vn 0.613719 0.789500 0.000000
vn 0.741719 0.670687 0.000000
vn 0.716187 0.697875 0.000000
vn 0.546562 0.837375 0.000000
vn 0.496125 0.868219 0.000000
vn 0.632250 0.774719 0.000000
vn 0.743969 0.668187 0.000000
vn 0.729688 0.683750 0.000000
vn -0.403937 -0.914750 -0.000000
vn -0.870219 -0.492625 -0.000000
vn -0.872844 -0.487938 -0.000000
vn -0.990344 -0.138406 -0.000000
vn -0.458688 -0.888563 -0.000000
vn -0.489000 -0.872281 -0.000000
vn -0.343062 -0.939281 -0.000000
vn 0.392594 -0.919688 0.000000
vn 0.644344 -0.764719 0.000000
vn 0.000000 -0.999969 0.000000
vn 0.595688 -0.803187 0.000000
vn 0.154094 -0.988031 0.000000
vn -0.613719 -0.789500 -0.000000
vn -0.741719 -0.670687 -0.000000
vn -0.716187 -0.697875 -0.000000
vn -0.546562 -0.837375 -0.000000
vn -0.496125 -0.868219 -0.000000
vn -0.632250 -0.774719 -0.000000
vn -0.743969 -0.668187 -0.000000
vn -0.729688 -0.683750 -0.000000
vn 0.403937 -0.914750 0.000000
vn 0.990344 -0.138406 0.000000
vn 0.872844 -0.487938 0.000000
vn 0.870219 -0.492625 0.000000
vn 0.458688 -0.888563 0.000000
vn 0.343062 -0.939281 0.000000
vn 0.489000 -0.872281 0.000000
vn -0.392594 -0.919688 -0.000000
vn -0.644344 -0.764719 -0.000000
vn -0.595688 -0.803187 -0.000000
vn -0.154094 -0.988031 -0.000000
vn 0.613719 -0.789500 0.000000
vn 0.741719 -0.670687 0.000000
vn 0.716187 -0.697875 0.000000
vn 0.546562 -0.837375 0.000000
vn 0.496125 -0.868219 0.000000
vn 0.632250 -0.774719 0.000000
vn 0.743969 -0.668187 0.000000
vn 0.729688 -0.683750 0.000000
vn 0.684812 -0.728688 0.000000
vn 0.228687 -0.973469 0.000000
vn 0.228687 0.973469 0.000000
vn 0.684812 0.728688 0.000000
vn -0.228687 -0.973469 -0.000000
vn -0.684812 -0.728688 -0.000000
vn -0.684812 0.728688 -0.000000
vn -0.228687 0.973469 -0.000000
vn -0.999969 0.000000 -0.000000
vn 0.999969 0.000000 0.000000
vn 0.675375 -0.737437 0.000000
vn 0.784750 -0.619781 0.000000
vn 0.666781 -0.745219 0.000000
vn 0.815781 0.578344 0.000000
vn 0.775063 0.631844 0.000000
vn 0.650406 0.759562 0.000000
vn 0.998625 -0.051875 0.000000
vn 0.994375 0.105719 0.000000
vn 0.964531 0.263906 0.000000
vn 0.624687 -0.780844 0.000000
vn 0.731375 -0.681938 0.000000
vn 0.594500 -0.804062 0.000000
vn 0.765344 -0.643594 0.000000
vn -0.675375 -0.737437 -0.000000
vn -0.666781 -0.745219 -0.000000
vn -0.784750 -0.619781 -0.000000
vn -0.815781 0.578344 -0.000000
vn -0.998625 -0.051875 -0.000000
vn -0.650406 0.759562 -0.000000
vn -0.775063 0.631844 -0.000000
vn -0.964531 0.263906 -0.000000
vn -0.994375 0.105719 -0.000000
vn -0.624687 -0.780844 -0.000000
vn -0.765344 -0.643594 -0.000000
vn -0.594500 -0.804062 -0.000000
vn -0.731375 -0.681938 -0.000000
vn 0.675375 0.737437 0.000000
vn 0.666781 0.745219 0.000000
vn 0.784750 0.619781 0.000000
vn 0.815781 -0.578344 0.000000
vn 0.998625 0.051875 0.000000
vn 0.650406 -0.759562 0.000000
vn 0.775063 -0.631844 0.000000
vn 0.943156 -0.332250 0.000000
vn 0.986969 -0.160719 0.000000
vn 0.624687 0.780844 0.000000
vn 0.765344 0.643594 0.000000
vn 0.594500 0.804062 0.000000
vn 0.731375 0.681938 0.000000
vn -0.675375 0.737437 -0.000000
vn -0.784750 0.619781 -0.000000
vn -0.666781 0.745219 -0.000000
vn -0.815781 -0.578344 -0.000000
vn -0.775063 -0.631844 -0.000000
vn -0.650406 -0.759562 -0.000000
vn -0.998625 0.051875 -0.000000
vn -0.986969 -0.160719 -0.000000
vn -0.943156 -0.332250 -0.000000
vn -0.624687 0.780844 -0.000000
vn -0.731375 0.681938 -0.000000
vn -0.594500 0.804062 -0.000000
vn -0.765344 0.643594 -0.000000
# 140 normals

vt 0.350202 0.101743 0.000000
vt 0.340719 0.111208 0.000000
vt 0.364998 0.135532 0.000000
vt 0.374480 0.126068 0.000000
vt 0.319025 0.132861 0.000000
vt 0.343304 0.157186 0.000000
vt 0.500406 0.229248 0.000000
vt 0.500406 0.244418 0.000000
vt 0.518907 0.244418 0.000000
vt 0.518907 0.229248 0.000000
vt 0.395081 0.005510 0.000000
vt 0.401731 0.030306 0.000000
vt 0.436012 0.064651 0.000000
vt 0.445078 0.055602 0.000000
vt 0.417730 0.000525 0.000000
vt 0.458917 0.041790 0.000000
vt 0.394316 0.057712 0.000000
vt 0.418595 0.082036 0.000000
vt 0.372259 0.079728 0.000000
vt 0.396538 0.104052 0.000000
vt 0.440606 0.008175 0.000000
vt 0.466552 0.034169 0.000000
vt 0.467787 0.001049 0.000000
vt 0.483730 0.017023 0.000000
vt 0.500406 0.457672 0.000000
vt 0.500406 0.461905 0.000000
vt 0.518907 0.461905 0.000000
vt 0.518907 0.457672 0.000000
vt 0.488520 0.006551 0.000000
vt 0.492285 0.008484 0.000000
vt 0.330003 0.100471 0.000000
vt 0.339485 0.091007 0.000000
vt 0.500406 0.158824 0.000000
vt 0.500406 0.187337 0.000000
vt 0.518907 0.187337 0.000000
vt 0.518907 0.158824 0.000000
vt 0.500406 0.111395 0.000000
vt 0.518907 0.111395 0.000000
vt 0.500406 0.084686 0.000000
vt 0.518907 0.084686 0.000000
vt 0.500406 0.057154 0.000000
vt 0.518907 0.057154 0.000000
vt 0.500406 0.030845 0.000000
vt 0.518907 0.030845 0.000000
vt 0.500406 0.005337 0.000000
vt 0.518907 0.005337 0.000000
vt 0.202534 0.016151 0.000000
vt 0.219918 0.033568 0.000000
vt 0.242533 0.010995 0.000000
vt 0.218563 0.000151 0.000000
vt 0.187925 0.001514 0.000000
vt 0.193106 0.001747 0.000000
vt 0.230396 0.044066 0.000000
vt 0.247066 0.060767 0.000000
vt 0.294953 0.012970 0.000000
vt 0.269429 0.005107 0.000000
vt 0.268023 0.081763 0.000000
vt 0.289717 0.060110 0.000000
vt 0.288166 0.101944 0.000000
vt 0.309860 0.080291 0.000000
vt 0.308309 0.122125 0.000000
vt 0.398759 0.150392 0.000000
vt 0.389276 0.159857 0.000000
vt 0.367582 0.181510 0.000000
vt 0.500406 0.694562 0.000000
vt 0.518907 0.694562 0.000000
vt 0.518907 0.679392 0.000000
vt 0.500406 0.679392 0.000000
vt 0.495077 0.105694 0.000000
vt 0.470293 0.098996 0.000000
vt 0.500104 0.083054 0.000000
vt 0.442873 0.106360 0.000000
vt 0.420816 0.128376 0.000000
vt 0.492497 0.060163 0.000000
vt 0.499674 0.032996 0.000000
vt 0.500406 0.466138 0.000000
vt 0.518907 0.466138 0.000000
vt 0.494211 0.012253 0.000000
vt 0.399993 0.170593 0.000000
vt 0.409475 0.161128 0.000000
vt 0.500406 0.764986 0.000000
vt 0.518907 0.764986 0.000000
vt 0.518907 0.736473 0.000000
vt 0.500406 0.736473 0.000000
vt 0.500406 0.812416 0.000000
vt 0.518907 0.812415 0.000000
vt 0.500406 0.839124 0.000000
vt 0.518907 0.839124 0.000000
vt 0.500406 0.866656 0.000000
vt 0.518907 0.866656 0.000000
vt 0.500406 0.892965 0.000000
vt 0.518907 0.892965 0.000000
vt 0.500406 0.918473 0.000000
vt 0.518907 0.918473 0.000000
vt 0.484074 0.298221 0.000000
vt 0.500104 0.282221 0.000000
vt 0.489305 0.258231 0.000000
vt 0.466690 0.280803 0.000000
vt 0.498683 0.312857 0.000000
vt 0.498460 0.307676 0.000000
vt 0.456211 0.270305 0.000000
vt 0.495244 0.231346 0.000000
vt 0.487428 0.205807 0.000000
vt 0.439541 0.253604 0.000000
vt 0.440279 0.210955 0.000000
vt 0.418585 0.232608 0.000000
vt 0.420136 0.190774 0.000000
vt 0.398442 0.212427 0.000000
vt 0.378299 0.192246 0.000000
vt 0.287849 0.163979 0.000000
vt 0.312127 0.188304 0.000000
vt 0.321610 0.178839 0.000000
vt 0.297331 0.154515 0.000000
vt 0.537711 0.496160 0.000000
vt 0.556213 0.496160 0.000000
vt 0.556213 0.480990 0.000000
vt 0.537711 0.480990 0.000000
vt 0.005178 0.394680 0.000000
vt 0.055176 0.444772 0.000000
vt 0.064243 0.435723 0.000000
vt 0.029962 0.401378 0.000000
vt 0.000151 0.417320 0.000000
vt 0.041338 0.458585 0.000000
vt 0.081660 0.418339 0.000000
vt 0.057381 0.394014 0.000000
vt 0.120071 0.379999 0.000000
vt 0.095793 0.355675 0.000000
vt 0.007757 0.440211 0.000000
vt 0.033703 0.466205 0.000000
vt 0.000581 0.467378 0.000000
vt 0.016524 0.483351 0.000000
vt 0.537711 0.004440 0.000000
vt 0.556213 0.004440 0.000000
vt 0.556213 0.000151 0.000000
vt 0.537711 0.000151 0.000000
vt 0.006044 0.488121 0.000000
vt 0.007848 0.492011 0.000000
vt 0.286615 0.143778 0.000000
vt 0.277132 0.153243 0.000000
vt 0.537711 0.566584 0.000000
vt 0.556213 0.566584 0.000000
vt 0.556213 0.538071 0.000000
vt 0.537711 0.538071 0.000000
vt 0.537711 0.614013 0.000000
vt 0.556213 0.614013 0.000000
vt 0.537712 0.640721 0.000000
vt 0.556213 0.640722 0.000000
vt 0.537711 0.668254 0.000000
vt 0.556213 0.668254 0.000000
vt 0.537711 0.694563 0.000000
vt 0.556213 0.694563 0.000000
vt 0.537711 0.720070 0.000000
vt 0.556213 0.720070 0.000000
vt 0.186504 0.032150 0.000000
vt 0.197303 0.056141 0.000000
vt 0.188147 0.006696 0.000000
vt 0.191364 0.083025 0.000000
vt 0.199180 0.108564 0.000000
vt 0.246329 0.103416 0.000000
vt 0.266472 0.123597 0.000000
vt 0.336406 0.212628 0.000000
vt 0.345888 0.203163 0.000000
vt 0.575017 0.229248 0.000000
vt 0.575017 0.244418 0.000000
vt 0.593518 0.244418 0.000000
vt 0.593518 0.229248 0.000000
vt 0.105174 0.494864 0.000000
vt 0.098523 0.470068 0.000000
vt 0.082525 0.499849 0.000000
vt 0.105938 0.442663 0.000000
vt 0.144350 0.404324 0.000000
vt 0.059648 0.492200 0.000000
vt 0.032468 0.499325 0.000000
vt 0.575017 0.720968 0.000000
vt 0.575017 0.725256 0.000000
vt 0.593518 0.725257 0.000000
vt 0.593518 0.720968 0.000000
vt 0.011735 0.493823 0.000000
vt 0.356605 0.213900 0.000000
vt 0.347122 0.223364 0.000000
vt 0.575017 0.158824 0.000000
vt 0.575017 0.187337 0.000000
vt 0.593518 0.187337 0.000000
vt 0.593518 0.158824 0.000000
vt 0.575017 0.111395 0.000000
vt 0.593518 0.111395 0.000000
vt 0.575017 0.084686 0.000000
vt 0.593518 0.084686 0.000000
vt 0.575017 0.057154 0.000000
vt 0.593518 0.057154 0.000000
vt 0.575017 0.030845 0.000000
vt 0.593518 0.030845 0.000000
vt 0.575017 0.005337 0.000000
vt 0.593518 0.005338 0.000000
vt 0.444074 0.303376 0.000000
vt 0.468045 0.314220 0.000000
vt 0.493502 0.312625 0.000000
vt 0.391655 0.301401 0.000000
vt 0.417179 0.309265 0.000000
vt 0.396891 0.254261 0.000000
vt 0.376748 0.234080 0.000000
vt 0.297995 0.250967 0.000000
vt 0.273716 0.226643 0.000000
vt 0.259583 0.289306 0.000000
vt 0.235305 0.264982 0.000000
vt 0.221172 0.327645 0.000000
vt 0.196894 0.303321 0.000000
vt 0.182761 0.365984 0.000000
vt 0.158482 0.341660 0.000000
vt 0.249438 0.202319 0.000000
vt 0.211026 0.240658 0.000000
vt 0.172615 0.278997 0.000000
vt 0.134204 0.317336 0.000000
vt 0.575017 0.215851 0.000000
vt 0.593518 0.215851 0.000000
vt 0.518907 0.707960 0.000000
vt 0.500406 0.707960 0.000000
vt 0.556213 0.509557 0.000000
vt 0.537711 0.509557 0.000000
vt 0.500406 0.215850 0.000000
vt 0.518907 0.215850 0.000000
vt 0.518907 0.275582 0.000000
vt 0.500406 0.275582 0.000000
vt 0.518907 0.648228 0.000000
vt 0.500406 0.648228 0.000000
vt 0.556213 0.209636 0.000000
vt 0.537711 0.209636 0.000000
vt 0.537711 0.263907 0.000000
vt 0.556213 0.263907 0.000000
vt 0.537711 0.318178 0.000000
vt 0.556213 0.318178 0.000000
vt 0.537711 0.372448 0.000000
vt 0.556213 0.372448 0.000000
vt 0.537711 0.426719 0.000000
vt 0.556213 0.426719 0.000000
vt 0.593518 0.515772 0.000000
vt 0.593518 0.461501 0.000000
vt 0.575017 0.461501 0.000000
vt 0.575017 0.515772 0.000000
vt 0.593518 0.407230 0.000000
vt 0.575017 0.407230 0.000000
vt 0.593518 0.352959 0.000000
vt 0.575017 0.352959 0.000000
vt 0.593518 0.298689 0.000000
vt 0.575017 0.298689 0.000000
vt 0.593518 0.000151 0.000000
vt 0.575017 0.000151 0.000000
vt 0.593518 0.699518 0.000000
vt 0.575017 0.699518 0.000000
vt 0.593518 0.624106 0.000000
vt 0.593518 0.598433 0.000000
vt 0.575017 0.598433 0.000000
vt 0.575017 0.624106 0.000000
vt 0.593518 0.570042 0.000000
vt 0.575017 0.570042 0.000000
vt 0.593518 0.671419 0.000000
vt 0.593518 0.647298 0.000000
vt 0.575017 0.647298 0.000000
vt 0.575017 0.671419 0.000000
vt 0.537711 0.725257 0.000000
vt 0.556213 0.725257 0.000000
vt 0.537711 0.025890 0.000000
vt 0.556213 0.025890 0.000000
vt 0.556213 0.101302 0.000000
vt 0.537711 0.101302 0.000000
vt 0.537711 0.126975 0.000000
vt 0.556213 0.126975 0.000000
vt 0.537711 0.155365 0.000000
vt 0.556213 0.155365 0.000000
vt 0.556213 0.053989 0.000000
vt 0.537711 0.053989 0.000000
vt 0.537711 0.078110 0.000000
vt 0.556213 0.078110 0.000000
vt 0.500406 0.923659 0.000000
vt 0.518907 0.923659 0.000000
vt 0.500406 0.487588 0.000000
vt 0.518907 0.487588 0.000000
vt 0.518907 0.563000 0.000000
vt 0.500406 0.563000 0.000000
vt 0.500406 0.588673 0.000000
vt 0.518907 0.588673 0.000000
vt 0.500406 0.617063 0.000000
vt 0.518907 0.617063 0.000000
vt 0.518907 0.515687 0.000000
vt 0.500406 0.515687 0.000000
vt 0.500406 0.539808 0.000000
vt 0.518907 0.539808 0.000000
vt 0.518907 0.000151 0.000000
vt 0.500406 0.000151 0.000000
vt 0.518907 0.436222 0.000000
vt 0.500406 0.436222 0.000000
vt 0.518907 0.360810 0.000000
vt 0.518907 0.335137 0.000000
vt 0.500406 0.335137 0.000000
vt 0.500406 0.360810 0.000000
vt 0.518907 0.306747 0.000000
vt 0.500406 0.306747 0.000000
vt 0.518907 0.408123 0.000000
vt 0.518907 0.384002 0.000000
vt 0.500406 0.384002 0.000000
vt 0.500406 0.408123 0.000000
vt 0.398759 0.650392 0.000000
vt 0.374480 0.626068 0.000000
vt 0.364998 0.635532 0.000000
vt 0.389276 0.659856 0.000000
vt 0.343304 0.657186 0.000000
vt 0.367582 0.681510 0.000000
vt 0.537409 0.229248 0.000000
vt 0.537409 0.244418 0.000000
vt 0.495076 0.605694 0.000000
vt 0.445078 0.555602 0.000000
vt 0.436012 0.564651 0.000000
vt 0.470293 0.598996 0.000000
vt 0.500103 0.583054 0.000000
vt 0.458917 0.541790 0.000000
vt 0.418595 0.582036 0.000000
vt 0.442873 0.606360 0.000000
vt 0.396538 0.604052 0.000000
vt 0.420816 0.628376 0.000000
vt 0.492497 0.560163 0.000000
vt 0.466552 0.534169 0.000000
vt 0.499674 0.532996 0.000000
vt 0.483730 0.517023 0.000000
vt 0.537409 0.457672 0.000000
vt 0.537409 0.461905 0.000000
vt 0.494211 0.512253 0.000000
vt 0.492285 0.508484 0.000000
vt 0.399993 0.670593 0.000000
vt 0.409475 0.661128 0.000000
vt 0.537409 0.158824 0.000000
vt 0.537409 0.187337 0.000000
vt 0.537409 0.111395 0.000000
vt 0.537409 0.084686 0.000000
vt 0.537409 0.057154 0.000000
vt 0.537409 0.030845 0.000000
vt 0.537409 0.005337 0.000000
vt 0.484074 0.798221 0.000000
vt 0.500103 0.782221 0.000000
vt 0.489305 0.758231 0.000000
vt 0.466690 0.780803 0.000000
vt 0.498683 0.812857 0.000000
vt 0.498460 0.807676 0.000000
vt 0.456211 0.770305 0.000000
vt 0.495244 0.731346 0.000000
vt 0.487428 0.705807 0.000000
vt 0.439541 0.753604 0.000000
vt 0.440279 0.710955 0.000000
vt 0.418585 0.732608 0.000000
vt 0.420136 0.690774 0.000000
vt 0.398442 0.712427 0.000000
vt 0.378299 0.692246 0.000000
vt 0.350202 0.601743 0.000000
vt 0.340719 0.611208 0.000000
vt 0.319025 0.632861 0.000000
vt 0.537409 0.694562 0.000000
vt 0.537409 0.679392 0.000000
vt 0.395081 0.505510 0.000000
vt 0.401731 0.530306 0.000000
vt 0.417730 0.500525 0.000000
vt 0.394316 0.557712 0.000000
vt 0.372259 0.579727 0.000000
vt 0.440606 0.508175 0.000000
vt 0.467787 0.501049 0.000000
vt 0.537409 0.466138 0.000000
vt 0.488520 0.506551 0.000000
vt 0.330003 0.600471 0.000000
vt 0.339485 0.591007 0.000000
vt 0.537409 0.764986 0.000000
vt 0.537409 0.736473 0.000000
vt 0.537409 0.812416 0.000000
vt 0.537409 0.839124 0.000000
vt 0.537409 0.866656 0.000000
vt 0.537409 0.892965 0.000000
vt 0.537409 0.918473 0.000000
vt 0.202534 0.516150 0.000000
vt 0.219918 0.533568 0.000000
vt 0.242533 0.510995 0.000000
vt 0.218563 0.500151 0.000000
vt 0.187925 0.501514 0.000000
vt 0.193106 0.501746 0.000000
vt 0.230396 0.544066 0.000000
vt 0.247066 0.560767 0.000000
vt 0.294953 0.512970 0.000000
vt 0.269429 0.505107 0.000000
vt 0.268023 0.581763 0.000000
vt 0.289717 0.560110 0.000000
vt 0.288166 0.601944 0.000000
vt 0.309860 0.580291 0.000000
vt 0.308309 0.622125 0.000000
vt 0.336406 0.712628 0.000000
vt 0.345888 0.703163 0.000000
vt 0.321610 0.678839 0.000000
vt 0.312127 0.688304 0.000000
vt 0.574714 0.496160 0.000000
vt 0.574714 0.480990 0.000000
vt 0.105174 0.994864 0.000000
vt 0.098523 0.970068 0.000000
vt 0.064243 0.935723 0.000000
vt 0.055176 0.944772 0.000000
vt 0.082525 0.999849 0.000000
vt 0.041338 0.958585 0.000000
vt 0.105938 0.942663 0.000000
vt 0.081660 0.918338 0.000000
vt 0.144350 0.904324 0.000000
vt 0.120071 0.879999 0.000000
vt 0.059649 0.992200 0.000000
vt 0.033703 0.966205 0.000000
vt 0.032468 0.999325 0.000000
vt 0.016524 0.983351 0.000000
vt 0.574714 0.004440 0.000000
vt 0.574714 0.000151 0.000000
vt 0.011735 0.993823 0.000000
vt 0.007848 0.992011 0.000000
vt 0.356605 0.713900 0.000000
vt 0.347122 0.723364 0.000000
vt 0.574714 0.566584 0.000000
vt 0.574714 0.538070 0.000000
vt 0.574714 0.614013 0.000000
vt 0.574714 0.640721 0.000000
vt 0.574714 0.668254 0.000000
vt 0.574714 0.694563 0.000000
vt 0.574714 0.720070 0.000000
vt 0.444074 0.803376 0.000000
vt 0.468045 0.814220 0.000000
vt 0.493502 0.812625 0.000000
vt 0.391655 0.801401 0.000000
vt 0.417179 0.809265 0.000000
vt 0.396891 0.754261 0.000000
vt 0.376748 0.734080 0.000000
vt 0.287849 0.663979 0.000000
vt 0.297331 0.654515 0.000000
vt 0.612019 0.229248 0.000000
vt 0.612019 0.244418 0.000000
vt 0.005178 0.894680 0.000000
vt 0.029962 0.901378 0.000000
vt 0.000151 0.917321 0.000000
vt 0.057381 0.894014 0.000000
vt 0.095793 0.855675 0.000000
vt 0.007757 0.940211 0.000000
vt 0.000581 0.967378 0.000000
vt 0.612019 0.720968 0.000000
vt 0.612019 0.725256 0.000000
vt 0.006044 0.988121 0.000000
vt 0.286615 0.643778 0.000000
vt 0.277132 0.653243 0.000000
vt 0.612019 0.158824 0.000000
vt 0.612019 0.187337 0.000000
vt 0.612019 0.111395 0.000000
vt 0.612019 0.084686 0.000000
vt 0.612019 0.057154 0.000000
vt 0.612019 0.030845 0.000000
vt 0.612019 0.005337 0.000000
vt 0.186504 0.532150 0.000000
vt 0.197303 0.556140 0.000000
vt 0.188147 0.506695 0.000000
vt 0.191364 0.583025 0.000000
vt 0.199180 0.608564 0.000000
vt 0.246329 0.603416 0.000000
vt 0.266472 0.623597 0.000000
vt 0.249437 0.702319 0.000000
vt 0.273716 0.726643 0.000000
vt 0.211026 0.740658 0.000000
vt 0.235305 0.764982 0.000000
vt 0.172615 0.778997 0.000000
vt 0.196894 0.803321 0.000000
vt 0.134204 0.817336 0.000000
vt 0.158482 0.841660 0.000000
vt 0.297995 0.750967 0.000000
vt 0.259583 0.789306 0.000000
vt 0.221172 0.827645 0.000000
vt 0.182761 0.865984 0.000000
vt 0.612019 0.215850 0.000000
vt 0.537409 0.707960 0.000000
vt 0.574714 0.509557 0.000000
vt 0.537409 0.215850 0.000000
vt 0.537409 0.275582 0.000000
vt 0.537409 0.648228 0.000000
vt 0.574714 0.263907 0.000000
vt 0.574714 0.209636 0.000000
vt 0.574714 0.318178 0.000000
vt 0.574714 0.372448 0.000000
vt 0.574714 0.426719 0.000000
vt 0.612019 0.515772 0.000000
vt 0.612020 0.461501 0.000000
vt 0.612020 0.407230 0.000000
vt 0.612019 0.352959 0.000000
vt 0.612019 0.298689 0.000000
vt 0.612019 0.000151 0.000000
vt 0.612019 0.699518 0.000000
vt 0.612019 0.624106 0.000000
vt 0.612019 0.598433 0.000000
vt 0.612019 0.570042 0.000000
vt 0.612019 0.671419 0.000000
vt 0.612019 0.647298 0.000000
vt 0.574714 0.725257 0.000000
vt 0.574714 0.025890 0.000000
vt 0.574714 0.126975 0.000000
vt 0.574714 0.101302 0.000000
vt 0.574714 0.155365 0.000000
vt 0.574714 0.078110 0.000000
vt 0.574714 0.053989 0.000000
vt 0.537409 0.923659 0.000000
vt 0.537409 0.487588 0.000000
vt 0.537409 0.588673 0.000000
vt 0.537409 0.563000 0.000000
vt 0.537409 0.617063 0.000000
vt 0.537409 0.539808 0.000000
vt 0.537409 0.515687 0.000000
vt 0.537409 0.000151 0.000000
vt 0.537409 0.436222 0.000000
vt 0.537409 0.360810 0.000000
vt 0.537409 0.335137 0.000000
vt 0.537409 0.306747 0.000000
vt 0.537409 0.408123 0.000000
vt 0.537409 0.384002 0.000000
# 515 texture coordinates

o Cross_Cross_0_1
usemtl Cross
f 1/3/1 2/2/1 3/1/1
f 4/3/1 5/1/1 6/4/1
f 7/6/1 8/5/1 9/2/1
f 10/6/1 11/2/1 12/3/1
f 13/9/4 14/8/3 15/7/2
f 16/9/4 17/7/2 18/10/5
f 19/13/1 20/12/1 21/11/1
f 22/13/1 23/11/1 24/14/1
f 25/14/1 26/11/1 27/15/1
f 28/14/1 29/15/1 30/16/1
f 31/18/1 32/17/1 33/12/1
f 34/18/1 35/12/1 36/13/1
f 37/20/1 38/19/1 39/17/1
f 40/20/1 41/17/1 42/18/1
f 43/16/1 44/15/1 45/21/1
f 46/16/1 47/21/1 48/22/1
f 49/22/1 50/21/1 51/23/1
f 52/22/1 53/23/1 54/24/1
f 55/27/7 56/26/7 57/25/6
f 58/27/7 59/25/6 60/28/8
f 61/24/1 62/23/1 63/29/1
f 64/24/1 65/29/1 66/30/1
f 67/1/1 68/2/1 69/31/1
f 70/1/1 71/31/1 72/32/1
f 73/35/7 74/34/7 75/33/9
f 76/35/7 77/33/9 78/36/10
f 79/36/10 80/33/9 81/37/11
f 82/36/10 83/37/11 84/38/12
f 85/38/12 86/37/11 87/39/13
f 88/38/12 89/39/13 90/40/14
f 91/40/14 92/39/13 93/41/15
f 94/40/14 95/41/15 96/42/16
f 97/42/16 98/41/15 99/43/17
f 100/42/16 101/43/17 102/44/18
f 103/44/18 104/43/17 105/45/19
f 106/44/18 107/45/19 108/46/20
f 109/49/1 110/48/1 111/47/1
f 112/49/1 113/47/1 114/50/1
f 115/50/1 116/47/1 117/51/1
f 118/50/1 119/51/1 120/52/21
f 121/55/1 122/54/1 123/53/1
f 124/55/1 125/53/1 126/56/1
f 127/56/1 128/53/1 129/48/1
f 130/56/1 131/48/1 132/49/1
f 133/58/1 134/57/1 135/54/1
f 136/58/1 137/54/1 138/55/1
f 139/60/1 140/59/1 141/57/1
f 142/60/1 143/57/1 144/58/1
f 145/2/1 146/5/1 147/61/1
f 148/2/1 149/61/1 150/31/1
f 151/3/1 152/4/1 153/62/1
f 154/3/1 155/62/1 156/63/1
f 157/6/1 158/3/1 159/63/1
f 160/6/1 161/63/1 162/64/1
f 163/67/24 164/66/23 165/65/22
f 166/67/24 167/65/22 168/68/25
f 169/13/1 170/14/1 171/69/1
f 172/13/1 173/69/1 174/70/1
f 175/14/1 176/16/1 177/71/1
f 178/14/1 179/71/1 180/69/1
f 181/18/1 182/13/1 183/70/1
f 184/18/1 185/70/1 186/72/1
f 187/20/1 188/18/1 189/72/1
f 190/20/1 191/72/1 192/73/1
f 193/16/1 194/22/1 195/74/1
f 196/16/1 197/74/1 198/71/1
f 199/22/1 200/24/1 201/75/1
f 202/22/1 203/75/1 204/74/1
f 205/27/7 206/77/27 207/76/26
f 208/27/7 209/76/26 210/26/7
f 211/24/1 212/30/1 213/78/1
f 214/24/1 215/78/1 216/75/1
f 217/62/1 218/80/1 219/79/1
f 220/62/1 221/79/1 222/63/1
f 223/83/7 224/82/29 225/81/28
f 226/83/7 227/81/28 228/84/7
f 229/82/29 230/86/31 231/85/30
f 232/82/29 233/85/30 234/81/28
f 235/86/31 236/88/33 237/87/32
f 238/86/31 239/87/32 240/85/30
f 241/88/33 242/90/35 243/89/34
f 244/88/33 245/89/34 246/87/32
f 247/90/35 248/92/37 249/91/36
f 250/90/35 251/91/36 252/89/34
f 253/92/37 254/94/39 255/93/38
f 256/92/37 257/93/38 258/91/36
f 259/97/1 260/96/1 261/95/1
f 262/97/1 263/95/1 264/98/1
f 265/96/1 266/100/21 267/99/1
f 268/96/1 269/99/1 270/95/1
f 271/103/1 272/102/1 273/101/1
f 274/103/1 275/101/1 276/104/1
f 277/102/1 278/97/1 279/98/1
f 280/102/1 281/98/1 282/101/1
f 283/105/1 284/103/1 285/104/1
f 286/105/1 287/104/1 288/106/1
f 289/107/1 290/105/1 291/106/1
f 292/107/1 293/106/1 294/108/1
f 295/63/1 296/79/1 297/109/1
f 298/63/1 299/109/1 300/64/1
f 301/112/1 302/111/1 303/110/1
f 304/112/1 305/110/1 306/113/1
f 307/6/1 308/112/1 309/113/1
f 310/6/1 311/113/1 312/5/1
f 313/116/42 314/115/41 315/114/40
f 316/116/42 317/114/40 318/117/43
f 319/120/1 320/119/1 321/118/1
f 322/120/1 323/118/1 324/121/1
f 325/119/1 326/123/1 327/122/1
f 328/119/1 329/122/1 330/118/1
f 331/124/1 332/120/1 333/121/1
f 334/124/1 335/121/1 336/125/1
f 337/126/1 338/124/1 339/125/1
f 340/126/1 341/125/1 342/127/1
f 343/123/1 344/129/1 345/128/1
f 346/123/1 347/128/1 348/122/1
f 349/129/1 350/131/1 351/130/1
f 352/129/1 353/130/1 354/128/1
f 355/134/46 356/133/45 357/132/44
f 358/134/46 359/132/44 360/135/46
f 361/131/1 362/137/1 363/136/1
f 364/131/1 365/136/1 366/130/1
f 367/110/1 368/139/1 369/138/1
f 370/110/1 371/138/1 372/113/1
f 373/142/49 374/141/48 375/140/47
f 376/142/49 377/140/47 378/143/49
f 379/141/48 380/145/51 381/144/50
f 382/141/48 383/144/50 384/140/47
f 385/145/51 386/147/53 387/146/52
f 388/145/51 389/146/52 390/144/50
f 391/147/53 392/149/55 393/148/54
f 394/147/53 395/148/54 396/146/52
f 397/149/55 398/151/57 399/150/56
f 400/149/55 401/150/56 402/148/54
f 403/151/57 404/153/59 405/152/58
f 406/151/57 407/152/58 408/150/56
f 409/155/1 410/154/1 411/47/1
f 412/155/1 413/47/1 414/48/1
f 415/154/1 416/156/21 417/51/1
f 418/154/1 419/51/1 420/47/1
f 421/158/1 422/157/1 423/53/1
f 424/158/1 425/53/1 426/54/1
f 427/157/1 428/155/1 429/48/1
f 430/157/1 431/48/1 432/53/1
f 433/159/1 434/158/1 435/54/1
f 436/159/1 437/54/1 438/57/1
f 439/160/1 440/159/1 441/57/1
f 442/160/1 443/57/1 444/59/1
f 445/113/1 446/138/1 447/61/1
f 448/113/1 449/61/1 450/5/1
f 451/112/1 452/162/1 453/161/1
f 454/112/1 455/161/1 456/111/1
f 457/6/1 458/64/1 459/162/1
f 460/6/1 461/162/1 462/112/1
f 463/165/62 464/164/61 465/163/60
f 466/165/62 467/163/60 468/166/63
f 469/120/1 470/168/1 471/167/1
f 472/120/1 473/167/1 474/119/1
f 475/119/1 476/167/1 477/169/1
f 478/119/1 479/169/1 480/123/1
f 481/124/1 482/170/1 483/168/1
f 484/124/1 485/168/1 486/120/1
f 487/126/1 488/171/1 489/170/1
f 490/126/1 491/170/1 492/124/1
f 493/123/1 494/169/1 495/172/1
f 496/123/1 497/172/1 498/129/1
f 499/129/1 500/172/1 501/173/1
f 502/129/1 503/173/1 504/131/1
f 505/176/65 506/175/65 507/174/64
f 508/176/65 509/174/64 510/177/66
f 511/131/1 512/173/1 513/178/1
f 514/131/1 515/178/1 516/137/1
f 517/161/1 518/162/1 519/179/1
f 520/161/1 521/179/1 522/180/1
f 523/183/49 524/182/49 525/181/67
f 526/183/49 527/181/67 528/184/68
f 529/184/68 530/181/67 531/185/69
f 532/184/68 533/185/69 534/186/70
f 535/186/70 536/185/69 537/187/71
f 538/186/70 539/187/71 540/188/72
f 541/188/72 542/187/71 543/189/73
f 544/188/72 545/189/73 546/190/74
f 547/190/74 548/189/73 549/191/75
f 550/190/74 551/191/75 552/192/76
f 553/192/76 554/191/75 555/193/77
f 556/192/76 557/193/77 558/194/78
f 559/195/1 560/98/1 561/95/1
f 562/195/1 563/95/1 564/196/1
f 565/196/1 566/95/1 567/99/1
f 568/196/1 569/99/1 570/197/21
f 571/198/1 572/104/1 573/101/1
f 574/198/1 575/101/1 576/199/1
f 577/199/1 578/101/1 579/98/1
f 580/199/1 581/98/1 582/195/1
f 583/200/1 584/106/1 585/104/1
f 586/200/1 587/104/1 588/198/1
f 589/201/1 590/108/1 591/106/1
f 592/201/1 593/106/1 594/200/1
f 595/162/1 596/64/1 597/109/1
f 598/162/1 599/109/1 600/179/1
f 601/111/1 602/161/1 603/202/1
f 604/111/1 605/202/1 606/203/1
f 607/203/1 608/202/1 609/204/1
f 610/203/1 611/204/1 612/205/1
f 613/205/1 614/204/1 615/206/1
f 616/205/1 617/206/1 618/207/1
f 619/207/1 620/206/1 621/208/1
f 622/207/1 623/208/1 624/209/1
f 625/209/1 626/208/1 627/171/1
f 628/209/1 629/171/1 630/126/1
f 631/111/1 632/203/1 633/210/1
f 634/111/1 635/210/1 636/110/1
f 637/203/1 638/205/1 639/211/1
f 640/203/1 641/211/1 642/210/1
f 643/205/1 644/207/1 645/212/1
f 646/205/1 647/212/1 648/211/1
f 649/207/1 650/209/1 651/213/1
f 652/207/1 653/213/1 654/212/1
f 655/209/1 656/126/1 657/127/1
f 658/209/1 659/127/1 660/213/1
f 661/4/1 662/20/1 663/73/1
f 664/4/1 665/73/1 666/62/1
f 667/4/1 668/1/1 669/19/1
f 670/4/1 671/19/1 672/20/1
f 673/179/1 674/109/1 675/108/1
f 676/179/1 677/108/1 678/201/1
f 679/215/80 680/214/79 681/182/49
f 682/215/80 683/182/49 684/183/49
f 685/79/1 686/107/1 687/108/1
f 688/79/1 689/108/1 690/109/1
f 691/216/81 692/83/7 693/84/7
f 694/216/81 695/84/7 696/217/82
f 697/138/1 698/160/1 699/59/1
f 700/138/1 701/59/1 702/61/1
f 703/218/83 704/142/49 705/143/49
f 706/218/83 707/143/49 708/219/84
f 709/31/1 710/61/1 711/59/1
f 712/31/1 713/59/1 714/60/1
f 715/221/86 716/220/85 717/34/7
f 718/221/86 719/34/7 720/35/7
f 721/8/3 722/9/4 723/222/87
f 724/8/3 725/222/87 726/223/87
f 727/68/25 728/225/88 729/224/88
f 730/68/25 731/224/88 732/67/24
f 733/228/87 734/227/87 735/226/87
f 736/228/87 737/226/87 738/229/87
f 739/230/87 740/228/87 741/229/87
f 742/230/87 743/229/87 744/231/87
f 745/232/87 746/230/87 747/231/87
f 748/232/87 749/231/87 750/233/87
f 751/234/87 752/232/87 753/233/87
f 754/234/87 755/233/87 756/235/87
f 757/117/43 758/234/87 759/235/87
f 760/117/43 761/235/87 762/116/42
f 763/238/88 764/237/88 765/236/88
f 766/238/88 767/236/88 768/239/88
f 769/241/88 770/240/88 771/237/88
f 772/241/88 773/237/88 774/238/88
f 775/243/88 776/242/88 777/240/88
f 778/243/88 779/240/88 780/241/88
f 781/245/88 782/244/88 783/242/88
f 784/245/88 785/242/88 786/243/88
f 787/164/61 788/165/62 789/244/88
f 790/164/61 791/244/88 792/245/88
f 793/247/89 794/246/89 795/194/78
f 796/247/89 797/194/78 798/193/77
f 799/214/79 800/215/80 801/166/63
f 802/214/79 803/166/63 804/163/60
f 805/249/91 806/248/90 807/177/66
f 808/249/91 809/177/66 810/174/64
f 811/252/94 812/251/93 813/250/92
f 814/252/94 815/250/92 816/253/95
f 817/255/97 818/254/96 819/251/93
f 820/255/97 821/251/93 822/252/94
f 823/239/88 824/236/88 825/254/96
f 826/239/88 827/254/96 828/255/97
f 829/258/100 830/257/99 831/256/98
f 832/258/100 833/256/98 834/259/101
f 835/253/95 836/250/92 837/257/99
f 838/253/95 839/257/99 840/258/100
f 841/259/101 842/256/98 843/248/90
f 844/259/101 845/248/90 846/249/91
f 847/260/102 848/152/58 849/153/59
f 850/260/102 851/153/59 852/261/102
f 853/219/84 854/114/40 855/115/41
f 856/219/84 857/115/41 858/218/83
f 859/262/103 860/132/44 861/133/45
f 862/262/103 863/133/45 864/263/104
f 865/266/107 866/265/106 867/264/105
f 868/266/107 869/264/105 870/267/108
f 871/268/109 872/266/107 873/267/108
f 874/268/109 875/267/108 876/269/110
f 877/227/87 878/268/109 879/269/110
f 880/227/87 881/269/110 882/226/87
f 883/272/113 884/271/112 885/270/111
f 886/272/113 887/270/111 888/273/114
f 889/265/106 890/272/113 891/273/114
f 892/265/106 893/273/114 894/264/105
f 895/271/112 896/262/103 897/263/104
f 898/271/112 899/263/104 900/270/111
f 901/274/115 902/93/38 903/94/39
f 904/274/115 905/94/39 906/275/115
f 907/217/82 908/65/22 909/66/23
f 910/217/82 911/66/23 912/216/81
f 913/276/116 914/76/26 915/77/27
f 916/276/116 917/77/27 918/277/117
f 919/280/120 920/279/119 921/278/118
f 922/280/120 923/278/118 924/281/121
f 925/282/122 926/280/120 927/281/121
f 928/282/122 929/281/121 930/283/123
f 931/225/88 932/282/122 933/283/123
f 934/225/88 935/283/123 936/224/88
f 937/286/126 938/285/125 939/284/124
f 940/286/126 941/284/124 942/287/127
f 943/279/119 944/286/126 945/287/127
f 946/279/119 947/287/127 948/278/118
f 949/285/125 950/276/116 951/277/117
f 952/285/125 953/277/117 954/284/124
f 955/289/128 956/288/128 957/46/20
f 958/289/128 959/46/20 960/45/19
f 961/220/85 962/221/86 963/10/5
f 964/220/85 965/10/5 966/7/2
f 967/291/130 968/290/129 969/28/8
f 970/291/130 971/28/8 972/25/6
f 973/294/133 974/293/132 975/292/131
f 976/294/133 977/292/131 978/295/134
f 979/297/136 980/296/135 981/293/132
f 982/297/136 983/293/132 984/294/133
f 985/223/87 986/222/87 987/296/135
f 988/223/87 989/296/135 990/297/136
f 991/300/139 992/299/138 993/298/137
f 994/300/139 995/298/137 996/301/140
f 997/295/134 998/292/131 999/299/138
f 1000/295/134 1001/299/138 1002/300/139
f 1003/301/140 1004/298/137 1005/290/129
f 1006/301/140 1007/290/129 1008/291/130
f 1009/304/21 1010/303/21 1011/302/21
f 1012/304/21 1013/302/21 1014/305/21
f 1015/306/21 1016/304/21 1017/305/21
f 1018/306/21 1019/305/21 1020/307/21
f 1021/9/4 1022/10/5 1023/308/2
f 1024/9/4 1025/308/2 1026/309/3
f 1027/312/21 1028/311/21 1029/310/21
f 1030/312/21 1031/310/21 1032/313/21
f 1033/311/21 1034/315/21 1035/314/21
f 1036/311/21 1037/314/21 1038/310/21
f 1039/316/21 1040/312/21 1041/313/21
f 1042/316/21 1043/313/21 1044/317/21
f 1045/318/21 1046/316/21 1047/317/21
f 1048/318/21 1049/317/21 1050/319/21
f 1051/315/21 1052/321/21 1053/320/21
f 1054/315/21 1055/320/21 1056/314/21
f 1057/321/21 1058/323/21 1059/322/21
f 1060/321/21 1061/322/21 1062/320/21
f 1063/27/7 1064/28/8 1065/324/6
f 1066/27/7 1067/324/6 1068/325/7
f 1069/323/21 1070/327/21 1071/326/21
f 1072/323/21 1073/326/21 1074/322/21
f 1075/302/21 1076/329/21 1077/328/21
f 1078/302/21 1079/328/21 1080/305/21
f 1081/35/7 1082/36/10 1083/330/9
f 1084/35/7 1085/330/9 1086/331/7
f 1087/36/10 1088/38/12 1089/332/11
f 1090/36/10 1091/332/11 1092/330/9
f 1093/38/12 1094/40/14 1095/333/13
f 1096/38/12 1097/333/13 1098/332/11
f 1099/40/14 1100/42/16 1101/334/15
f 1102/40/14 1103/334/15 1104/333/13
f 1105/42/16 1106/44/18 1107/335/17
f 1108/42/16 1109/335/17 1110/334/15
f 1111/44/18 1112/46/20 1113/336/19
f 1114/44/18 1115/336/19 1116/335/17
f 1117/339/21 1118/338/21 1119/337/21
f 1120/339/21 1121/337/21 1122/340/21
f 1123/338/21 1124/342/1 1125/341/21
f 1126/338/21 1127/341/21 1128/337/21
f 1129/345/21 1130/344/21 1131/343/21
f 1132/345/21 1133/343/21 1134/346/21
f 1135/344/21 1136/339/21 1137/340/21
f 1138/344/21 1139/340/21 1140/343/21
f 1141/347/21 1142/345/21 1143/346/21
f 1144/347/21 1145/346/21 1146/348/21
f 1147/349/21 1148/347/21 1149/348/21
f 1150/349/21 1151/348/21 1152/350/21
f 1153/305/21 1154/328/21 1155/351/21
f 1156/305/21 1157/351/21 1158/307/21
f 1159/304/21 1160/353/21 1161/352/21
f 1162/304/21 1163/352/21 1164/303/21
f 1165/306/21 1166/354/21 1167/353/21
f 1168/306/21 1169/353/21 1170/304/21
f 1171/67/24 1172/356/25 1173/355/22
f 1174/67/24 1175/355/22 1176/66/23
f 1177/312/21 1178/358/21 1179/357/21
f 1180/312/21 1181/357/21 1182/311/21
f 1183/311/21 1184/357/21 1185/359/21
f 1186/311/21 1187/359/21 1188/315/21
f 1189/316/21 1190/360/21 1191/358/21
f 1192/316/21 1193/358/21 1194/312/21
f 1195/318/21 1196/361/21 1197/360/21
f 1198/318/21 1199/360/21 1200/316/21
f 1201/315/21 1202/359/21 1203/362/21
f 1204/315/21 1205/362/21 1206/321/21
f 1207/321/21 1208/362/21 1209/363/21
f 1210/321/21 1211/363/21 1212/323/21
f 1213/27/7 1214/325/7 1215/364/26
f 1216/27/7 1217/364/26 1218/77/27
f 1219/323/21 1220/363/21 1221/365/21
f 1222/323/21 1223/365/21 1224/327/21
f 1225/352/21 1226/353/21 1227/366/21
f 1228/352/21 1229/366/21 1230/367/21
f 1231/83/7 1232/369/7 1233/368/28
f 1234/83/7 1235/368/28 1236/82/29
f 1237/82/29 1238/368/28 1239/370/30
f 1240/82/29 1241/370/30 1242/86/31
f 1243/86/31 1244/370/30 1245/371/32
f 1246/86/31 1247/371/32 1248/88/33
f 1249/88/33 1250/371/32 1251/372/34
f 1252/88/33 1253/372/34 1254/90/35
f 1255/90/35 1256/372/34 1257/373/36
f 1258/90/35 1259/373/36 1260/92/37
f 1261/92/37 1262/373/36 1263/374/38
f 1264/92/37 1265/374/38 1266/94/39
f 1267/377/21 1268/376/21 1269/375/21
f 1270/377/21 1271/375/21 1272/378/21
f 1273/378/21 1274/375/21 1275/379/21
f 1276/378/21 1277/379/21 1278/380/1
f 1279/383/21 1280/382/21 1281/381/21
f 1282/383/21 1283/381/21 1284/384/21
f 1285/384/21 1286/381/21 1287/376/21
f 1288/384/21 1289/376/21 1290/377/21
f 1291/386/21 1292/385/21 1293/382/21
f 1294/386/21 1295/382/21 1296/383/21
f 1297/388/21 1298/387/21 1299/385/21
f 1300/388/21 1301/385/21 1302/386/21
f 1303/353/21 1304/354/21 1305/389/21
f 1306/353/21 1307/389/21 1308/366/21
f 1309/392/21 1310/391/21 1311/390/21
f 1312/392/21 1313/390/21 1314/393/21
f 1315/306/21 1316/307/21 1317/391/21
f 1318/306/21 1319/391/21 1320/392/21
f 1321/116/42 1322/395/43 1323/394/40
f 1324/116/42 1325/394/40 1326/115/41
f 1327/398/21 1328/397/21 1329/396/21
f 1330/398/21 1331/396/21 1332/399/21
f 1333/399/21 1334/396/21 1335/400/21
f 1336/399/21 1337/400/21 1338/401/21
f 1339/403/21 1340/402/21 1341/397/21
f 1342/403/21 1343/397/21 1344/398/21
f 1345/405/21 1346/404/21 1347/402/21
f 1348/405/21 1349/402/21 1350/403/21
f 1351/401/21 1352/400/21 1353/406/21
f 1354/401/21 1355/406/21 1356/407/21
f 1357/407/21 1358/406/21 1359/408/21
f 1360/407/21 1361/408/21 1362/409/21
f 1363/134/46 1364/411/46 1365/410/44
f 1366/134/46 1367/410/44 1368/133/45
f 1369/409/21 1370/408/21 1371/412/21
f 1372/409/21 1373/412/21 1374/413/21
f 1375/390/21 1376/391/21 1377/414/21
f 1378/390/21 1379/414/21 1380/415/21
f 1381/142/49 1382/417/49 1383/416/47
f 1384/142/49 1385/416/47 1386/141/48
f 1387/141/48 1388/416/47 1389/418/50
f 1390/141/48 1391/418/50 1392/145/51
f 1393/145/51 1394/418/50 1395/419/52
f 1396/145/51 1397/419/52 1398/147/53
f 1399/147/53 1400/419/52 1401/420/54
f 1402/147/53 1403/420/54 1404/149/55
f 1405/149/55 1406/420/54 1407/421/56
f 1408/149/55 1409/421/56 1410/151/57
f 1411/151/57 1412/421/56 1413/422/58
f 1414/151/57 1415/422/58 1416/153/59
f 1417/423/21 1418/340/21 1419/337/21
f 1420/423/21 1421/337/21 1422/424/21
f 1423/424/21 1424/337/21 1425/341/21
f 1426/424/21 1427/341/21 1428/425/1
f 1429/426/21 1430/346/21 1431/343/21
f 1432/426/21 1433/343/21 1434/427/21
f 1435/427/21 1436/343/21 1437/340/21
f 1438/427/21 1439/340/21 1440/423/21
f 1441/428/21 1442/348/21 1443/346/21
f 1444/428/21 1445/346/21 1446/426/21
f 1447/429/21 1448/350/21 1449/348/21
f 1450/429/21 1451/348/21 1452/428/21
f 1453/391/21 1454/307/21 1455/351/21
f 1456/391/21 1457/351/21 1458/414/21
f 1459/392/21 1460/393/21 1461/430/21
f 1462/392/21 1463/430/21 1464/431/21
f 1465/306/21 1466/392/21 1467/431/21
f 1468/306/21 1469/431/21 1470/354/21
f 1471/165/62 1472/166/63 1473/432/60
f 1474/165/62 1475/432/60 1476/433/61
f 1477/398/21 1478/399/21 1479/434/21
f 1480/398/21 1481/434/21 1482/435/21
f 1483/399/21 1484/401/21 1485/436/21
f 1486/399/21 1487/436/21 1488/434/21
f 1489/403/21 1490/398/21 1491/435/21
f 1492/403/21 1493/435/21 1494/437/21
f 1495/405/21 1496/403/21 1497/437/21
f 1498/405/21 1499/437/21 1500/438/21
f 1501/401/21 1502/407/21 1503/439/21
f 1504/401/21 1505/439/21 1506/436/21
f 1507/407/21 1508/409/21 1509/440/21
f 1510/407/21 1511/440/21 1512/439/21
f 1513/176/65 1514/177/66 1515/441/64
f 1516/176/65 1517/441/64 1518/442/65
f 1519/409/21 1520/413/21 1521/443/21
f 1522/409/21 1523/443/21 1524/440/21
f 1525/430/21 1526/445/21 1527/444/21
f 1528/430/21 1529/444/21 1530/431/21
f 1531/183/49 1532/184/68 1533/446/67
f 1534/183/49 1535/446/67 1536/447/49
f 1537/184/68 1538/186/70 1539/448/69
f 1540/184/68 1541/448/69 1542/446/67
f 1543/186/70 1544/188/72 1545/449/71
f 1546/186/70 1547/449/71 1548/448/69
f 1549/188/72 1550/190/74 1551/450/73
f 1552/188/72 1553/450/73 1554/449/71
f 1555/190/74 1556/192/76 1557/451/75
f 1558/190/74 1559/451/75 1560/450/73
f 1561/192/76 1562/194/78 1563/452/77
f 1564/192/76 1565/452/77 1566/451/75
f 1567/454/21 1568/453/21 1569/375/21
f 1570/454/21 1571/375/21 1572/376/21
f 1573/453/21 1574/455/1 1575/379/21
f 1576/453/21 1577/379/21 1578/375/21
f 1579/457/21 1580/456/21 1581/381/21
f 1582/457/21 1583/381/21 1584/382/21
f 1585/456/21 1586/454/21 1587/376/21
f 1588/456/21 1589/376/21 1590/381/21
f 1591/458/21 1592/457/21 1593/382/21
f 1594/458/21 1595/382/21 1596/385/21
f 1597/459/21 1598/458/21 1599/385/21
f 1600/459/21 1601/385/21 1602/387/21
f 1603/431/21 1604/444/21 1605/389/21
f 1606/431/21 1607/389/21 1608/354/21
f 1609/393/21 1610/461/21 1611/460/21
f 1612/393/21 1613/460/21 1614/430/21
f 1615/461/21 1616/463/21 1617/462/21
f 1618/461/21 1619/462/21 1620/460/21
f 1621/463/21 1622/465/21 1623/464/21
f 1624/463/21 1625/464/21 1626/462/21
f 1627/465/21 1628/467/21 1629/466/21
f 1630/465/21 1631/466/21 1632/464/21
f 1633/467/21 1634/405/21 1635/438/21
f 1636/467/21 1637/438/21 1638/466/21
f 1639/393/21 1640/390/21 1641/468/21
f 1642/393/21 1643/468/21 1644/461/21
f 1645/461/21 1646/468/21 1647/469/21
f 1648/461/21 1649/469/21 1650/463/21
f 1651/463/21 1652/469/21 1653/470/21
f 1654/463/21 1655/470/21 1656/465/21
f 1657/465/21 1658/470/21 1659/471/21
f 1660/465/21 1661/471/21 1662/467/21
f 1663/467/21 1664/471/21 1665/404/21
f 1666/467/21 1667/404/21 1668/405/21
f 1669/303/21 1670/352/21 1671/361/21
f 1672/303/21 1673/361/21 1674/318/21
f 1675/303/21 1676/318/21 1677/319/21
f 1678/303/21 1679/319/21 1680/302/21
f 1681/444/21 1682/459/21 1683/387/21
f 1684/444/21 1685/387/21 1686/389/21
f 1687/215/80 1688/183/49 1689/447/49
f 1690/215/80 1691/447/49 1692/472/79
f 1693/366/21 1694/389/21 1695/387/21
f 1696/366/21 1697/387/21 1698/388/21
f 1699/216/81 1700/473/82 1701/369/7
f 1702/216/81 1703/369/7 1704/83/7
f 1705/414/21 1706/351/21 1707/350/21
f 1708/414/21 1709/350/21 1710/429/21
f 1711/218/83 1712/474/84 1713/417/49
f 1714/218/83 1715/417/49 1716/142/49
f 1717/328/21 1718/349/21 1719/350/21
f 1720/328/21 1721/350/21 1722/351/21
f 1723/221/86 1724/35/7 1725/331/7
f 1726/221/86 1727/331/7 1728/475/85
f 1729/309/3 1730/476/87 1731/222/87
f 1732/309/3 1733/222/87 1734/9/4
f 1735/356/25 1736/67/24 1737/224/88
f 1738/356/25 1739/224/88 1740/477/88
f 1741/478/87 1742/229/87 1743/226/87
f 1744/478/87 1745/226/87 1746/479/87
f 1747/480/87 1748/231/87 1749/229/87
f 1750/480/87 1751/229/87 1752/478/87
f 1753/481/87 1754/233/87 1755/231/87
f 1756/481/87 1757/231/87 1758/480/87
f 1759/482/87 1760/235/87 1761/233/87
f 1762/482/87 1763/233/87 1764/481/87
f 1765/395/43 1766/116/42 1767/235/87
f 1768/395/43 1769/235/87 1770/482/87
f 1771/484/88 1772/483/88 1773/236/88
f 1774/484/88 1775/236/88 1776/237/88
f 1777/485/88 1778/484/88 1779/237/88
f 1780/485/88 1781/237/88 1782/240/88
f 1783/486/88 1784/485/88 1785/240/88
f 1786/486/88 1787/240/88 1788/242/88
f 1789/487/88 1790/486/88 1791/242/88
f 1792/487/88 1793/242/88 1794/244/88
f 1795/433/61 1796/487/88 1797/244/88
f 1798/433/61 1799/244/88 1800/165/62
f 1801/488/89 1802/452/77 1803/194/78
f 1804/488/89 1805/194/78 1806/246/89
f 1807/472/79 1808/432/60 1809/166/63
f 1810/472/79 1811/166/63 1812/215/80
f 1813/489/91 1814/441/64 1815/177/66
f 1816/489/91 1817/177/66 1818/248/90
f 1819/491/94 1820/490/95 1821/250/92
f 1822/491/94 1823/250/92 1824/251/93
f 1825/492/97 1826/491/94 1827/251/93
f 1828/492/97 1829/251/93 1830/254/96
f 1831/483/88 1832/492/97 1833/254/96
f 1834/483/88 1835/254/96 1836/236/88
f 1837/494/100 1838/493/101 1839/256/98
f 1840/494/100 1841/256/98 1842/257/99
f 1843/490/95 1844/494/100 1845/257/99
f 1846/490/95 1847/257/99 1848/250/92
f 1849/493/101 1850/489/91 1851/248/90
f 1852/493/101 1853/248/90 1854/256/98
f 1855/495/102 1856/261/102 1857/153/59
f 1858/495/102 1859/153/59 1860/422/58
f 1861/474/84 1862/218/83 1863/115/41
f 1864/474/84 1865/115/41 1866/394/40
f 1867/496/103 1868/263/104 1869/133/45
f 1870/496/103 1871/133/45 1872/410/44
f 1873/497/107 1874/267/108 1875/264/105
f 1876/497/107 1877/264/105 1878/498/106
f 1879/499/109 1880/269/110 1881/267/108
f 1882/499/109 1883/267/108 1884/497/107
f 1885/479/87 1886/226/87 1887/269/110
f 1888/479/87 1889/269/110 1890/499/109
f 1891/500/113 1892/273/114 1893/270/111
f 1894/500/113 1895/270/111 1896/501/112
f 1897/498/106 1898/264/105 1899/273/114
f 1900/498/106 1901/273/114 1902/500/113
f 1903/501/112 1904/270/111 1905/263/104
f 1906/501/112 1907/263/104 1908/496/103
f 1909/502/115 1910/275/115 1911/94/39
f 1912/502/115 1913/94/39 1914/374/38
f 1915/473/82 1916/216/81 1917/66/23
f 1918/473/82 1919/66/23 1920/355/22
f 1921/503/116 1922/277/117 1923/77/27
f 1924/503/116 1925/77/27 1926/364/26
f 1927/504/120 1928/281/121 1929/278/118
f 1930/504/120 1931/278/118 1932/505/119
f 1933/506/122 1934/283/123 1935/281/121
f 1936/506/122 1937/281/121 1938/504/120
f 1939/477/88 1940/224/88 1941/283/123
f 1942/477/88 1943/283/123 1944/506/122
f 1945/507/126 1946/287/127 1947/284/124
f 1948/507/126 1949/284/124 1950/508/125
f 1951/505/119 1952/278/118 1953/287/127
f 1954/505/119 1955/287/127 1956/507/126
f 1957/508/125 1958/284/124 1959/277/117
f 1960/508/125 1961/277/117 1962/503/116
f 1963/509/128 1964/336/19 1965/46/20
f 1966/509/128 1967/46/20 1968/288/128
f 1969/475/85 1970/308/2 1971/10/5
f 1972/475/85 1973/10/5 1974/221/86
f 1975/510/130 1976/324/6 1977/28/8
f 1978/510/130 1979/28/8 1980/290/129
f 1981/512/133 1982/511/134 1983/292/131
f 1984/512/133 1985/292/131 1986/293/132
f 1987/513/136 1988/512/133 1989/293/132
f 1990/513/136 1991/293/132 1992/296/135
f 1993/476/87 1994/513/136 1995/296/135
f 1996/476/87 1997/296/135 1998/222/87
f 1999/515/139 2000/514/140 2001/298/137
f 2002/515/139 2003/298/137 2004/299/138
f 2005/511/134 2006/515/139 2007/299/138
f 2008/511/134 2009/299/138 2010/292/131
f 2011/514/140 2012/510/130 2013/290/129
f 2014/514/140 2015/290/129 2016/298/137

