# WaveFront *.obj file (generated by Cinema 4D)

mtllib ./engine.mtl

v 0.347647 0.146126 -0.140766
v 0.345350 0.127360 -0.162828
v 0.338699 0.101140 -0.140766
v 0.247945 -0.056050 -0.105921
v 0.261434 -0.042804 -0.083859
v 0.278187 -0.021566 -0.105921
v 0.247945 -0.056050 -0.140766
v 0.231491 -0.072070 -0.162828
v 0.213460 -0.086293 -0.140766
v 0.303669 0.016571 -0.105921
v 0.313270 0.032857 -0.083859
v 0.323955 0.057708 -0.105921
v 0.323955 0.057708 -0.140766
v 0.316879 0.040175 -0.162828
v 0.291922 -0.003161 -0.140740
v 0.134187 -0.132061 -0.105921
v 0.151719 -0.124985 -0.083859
v 0.175323 -0.111775 -0.105921
v 0.045769 -0.155753 -0.105921
v 0.064535 -0.153455 -0.083859
v 0.090754 -0.146805 -0.105921
v 0.175323 -0.111775 -0.140766
v 0.159037 -0.121376 -0.162828
v 0.134187 -0.132061 -0.140766
v -0.090754 -0.146805 -0.105921
v -0.072537 -0.151864 -0.083859
v -0.045769 -0.155753 -0.105921
v -0.247945 -0.056050 -0.105921
v -0.234698 -0.069540 -0.083859
v -0.213460 -0.086293 -0.105921
v -0.247945 -0.056050 -0.140766
v -0.263964 -0.039596 -0.162828
v -0.278187 -0.021566 -0.140766
v -0.175323 -0.111775 -0.105921
v -0.159037 -0.121376 -0.083859
v -0.134187 -0.132061 -0.105921
v -0.134187 -0.132061 -0.140766
v -0.151719 -0.124985 -0.162828
v -0.195056 -0.100028 -0.140740
v -0.323955 0.057708 -0.105921
v -0.316879 0.040175 -0.083859
v -0.303669 0.016571 -0.105921
v -0.303669 0.016571 -0.140766
v -0.313270 0.032857 -0.162828
v -0.323955 0.057708 -0.140766
v -0.338699 0.101140 -0.140766
v -0.343758 0.119357 -0.162828
v -0.347647 0.146126 -0.140766
v -0.347647 0.237663 -0.140766
v -0.345350 0.256429 -0.162828
v -0.338699 0.282648 -0.140766
v -0.247945 0.439839 -0.140766
v -0.231491 0.455859 -0.162828
v -0.213460 0.470081 -0.140766
v -0.303669 0.367218 -0.105921
v -0.313270 0.350931 -0.083859
v -0.323955 0.326081 -0.105921
v -0.323955 0.326081 -0.140766
v -0.316879 0.343613 -0.162828
v -0.291922 0.386950 -0.140740
v -0.134187 0.515850 -0.105921
v -0.151719 0.508774 -0.083859
v -0.175323 0.495563 -0.105921
v -0.045769 0.539541 -0.105921
v -0.064535 0.537244 -0.083859
v -0.090754 0.530593 -0.105921
v -0.175323 0.495563 -0.140766
v -0.159037 0.505165 -0.162828
v -0.134187 0.515850 -0.140766
v 0.090754 0.530593 -0.105921
v 0.072537 0.535652 -0.083859
v 0.045769 0.539541 -0.105921
v 0.247945 0.439839 -0.105921
v 0.234698 0.453329 -0.083859
v 0.213460 0.470081 -0.105921
v 0.247945 0.439839 -0.140766
v 0.263964 0.423385 -0.162828
v 0.278187 0.405355 -0.140766
v 0.175323 0.495563 -0.105921
v 0.159037 0.505165 -0.083859
v 0.134187 0.515850 -0.105921
v 0.134187 0.515850 -0.140766
v 0.151719 0.508774 -0.162828
v 0.195056 0.483816 -0.140740
v 0.323955 0.326081 -0.105921
v 0.316879 0.343613 -0.083859
v 0.303669 0.367218 -0.105921
v 0.303669 0.367218 -0.140766
v 0.313270 0.350931 -0.162828
v 0.323955 0.326081 -0.140766
v 0.338699 0.282648 -0.140766
v 0.343758 0.264432 -0.162828
v 0.347647 0.237663 -0.140766
v -0.060297 0.131597 -0.191459
v -0.055483 0.126655 -0.060766
v -0.039040 0.115669 -0.191459
v -0.016636 0.275529 -0.191459
v -0.024823 0.273724 -0.060766
v -0.041690 0.266704 -0.191459
v -0.053161 0.259039 -0.060766
v -0.060297 0.252191 -0.191459
v 0.078782 0.159262 -0.191459
v 0.081505 0.165600 -0.060766
v 0.085363 0.184996 -0.191459
v 0.085363 0.184996 -0.191459
v 0.085363 0.198793 -0.060765
v 0.081505 0.218188 -0.191459
v 0.070902 0.239269 -0.191459
v 0.067145 0.245055 -0.060766
v 0.053161 0.259039 -0.191459
v 0.032633 0.270676 -0.191459
v 0.026294 0.273400 -0.060766
v 0.008382 0.276994 -0.191459
v -0.284156 0.204225 -0.105921
v -0.277171 0.214679 -0.083859
v -0.286039 0.197376 -0.083859
v 0.247252 0.223223 -0.105921
v 0.258071 0.224288 -0.083859
v 0.240282 0.219739 -0.083859
v 0.227268 0.176644 -0.105921
v 0.223348 0.188698 -0.083859
v 0.233656 0.168621 -0.083859
v 0.029610 0.434411 -0.162828
v 0.022714 0.426008 -0.140766
v 0.033808 0.448249 -0.140766
v -0.028531 -0.048655 -0.162828
v -0.026792 -0.046003 -0.140766
v -0.032114 -0.064704 -0.140766
v -0.027118 0.435270 -0.162828
v -0.028357 0.438189 -0.140766
v -0.013837 0.421989 -0.140766
v 0.026258 -0.082411 -0.162828
v 0.018506 -0.090163 -0.140766
v 0.028372 -0.078436 -0.140766
v -0.242835 0.161918 -0.105921
v -0.256657 0.159500 -0.083859
v -0.238869 0.164050 -0.083859
v 0.280807 0.171371 -0.105921
v 0.276058 0.167209 -0.083859
v 0.287128 0.183347 -0.083859
v -0.242126 0.221493 -0.105921
v -0.232243 0.215168 -0.083859
v -0.245669 0.222555 -0.083859
v -0.227594 0.209796 -0.105921
v -0.222171 0.195986 -0.083859
v -0.232243 0.215168 -0.083859
v -0.285808 0.185644 -0.105921
v -0.286039 0.197376 -0.083859
v -0.284723 0.182107 -0.083859
v 0.223348 0.188698 -0.083859
v 0.224146 0.197376 -0.105921
v 0.229161 0.209694 -0.083859
v 0.032742 0.459067 -0.162828
v 0.033808 0.448249 -0.140766
v 0.029258 0.466037 -0.140766
v -0.023099 0.471820 -0.162828
v -0.019238 0.474802 -0.140766
v -0.029545 0.459911 -0.140766
v -0.277171 0.214679 -0.083859
v -0.271564 0.219040 -0.105921
v -0.260636 0.223316 -0.083859
v -0.015517 -0.091750 -0.162828
v -0.024512 -0.085205 -0.140766
v -0.002271 -0.096299 -0.140766
v 0.271050 0.220425 -0.105921
v 0.276058 0.216579 -0.083859
v 0.258071 0.224288 -0.083859
v -0.222191 0.188723 -0.105921
v -0.227240 0.174717 -0.083859
v -0.222171 0.195986 -0.083859
v 0.287914 0.191095 -0.105921
v 0.287128 0.183347 -0.083859
v 0.285398 0.204155 -0.083859
v 0.000829 0.418511 -0.162828
v -0.013837 0.421989 -0.140766
v 0.004080 0.418641 -0.140766
v 0.245501 0.161097 -0.105921
v 0.233656 0.168621 -0.083859
v 0.247083 0.161233 -0.083859
v 0.278187 -0.021566 -0.162828
v -0.213460 -0.086293 -0.162828
v -0.278187 0.405355 -0.162828
v 0.213460 0.470081 -0.162828
v 0.000000 0.277167 -0.060766
v -0.032632 0.113112 -0.060766
v 0.081505 0.165600 -0.060766
v 0.078782 0.224527 -0.060766
v 0.047375 0.262796 -0.060766
v 0.026258 -0.082411 -0.162828
v 0.014531 -0.092277 -0.162828
v 0.018506 -0.090163 -0.140766
v 0.283963 0.206948 -0.105921
v 0.287914 0.191095 -0.105921
v 0.285398 0.204155 -0.083859
v -0.015517 -0.091750 -0.162828
v -0.027146 -0.081083 -0.162828
v -0.024512 -0.085205 -0.140766
v 0.287914 0.191095 -0.105921
v 0.280807 0.171371 -0.105921
v 0.287128 0.183347 -0.083859
v -0.227240 0.174717 -0.083859
v -0.222191 0.188723 -0.105921
v -0.229701 0.171636 -0.105921
v -0.031773 -0.066473 -0.162828
v -0.028531 -0.048655 -0.162828
v -0.032114 -0.064704 -0.140766
v 0.247252 0.223223 -0.105921
v 0.271050 0.220425 -0.105921
v 0.258071 0.224288 -0.083859
v 0.223348 0.188698 -0.083859
v 0.227268 0.176644 -0.105921
v 0.224146 0.197376 -0.105921
v 0.000829 0.418511 -0.162828
v -0.014104 0.422676 -0.162828
v -0.013837 0.421989 -0.140766
v -0.227594 0.209796 -0.105921
v -0.222191 0.188723 -0.105921
v -0.222171 0.195986 -0.083859
v 0.229161 0.209694 -0.083859
v 0.224146 0.197376 -0.105921
v 0.231114 0.212153 -0.105921
v -0.271564 0.219040 -0.105921
v -0.256954 0.223667 -0.105921
v -0.260636 0.223316 -0.083859
v 0.032742 0.459067 -0.162828
v 0.029610 0.434411 -0.162828
v 0.033808 0.448249 -0.140766
v -0.030367 0.453650 -0.162828
v -0.023099 0.471820 -0.162828
v -0.029545 0.459911 -0.140766
v -0.014104 0.422676 -0.162828
v -0.027118 0.435270 -0.162828
v -0.013837 0.421989 -0.140766
v -0.242835 0.161918 -0.105921
v -0.258066 0.160231 -0.105921
v -0.256657 0.159500 -0.083859
v -0.000799 -0.096020 -0.162828
v -0.015517 -0.091750 -0.162828
v -0.002271 -0.096299 -0.140766
v 0.029610 0.434411 -0.162828
v 0.015944 0.422148 -0.162828
v 0.022714 0.426008 -0.140766
v -0.286039 0.197376 -0.083859
v -0.285808 0.185644 -0.105921
v -0.284156 0.204225 -0.105921
v 0.245501 0.161097 -0.105921
v 0.227268 0.176644 -0.105921
v 0.233656 0.168621 -0.083859
v -0.284156 0.204225 -0.105921
v -0.271564 0.219040 -0.105921
v -0.277171 0.214679 -0.083859
v -0.232243 0.215168 -0.083859
v -0.242126 0.221493 -0.105921
v -0.227594 0.209796 -0.105921
v 0.265069 0.161335 -0.105921
v 0.245501 0.161097 -0.105921
v 0.247083 0.161233 -0.083859
v 0.262050 0.160472 -0.083859
v 0.090633 0.056253 -0.060512
v 0.062429 0.041178 -0.060512
v 0.062429 0.041178 -0.191459
v 0.090633 0.056253 -0.191459
v 0.115354 0.076541 -0.060512
v 0.115354 0.076541 -0.191459
v 0.135641 0.101262 -0.060512
v 0.115354 0.076541 -0.060512
v 0.115354 0.076541 -0.191459
v 0.135641 0.101262 -0.191459
v 0.150717 0.129465 -0.060512
v 0.150717 0.129465 -0.191459
v 0.163135 0.191894 -0.060512
v 0.160000 0.160068 -0.060512
v 0.156938 0.146839 -0.083859
v 0.163135 0.191894 -0.083859
v 0.160000 0.223720 -0.060512
v 0.156437 0.237438 -0.083859
v 0.135641 0.282527 -0.060512
v 0.150717 0.254323 -0.060512
v 0.150717 0.254323 -0.191459
v 0.135641 0.282527 -0.191459
v 0.115354 0.307248 -0.060512
v 0.115354 0.307248 -0.191459
v 0.090633 0.327536 -0.060512
v 0.090633 0.327536 -0.191459
v 0.062429 0.342611 -0.060512
v 0.062429 0.342611 -0.191459
v -0.000000 0.355029 -0.060512
v 0.031826 0.351894 -0.060512
v 0.045004 0.348712 -0.140766
v -0.000000 0.355029 -0.140766
v -0.031826 0.351894 -0.060512
v -0.045534 0.348235 -0.140766
v -0.090633 0.327536 -0.060512
v -0.062429 0.342611 -0.060512
v -0.062429 0.342611 -0.191459
v -0.090633 0.327536 -0.191459
v -0.115354 0.307248 -0.060512
v -0.115354 0.307248 -0.191459
v -0.135641 0.282527 -0.060512
v -0.135641 0.282527 -0.191459
v -0.150717 0.254323 -0.060512
v -0.150717 0.254323 -0.191459
v -0.163134 0.191894 -0.060512
v -0.160000 0.223720 -0.060512
v -0.156858 0.237297 -0.083859
v -0.163134 0.191894 -0.083859
v -0.160000 0.160068 -0.060512
v -0.156437 0.146350 -0.083859
v -0.135641 0.101261 -0.060512
v -0.150717 0.129465 -0.060512
v -0.150717 0.129465 -0.191459
v -0.135641 0.101261 -0.191459
v -0.115353 0.076541 -0.060512
v -0.115353 0.076541 -0.191459
v -0.090632 0.056253 -0.060512
v -0.090632 0.056253 -0.191459
v -0.062429 0.041178 -0.060512
v -0.090632 0.056253 -0.060512
v -0.090632 0.056253 -0.191459
v -0.062429 0.041178 -0.191459
v 0.000000 0.028760 -0.060512
v -0.031826 0.031894 -0.060512
v -0.045004 0.035077 -0.140766
v 0.000000 0.028760 -0.140766
v 0.145572 0.543336 -0.169122
v 0.145572 0.543336 -0.162828
v 0.098454 0.559331 -0.162828
v 0.098454 0.559331 -0.169122
v 0.190199 -0.137540 -0.169122
v 0.190199 -0.137540 -0.162828
v 0.231572 -0.109896 -0.162828
v 0.231572 -0.109896 -0.169122
v -0.421080 0.191894 -0.169122
v -0.421080 0.191894 -0.162828
v -0.417478 0.246856 -0.162828
v -0.417478 0.246856 -0.169122
v 0.446975 0.133049 -0.162828
v 0.450832 0.191894 -0.162828
v 0.450832 0.191894 -0.083859
v 0.446975 0.133049 -0.083859
v 0.496639 0.126511 -0.162828
v 0.446975 0.133049 -0.162828
v 0.446975 0.133049 -0.083859
v 0.496639 0.126511 -0.083859
v 0.543625 0.101945 -0.162828
v 0.496639 0.126511 -0.162828
v 0.496639 0.126511 -0.083859
v 0.543625 0.101945 -0.083859
v 0.532241 0.049281 -0.162828
v 0.543625 0.101945 -0.162828
v 0.543625 0.101945 -0.083859
v 0.532241 0.049281 -0.083859
v 0.515768 -0.002020 -0.162828
v 0.515768 -0.002020 -0.083859
v 0.462793 0.000199 -0.162828
v 0.515768 -0.002020 -0.162828
v 0.515768 -0.002020 -0.083859
v 0.462793 0.000199 -0.083859
v 0.416514 0.019369 -0.162828
v 0.416514 0.019368 -0.083859
v 0.054962 0.609372 -0.169122
v 0.054962 0.609372 -0.162828
v 0.108984 0.598626 -0.162828
v 0.108984 0.598627 -0.169122
v 0.256337 -0.142171 -0.169122
v 0.256337 -0.142171 -0.162828
v 0.210540 -0.172772 -0.162828
v 0.210540 -0.172772 -0.169122
v -0.377144 0.241546 -0.169122
v -0.377144 0.241546 -0.162828
v -0.380398 0.191894 -0.162828
v -0.380398 0.191894 -0.169122
v 0.357669 -0.082555 -0.162828
v 0.390432 -0.033522 -0.162828
v 0.390432 -0.033522 -0.083859
v 0.357669 -0.082555 -0.083859
v 0.397410 -0.113049 -0.162828
v 0.357669 -0.082555 -0.162828
v 0.357669 -0.082555 -0.083859
v 0.397410 -0.113049 -0.083859
v 0.425819 -0.157816 -0.162828
v 0.425819 -0.157816 -0.083859
v 0.389628 -0.197733 -0.162828
v 0.425819 -0.157816 -0.162828
v 0.425819 -0.157816 -0.083859
v 0.389627 -0.197733 -0.083859
v 0.349711 -0.233924 -0.162828
v 0.389628 -0.197733 -0.162828
v 0.389627 -0.197733 -0.083859
v 0.349711 -0.233924 -0.083859
v 0.304943 -0.205515 -0.162828
v 0.349711 -0.233924 -0.162828
v 0.349711 -0.233924 -0.083859
v 0.304943 -0.205515 -0.083859
v 0.274449 -0.165774 -0.162828
v 0.304943 -0.205515 -0.162828
v 0.304943 -0.205515 -0.083859
v 0.274449 -0.165774 -0.083859
v 0.416514 0.019369 -0.162828
v 0.416514 0.019368 -0.083859
v 0.049652 0.569038 -0.162828
v 0.049652 0.569038 -0.169122
v 0.108984 -0.214838 -0.169122
v 0.108984 -0.214838 -0.162828
v 0.054962 -0.225583 -0.162828
v 0.054962 -0.225583 -0.169122
v -0.329435 0.001695 -0.169122
v -0.329435 0.001695 -0.162828
v -0.301790 -0.039677 -0.162828
v -0.301790 -0.039677 -0.169122
v -0.000000 0.612975 -0.169122
v -0.000000 0.612975 -0.162828
v 0.172526 -0.224620 -0.162828
v 0.225416 -0.198537 -0.162828
v 0.225416 -0.198537 -0.083859
v 0.172526 -0.224620 -0.083859
v 0.191695 -0.270899 -0.162828
v 0.172526 -0.224620 -0.162828
v 0.172526 -0.224620 -0.083859
v 0.191695 -0.270899 -0.083859
v 0.193914 -0.323873 -0.162828
v 0.193914 -0.323873 -0.083859
v 0.142613 -0.340347 -0.162828
v 0.193914 -0.323873 -0.162828
v 0.193914 -0.323873 -0.083859
v 0.142614 -0.340347 -0.083859
v 0.089949 -0.351731 -0.162828
v 0.089949 -0.351731 -0.083859
v 0.065384 -0.304744 -0.162828
v 0.089949 -0.351731 -0.162828
v 0.089949 -0.351731 -0.083859
v 0.065384 -0.304744 -0.083859
v 0.058845 -0.255080 -0.162828
v 0.058845 -0.255080 -0.083859
v 0.274449 -0.165774 -0.162828
v 0.274449 -0.165774 -0.083859
v 0.049652 -0.185250 -0.169122
v 0.049652 -0.185250 -0.162828
v 0.098454 -0.175542 -0.162828
v 0.098454 -0.175542 -0.169122
v -0.334065 -0.064443 -0.169122
v -0.334065 -0.064443 -0.162828
v -0.364666 -0.018646 -0.162828
v -0.364666 -0.018646 -0.169122
v -0.000000 0.572293 -0.162828
v -0.000000 0.572293 -0.169122
v 0.161140 -0.197133 -0.169122
v 0.161140 -0.197133 -0.162828
v -0.058845 -0.255080 -0.162828
v -0.000000 -0.258937 -0.162828
v -0.000000 -0.258937 -0.083859
v -0.058845 -0.255080 -0.083859
v -0.065384 -0.304744 -0.162828
v -0.058845 -0.255080 -0.162828
v -0.058845 -0.255080 -0.083859
v -0.065384 -0.304744 -0.083859
v -0.089949 -0.351731 -0.162828
v -0.089949 -0.351731 -0.083859
v -0.142613 -0.340347 -0.162828
v -0.089949 -0.351731 -0.162828
v -0.089949 -0.351731 -0.083859
v -0.142614 -0.340347 -0.083859
v -0.193914 -0.323873 -0.162828
v -0.193914 -0.323873 -0.083859
v -0.191695 -0.270899 -0.162828
v -0.193914 -0.323873 -0.162828
v -0.193914 -0.323873 -0.083859
v -0.191695 -0.270899 -0.083859
v -0.172526 -0.224620 -0.162828
v -0.191695 -0.270899 -0.162828
v -0.191695 -0.270899 -0.083859
v -0.172526 -0.224620 -0.083859
v 0.058845 -0.255080 -0.162828
v 0.058845 -0.255080 -0.083859
v -0.406732 0.082911 -0.169122
v -0.406732 0.082911 -0.162828
v -0.417478 0.136932 -0.162828
v -0.417478 0.136932 -0.169122
v -0.190199 0.521329 -0.169122
v -0.190199 0.521329 -0.162828
v -0.231572 0.493685 -0.162828
v -0.231572 0.493685 -0.169122
v 0.380398 0.191894 -0.169122
v 0.380398 0.191894 -0.162828
v 0.377144 0.241546 -0.162828
v 0.377144 0.241546 -0.169122
v 0.145572 -0.159548 -0.162828
v 0.145572 -0.159548 -0.169122
v -0.274449 -0.165774 -0.162828
v -0.225416 -0.198537 -0.162828
v -0.225416 -0.198537 -0.083859
v -0.274449 -0.165774 -0.083859
v -0.304943 -0.205515 -0.162828
v -0.274449 -0.165774 -0.162828
v -0.274449 -0.165774 -0.083859
v -0.304943 -0.205515 -0.083859
v -0.349711 -0.233924 -0.162828
v -0.304943 -0.205515 -0.162828
v -0.304943 -0.205515 -0.083859
v -0.349711 -0.233924 -0.083859
v -0.389628 -0.197733 -0.162828
v -0.349711 -0.233924 -0.162828
v -0.349711 -0.233924 -0.083859
v -0.389627 -0.197733 -0.083859
v -0.425819 -0.157816 -0.162828
v -0.425819 -0.157816 -0.083859
v -0.397410 -0.113049 -0.162828
v -0.425819 -0.157816 -0.162828
v -0.425819 -0.157816 -0.083859
v -0.397410 -0.113049 -0.083859
v -0.357669 -0.082555 -0.162828
v -0.357669 -0.082555 -0.083859
v -0.172526 -0.224620 -0.162828
v -0.172526 -0.224620 -0.083859
v -0.225416 -0.198537 -0.083859
v -0.225416 -0.198537 -0.162828
v -0.377144 0.142242 -0.169122
v -0.377144 0.142242 -0.162828
v -0.367436 0.093440 -0.162828
v -0.367436 0.093440 -0.169122
v -0.256337 0.525960 -0.169122
v -0.256337 0.525960 -0.162828
v -0.210540 0.556560 -0.162828
v -0.210540 0.556560 -0.169122
v 0.417478 0.246856 -0.169122
v 0.417478 0.246856 -0.162828
v 0.421080 0.191894 -0.162828
v 0.421080 0.191894 -0.169122
v -0.416514 0.019369 -0.162828
v -0.390432 -0.033522 -0.162828
v -0.390432 -0.033522 -0.083859
v -0.416514 0.019368 -0.083859
v -0.462793 0.000199 -0.162828
v -0.416514 0.019369 -0.162828
v -0.416514 0.019368 -0.083859
v -0.462793 0.000199 -0.083859
v -0.515768 -0.002020 -0.162828
v -0.515768 -0.002020 -0.083859
v -0.532241 0.049281 -0.162828
v -0.515768 -0.002020 -0.162828
v -0.515768 -0.002020 -0.083859
v -0.532241 0.049281 -0.083859
v -0.543625 0.101945 -0.162828
v -0.543625 0.101945 -0.083859
v -0.496639 0.126511 -0.162828
v -0.543625 0.101945 -0.162828
v -0.543625 0.101945 -0.083859
v -0.496639 0.126511 -0.083859
v -0.446975 0.133049 -0.162828
v -0.446975 0.133049 -0.083859
v -0.357669 -0.082555 -0.162828
v -0.357669 -0.082555 -0.083859
v -0.389027 0.030754 -0.169122
v -0.389027 0.030754 -0.162828
v -0.108984 0.598627 -0.169122
v -0.108984 0.598627 -0.162828
v -0.054962 0.609372 -0.162828
v -0.054962 0.609372 -0.169122
v 0.329435 0.382093 -0.169122
v 0.329435 0.382093 -0.162828
v 0.301790 0.423466 -0.162828
v 0.301790 0.423466 -0.169122
v -0.446975 0.250740 -0.162828
v -0.450832 0.191894 -0.162828
v -0.450832 0.191894 -0.083859
v -0.446975 0.250740 -0.083859
v -0.496639 0.257278 -0.162828
v -0.446975 0.250740 -0.162828
v -0.446975 0.250740 -0.083859
v -0.496639 0.257278 -0.083859
v -0.543625 0.281843 -0.162828
v -0.543625 0.281843 -0.083859
v -0.532241 0.334508 -0.162828
v -0.543625 0.281843 -0.162828
v -0.543625 0.281843 -0.083859
v -0.532241 0.334508 -0.083859
v -0.515768 0.385809 -0.162828
v -0.532241 0.334508 -0.162828
v -0.532241 0.334508 -0.083859
v -0.515768 0.385809 -0.083859
v -0.462793 0.383590 -0.162828
v -0.515768 0.385809 -0.162828
v -0.515768 0.385809 -0.083859
v -0.462793 0.383590 -0.083859
v -0.416514 0.364420 -0.162828
v -0.416514 0.364420 -0.083859
v -0.446975 0.133049 -0.162828
v -0.446975 0.133049 -0.083859
v -0.351442 0.046322 -0.162828
v -0.351442 0.046322 -0.169122
v -0.049652 0.569038 -0.169122
v -0.049652 0.569038 -0.162828
v -0.098454 0.559331 -0.162828
v -0.098454 0.559331 -0.169122
v 0.334065 0.448232 -0.169122
v 0.334065 0.448232 -0.162828
v 0.364666 0.402434 -0.162828
v 0.364666 0.402434 -0.169122
v 0.329435 0.001695 -0.169122
v 0.329435 0.001695 -0.162828
v 0.351442 0.046322 -0.162828
v 0.351442 0.046322 -0.169122
v -0.357669 0.466343 -0.162828
v -0.390432 0.417310 -0.162828
v -0.390432 0.417310 -0.083859
v -0.357669 0.466343 -0.083859
v -0.397410 0.496838 -0.162828
v -0.357669 0.466343 -0.162828
v -0.357669 0.466343 -0.083859
v -0.397410 0.496838 -0.083859
v -0.425819 0.541605 -0.162828
v -0.425819 0.541605 -0.083859
v -0.389628 0.581522 -0.162828
v -0.425819 0.541605 -0.162828
v -0.425819 0.541605 -0.083859
v -0.389627 0.581522 -0.083859
v -0.349711 0.617713 -0.162828
v -0.349711 0.617713 -0.083859
v -0.304943 0.589304 -0.162828
v -0.349711 0.617713 -0.162828
v -0.349711 0.617713 -0.083859
v -0.304943 0.589304 -0.083859
v -0.274449 0.549563 -0.162828
v -0.274449 0.549563 -0.083859
v -0.416514 0.364420 -0.162828
v -0.416514 0.364420 -0.083859
v -0.161140 0.580922 -0.169122
v -0.161140 0.580922 -0.162828
v 0.406732 0.300878 -0.169122
v 0.406732 0.300878 -0.162828
v 0.389027 0.030754 -0.169122
v 0.389027 0.030754 -0.162828
v 0.364666 -0.018646 -0.162828
v 0.364666 -0.018646 -0.169122
v -0.172526 0.608408 -0.162828
v -0.225416 0.582326 -0.162828
v -0.225416 0.582326 -0.083859
v -0.172526 0.608408 -0.083859
v -0.191695 0.654688 -0.162828
v -0.172526 0.608408 -0.162828
v -0.172526 0.608408 -0.083859
v -0.191695 0.654688 -0.083859
v -0.193914 0.707662 -0.162828
v -0.193914 0.707662 -0.083859
v -0.142613 0.724135 -0.162828
v -0.193914 0.707662 -0.162828
v -0.193914 0.707662 -0.083859
v -0.142614 0.724135 -0.083859
v -0.089949 0.735519 -0.162828
v -0.089949 0.735519 -0.083859
v -0.065384 0.688533 -0.162828
v -0.089949 0.735519 -0.162828
v -0.089949 0.735519 -0.083859
v -0.065384 0.688533 -0.083859
v -0.058845 0.638869 -0.162828
v -0.058845 0.638869 -0.083859
v -0.274449 0.549563 -0.162828
v -0.274449 0.549563 -0.083859
v -0.145572 0.543336 -0.162828
v -0.145572 0.543336 -0.169122
v 0.367436 0.290349 -0.162828
v 0.367436 0.290349 -0.169122
v 0.297749 -0.105854 -0.169122
v 0.297749 -0.105854 -0.162828
v 0.058845 0.638869 -0.162828
v -0.000000 0.642726 -0.162828
v -0.000000 0.642726 -0.083859
v 0.058845 0.638869 -0.083859
v 0.065384 0.688533 -0.162828
v 0.058845 0.638869 -0.162828
v 0.058845 0.638869 -0.083859
v 0.065384 0.688533 -0.083859
v 0.089949 0.735519 -0.162828
v 0.065384 0.688533 -0.162828
v 0.065384 0.688533 -0.083859
v 0.089949 0.735519 -0.083859
v 0.142613 0.724135 -0.162828
v 0.089949 0.735519 -0.162828
v 0.089949 0.735519 -0.083859
v 0.142614 0.724135 -0.083859
v 0.193914 0.707662 -0.162828
v 0.193914 0.707662 -0.083859
v 0.191695 0.654688 -0.162828
v 0.193914 0.707662 -0.162828
v 0.193914 0.707662 -0.083859
v 0.191695 0.654688 -0.083859
v 0.172526 0.608408 -0.162828
v 0.172526 0.608408 -0.083859
v -0.058845 0.638869 -0.162828
v -0.058845 0.638869 -0.083859
v -0.190199 -0.137540 -0.169122
v -0.190199 -0.137540 -0.162828
v -0.145572 -0.159548 -0.162828
v -0.145572 -0.159548 -0.169122
v 0.031826 0.031894 -0.060512
v 0.045534 0.035553 -0.140766
v 0.389027 0.353035 -0.169122
v 0.389027 0.353035 -0.162828
v 0.268982 -0.077088 -0.162828
v 0.268982 -0.077088 -0.169122
v 0.274449 0.549563 -0.162828
v 0.225416 0.582326 -0.162828
v 0.225416 0.582326 -0.083859
v 0.274449 0.549563 -0.083859
v 0.304943 0.589304 -0.162828
v 0.274449 0.549563 -0.162828
v 0.274449 0.549563 -0.083859
v 0.304943 0.589304 -0.083859
v 0.349711 0.617713 -0.162828
v 0.349711 0.617713 -0.083859
v 0.389628 0.581522 -0.162828
v 0.349711 0.617713 -0.162828
v 0.349711 0.617713 -0.083859
v 0.389627 0.581522 -0.083859
v 0.425819 0.541605 -0.162828
v 0.425819 0.541605 -0.083859
v 0.397410 0.496838 -0.162828
v 0.425819 0.541605 -0.162828
v 0.425819 0.541605 -0.083859
v 0.397410 0.496838 -0.083859
v 0.357669 0.466343 -0.162828
v 0.397410 0.496838 -0.162828
v 0.397410 0.496838 -0.083859
v 0.357669 0.466343 -0.083859
v 0.172526 0.608408 -0.162828
v 0.172526 0.608408 -0.083859
v -0.161140 -0.197133 -0.169122
v -0.161140 -0.197133 -0.162828
v -0.210540 -0.172772 -0.162828
v -0.210540 -0.172772 -0.169122
v 0.351442 0.337466 -0.162828
v 0.351442 0.337466 -0.169122
v 0.334065 -0.064443 -0.169122
v 0.334065 -0.064443 -0.162828
v 0.297749 -0.105854 -0.162828
v 0.297749 -0.105854 -0.169122
v 0.416514 0.364420 -0.162828
v 0.390432 0.417310 -0.162828
v 0.390432 0.417310 -0.083859
v 0.416514 0.364420 -0.083859
v 0.462793 0.383590 -0.162828
v 0.416514 0.364420 -0.162828
v 0.416514 0.364420 -0.083859
v 0.462793 0.383590 -0.083859
v 0.515768 0.385809 -0.162828
v 0.515768 0.385809 -0.083859
v 0.532241 0.334508 -0.162828
v 0.515768 0.385809 -0.162828
v 0.515768 0.385809 -0.083859
v 0.532241 0.334508 -0.083859
v 0.543625 0.281843 -0.162828
v 0.543625 0.281843 -0.083859
v 0.496639 0.257278 -0.162828
v 0.543625 0.281843 -0.162828
v 0.543625 0.281843 -0.083859
v 0.496639 0.257278 -0.083859
v 0.446975 0.250740 -0.162828
v 0.446975 0.250740 -0.083859
v 0.357669 0.466343 -0.162828
v 0.357669 0.466343 -0.083859
v -0.297749 -0.105854 -0.169122
v -0.297749 -0.105854 -0.162828
v 0.446975 0.250740 -0.162828
v 0.446975 0.250740 -0.083859
v -0.329435 0.382093 -0.169122
v -0.329435 0.382093 -0.162828
v -0.351442 0.337466 -0.162828
v -0.351442 0.337466 -0.169122
v 0.347647 0.146126 -0.083859
v 0.347647 0.146126 -0.105921
v 0.338699 0.101140 -0.105921
v 0.338699 0.101140 -0.083859
v 0.338699 0.101140 -0.083859
v 0.338699 0.101140 -0.105921
v 0.350647 0.191894 -0.140766
v 0.350647 0.191894 -0.162828
v 0.338699 0.101140 -0.140766
v 0.345350 0.127360 -0.162828
v 0.213460 -0.086293 -0.105921
v 0.213460 -0.086293 -0.083859
v 0.090754 -0.146805 -0.162828
v 0.090754 -0.146805 -0.140766
v 0.045769 -0.155753 -0.162828
v 0.045765 -0.155765 -0.140750
v -0.000000 -0.158753 -0.083859
v -0.000000 -0.158753 -0.105921
v -0.134187 -0.132061 -0.105921
v -0.159037 -0.121376 -0.083859
v -0.090754 -0.146805 -0.162828
v -0.090754 -0.146805 -0.140766
v -0.045769 -0.155753 -0.140766
v -0.045769 -0.155753 -0.162828
v -0.151719 -0.124985 -0.162828
v -0.134187 -0.132061 -0.140766
v -0.278187 -0.021566 -0.105921
v -0.278187 -0.021566 -0.083859
v -0.338699 0.101140 -0.105921
v -0.338699 0.101140 -0.083859
v -0.347653 0.146127 -0.105936
v -0.347647 0.146126 -0.083859
v -0.347647 0.237663 -0.083859
v -0.347647 0.237663 -0.105921
v -0.338699 0.282648 -0.105921
v -0.338699 0.282648 -0.083859
v -0.350647 0.191894 -0.140766
v -0.350647 0.191894 -0.162828
v -0.278187 0.405355 -0.105921
v -0.278187 0.405355 -0.083859
v -0.247945 0.439839 -0.105921
v -0.247945 0.439839 -0.083859
v -0.247945 0.439839 -0.083859
v -0.247945 0.439839 -0.105921
v -0.213460 0.470081 -0.105921
v -0.213460 0.470081 -0.083859
v -0.231491 0.455859 -0.162828
v -0.247945 0.439839 -0.140766
v -0.090754 0.530593 -0.162828
v -0.090754 0.530593 -0.140766
v -0.045769 0.539541 -0.162828
v -0.045765 0.539553 -0.140751
v -0.000000 0.542541 -0.083859
v -0.000000 0.542541 -0.105921
v 0.045402 0.348752 -0.162828
v 0.045769 0.539541 -0.162828
v 0.045769 0.539541 -0.140766
v 0.045004 0.348712 -0.140766
v 0.090754 0.530593 -0.162828
v 0.090754 0.530593 -0.140766
v 0.045769 0.539541 -0.140766
v 0.045769 0.539541 -0.162828
v 0.159037 0.505165 -0.083859
v 0.175323 0.495563 -0.105921
v 0.278187 0.405355 -0.105921
v 0.278187 0.405355 -0.083859
v 0.213460 0.470081 -0.162828
v 0.195056 0.483816 -0.140740
v 0.338699 0.282648 -0.105921
v 0.338699 0.282648 -0.083859
v 0.347653 0.237661 -0.105936
v 0.347647 0.237663 -0.083859
v 0.392645 0.140202 -0.103666
v 0.392645 0.140202 -0.143021
v 0.382539 0.089393 -0.143021
v 0.382539 0.089393 -0.103666
v 0.382539 0.089393 -0.103666
v 0.382539 0.089393 -0.143021
v 0.365887 0.040339 -0.143021
v 0.365887 0.040339 -0.103666
v 0.342975 -0.006122 -0.143021
v 0.342975 -0.006122 -0.103666
v 0.314194 -0.049195 -0.143021
v 0.314194 -0.049195 -0.103666
v 0.280038 -0.088143 -0.143021
v 0.280038 -0.088143 -0.103666
v 0.241090 -0.122300 -0.143021
v 0.241090 -0.122300 -0.103666
v 0.198017 -0.151081 -0.143021
v 0.198017 -0.151081 -0.103666
v 0.151555 -0.173993 -0.143021
v 0.151555 -0.173993 -0.103666
v 0.102501 -0.190644 -0.143021
v 0.102501 -0.190644 -0.103666
v 0.051693 -0.200751 -0.143021
v 0.051693 -0.200751 -0.103666
v 0.000000 -0.204139 -0.143021
v 0.000000 -0.204139 -0.103666
v -0.051693 -0.200751 -0.143021
v -0.051693 -0.200751 -0.103666
v -0.102501 -0.190644 -0.143021
v -0.102501 -0.190644 -0.103666
v -0.151555 -0.173993 -0.143021
v -0.151555 -0.173993 -0.103666
v -0.151555 -0.173993 -0.103666
v -0.151555 -0.173993 -0.143021
v -0.198017 -0.151081 -0.143021
v -0.198017 -0.151081 -0.103666
v -0.241090 -0.122300 -0.143021
v -0.241090 -0.122300 -0.103666
v -0.280038 -0.088143 -0.143021
v -0.280038 -0.088143 -0.103666
v -0.314194 -0.049195 -0.143021
v -0.314194 -0.049195 -0.103666
v -0.342975 -0.006122 -0.143021
v -0.342975 -0.006122 -0.103666
v -0.365887 0.040339 -0.143021
v -0.365887 0.040339 -0.103666
v -0.382539 0.089393 -0.143021
v -0.382539 0.089393 -0.103666
v -0.392645 0.140202 -0.143021
v -0.392645 0.140202 -0.103666
v -0.396033 0.191894 -0.143021
v -0.396033 0.191894 -0.103666
v -0.392645 0.243587 -0.143021
v -0.392645 0.243587 -0.103666
v -0.382539 0.294395 -0.143021
v -0.382539 0.294395 -0.103666
v -0.365887 0.343450 -0.143021
v -0.365887 0.343450 -0.103666
v -0.342975 0.389911 -0.143021
v -0.342975 0.389911 -0.103666
v -0.314194 0.432984 -0.143021
v -0.314194 0.432984 -0.103666
v -0.280038 0.471932 -0.143021
v -0.280038 0.471932 -0.103666
v -0.280038 0.471932 -0.103666
v -0.280038 0.471932 -0.143021
v -0.241090 0.506089 -0.143021
v -0.241090 0.506089 -0.103666
v -0.198017 0.534869 -0.143021
v -0.198017 0.534869 -0.103666
v -0.151555 0.557781 -0.143021
v -0.151555 0.557781 -0.103666
v -0.102501 0.574433 -0.143021
v -0.102501 0.574433 -0.103666
v -0.051693 0.584539 -0.143021
v -0.051693 0.584539 -0.103666
v 0.000000 0.587928 -0.143021
v 0.000000 0.587928 -0.103666
v 0.051693 0.584539 -0.143021
v 0.051693 0.584539 -0.103666
v 0.102501 0.574433 -0.143021
v 0.102501 0.574433 -0.103666
v 0.151555 0.557781 -0.143021
v 0.151555 0.557781 -0.103666
v 0.198017 0.534869 -0.143021
v 0.198017 0.534869 -0.103666
v 0.198017 0.534869 -0.103666
v 0.198017 0.534869 -0.143021
v 0.241090 0.506089 -0.143021
v 0.241090 0.506089 -0.103666
v 0.280038 0.471932 -0.143021
v 0.280038 0.471932 -0.103666
v 0.314194 0.432984 -0.143021
v 0.314194 0.432984 -0.103666
v 0.342975 0.389911 -0.143021
v 0.342975 0.389911 -0.103666
v 0.365887 0.343450 -0.143021
v 0.365887 0.343450 -0.103666
v 0.382539 0.294395 -0.143021
v 0.382539 0.294395 -0.103666
v 0.392645 0.243587 -0.143021
v 0.392645 0.243587 -0.103666
v 0.396033 0.191894 -0.143021
v 0.396033 0.191894 -0.103666
v -0.258066 0.160231 -0.105921
v -0.275686 0.167382 -0.105921
v -0.276529 0.168621 -0.083859
v -0.256657 0.159500 -0.083859
v -0.367436 0.290349 -0.169122
v -0.367436 0.290349 -0.162828
v -0.049652 -0.185250 -0.169122
v -0.049652 -0.185250 -0.162828
v 0.000000 -0.188504 -0.162828
v -0.000000 -0.188504 -0.169122
v 0.161140 0.580922 -0.162828
v 0.161140 0.580922 -0.169122
v -0.406732 0.300878 -0.162828
v -0.406732 0.300878 -0.169122
v -0.000000 -0.229186 -0.169122
v -0.000000 -0.229186 -0.162828
v -0.054962 -0.225583 -0.162828
v -0.054962 -0.225583 -0.169122
v -0.098454 -0.175542 -0.169122
v -0.098454 -0.175542 -0.162828
v -0.406732 0.300878 -0.169122
v -0.406732 0.300878 -0.162828
v -0.389027 0.353035 -0.162828
v -0.389027 0.353035 -0.169122
v -0.108984 -0.214838 -0.162828
v -0.108984 -0.214838 -0.169122
v 0.231572 0.493685 -0.169122
v 0.231572 0.493685 -0.162828
v 0.190199 0.521329 -0.162828
v 0.190199 0.521329 -0.169122
v -0.145572 -0.159548 -0.169122
v -0.145572 -0.159548 -0.162828
v 0.377144 0.142242 -0.169122
v 0.377144 0.142242 -0.162828
v 0.210540 0.556560 -0.169122
v 0.210540 0.556560 -0.162828
v 0.256337 0.525960 -0.162828
v 0.256337 0.525960 -0.169122
v 0.417478 0.136932 -0.162828
v 0.417478 0.136932 -0.169122
v 0.268982 0.460876 -0.169122
v 0.268982 0.460876 -0.162828
v -0.301790 0.423466 -0.169122
v -0.301790 0.423466 -0.162828
v 0.367436 0.093440 -0.169122
v 0.367436 0.093440 -0.162828
v 0.297749 0.489643 -0.162828
v 0.297749 0.489643 -0.169122
v -0.364666 0.402434 -0.169122
v -0.364666 0.402434 -0.162828
v -0.334065 0.448232 -0.162828
v -0.334065 0.448232 -0.169122
v 0.406732 0.082910 -0.162828
v 0.406732 0.082911 -0.169122
v -0.268982 0.460876 -0.169122
v -0.268982 0.460876 -0.162828
v -0.231572 -0.109896 -0.169122
v -0.231572 -0.109896 -0.162828
v 0.367436 0.093440 -0.162828
v 0.367436 0.093440 -0.169122
v -0.297749 0.489643 -0.162828
v -0.297749 0.489643 -0.169122
v -0.210540 -0.172772 -0.169122
v -0.210540 -0.172772 -0.162828
v -0.256337 -0.142171 -0.162828
v -0.256337 -0.142171 -0.169122
v 0.161140 0.580922 -0.169122
v 0.161140 0.580922 -0.162828
v -0.268982 0.460876 -0.162828
v -0.268982 0.460876 -0.169122
v -0.268982 -0.077088 -0.169122
v -0.268982 -0.077088 -0.162828
v 0.301790 -0.039677 -0.169122
v 0.301790 -0.039677 -0.162828
v 0.190199 0.521329 -0.169122
v 0.190199 0.521329 -0.162828
v -0.045534 0.348235 -0.140766
v -0.045765 0.539553 -0.140751
v -0.045769 0.539541 -0.162828
v -0.045327 0.348387 -0.162828
v -0.156437 0.146350 -0.083859
v -0.347647 0.146126 -0.083859
v -0.347653 0.146127 -0.105936
v -0.156401 0.146586 -0.105921
v -0.156858 0.237297 -0.083859
v -0.156818 0.236898 -0.105921
v -0.347647 0.237663 -0.105921
v -0.347647 0.237663 -0.083859
v 0.160000 0.223720 -0.191459
v 0.156401 0.237202 -0.105921
v 0.163135 0.191894 -0.105921
v 0.163135 0.191894 -0.191459
v -0.160000 0.160068 -0.191459
v -0.156401 0.146586 -0.105921
v -0.163134 0.191894 -0.105921
v -0.163134 0.191894 -0.191459
v 0.347653 0.237661 -0.105936
v 0.156401 0.237202 -0.105921
v 0.156437 0.237438 -0.083859
v 0.347647 0.237663 -0.083859
v 0.156728 0.146519 -0.105921
v 0.160000 0.160068 -0.191459
v 0.000000 0.028760 -0.191459
v 0.000000 0.028760 -0.162828
v -0.045402 0.035037 -0.162828
v -0.031826 0.031894 -0.191459
v -0.031826 0.351894 -0.191459
v -0.045327 0.348387 -0.162828
v -0.000000 0.355029 -0.162828
v -0.000000 0.355029 -0.191459
v 0.045402 0.348752 -0.162828
v 0.031826 0.351894 -0.191459
v 0.045769 -0.155753 -0.162828
v 0.045327 0.035401 -0.162828
v 0.045534 0.035553 -0.140766
v 0.045765 -0.155765 -0.140750
v 0.031826 0.031894 -0.191459
v 0.045327 0.035401 -0.162828
v -0.045769 -0.155753 -0.140766
v -0.045004 0.035077 -0.140766
v -0.045402 0.035037 -0.162828
v -0.045769 -0.155753 -0.162828
v -0.156818 0.236898 -0.105921
v -0.160000 0.223720 -0.191459
v 0.347647 0.146126 -0.083859
v 0.156938 0.146839 -0.083859
v 0.156728 0.146519 -0.105921
v 0.347647 0.146126 -0.105921
v 0.047375 0.120992 -0.060766
v 0.047375 0.120992 -0.191459
v 0.026294 0.110389 -0.191459
v 0.023420 0.109517 -0.060766
v -0.009888 0.106825 -0.060766
v -0.006898 0.106531 -0.191459
v -0.039040 0.115669 -0.191459
v -0.032632 0.113112 -0.060766
v 0.065239 0.136411 -0.060766
v 0.067145 0.138733 -0.191459
v -0.074810 0.233584 -0.060766
v -0.076226 0.230935 -0.191459
v -0.060297 0.252191 -0.191459
v -0.053161 0.259039 -0.060766
v -0.085069 0.201782 -0.060765
v -0.085363 0.198793 -0.191459
v -0.083634 0.175258 -0.060766
v -0.083634 0.175258 -0.191459
v -0.076226 0.152854 -0.060766
v -0.074810 0.150205 -0.191459
v 0.053161 0.259039 -0.191459
v 0.047375 0.262796 -0.060766
v -0.245669 0.222555 -0.083859
v -0.260636 0.223316 -0.083859
v -0.256954 0.223667 -0.105921
v -0.242126 0.221493 -0.105921
v 0.029258 0.466037 -0.140766
v 0.015908 0.479579 -0.140766
v 0.017522 0.478717 -0.162828
v 0.032742 0.459067 -0.162828
v -0.032114 -0.064704 -0.140766
v -0.024512 -0.085205 -0.140766
v -0.027146 -0.081083 -0.162828
v -0.031773 -0.066473 -0.162828
v -0.284723 0.182107 -0.083859
v -0.276529 0.168621 -0.083859
v -0.275686 0.167382 -0.105921
v -0.285808 0.185644 -0.105921
v 0.004080 0.418641 -0.140766
v 0.022714 0.426008 -0.140766
v 0.015944 0.422148 -0.162828
v 0.000829 0.418511 -0.162828
v 0.017177 -0.036759 -0.140766
v 0.003120 -0.032230 -0.140766
v 0.003130 -0.032125 -0.162828
v 0.018506 -0.037647 -0.162828
v 0.240282 0.219739 -0.083859
v 0.229161 0.209694 -0.083859
v 0.231114 0.212153 -0.105921
v 0.247252 0.223223 -0.105921
v -0.030367 0.453650 -0.162828
v -0.029545 0.459911 -0.140766
v -0.028357 0.438189 -0.140766
v -0.027118 0.435270 -0.162828
v -0.002271 -0.096299 -0.140766
v 0.018506 -0.090163 -0.140766
v 0.014531 -0.092277 -0.162828
v -0.000799 -0.096020 -0.162828
v 0.265069 0.161335 -0.105921
v 0.262050 0.160472 -0.083859
v 0.276058 0.167209 -0.083859
v 0.280807 0.171371 -0.105921
v 0.028372 -0.078436 -0.140766
v 0.032115 -0.063106 -0.140766
v 0.032115 -0.064704 -0.162828
v 0.026258 -0.082411 -0.162828
v 0.283963 0.206948 -0.105921
v 0.285398 0.204155 -0.083859
v 0.276058 0.216579 -0.083859
v 0.271050 0.220425 -0.105921
v -0.005869 0.481738 -0.140766
v -0.019238 0.474802 -0.140766
v -0.023099 0.471820 -0.162828
v -0.004258 0.482028 -0.162828
v -0.013028 -0.034541 -0.162828
v -0.011552 -0.033930 -0.140766
v -0.026792 -0.046003 -0.140766
v -0.028531 -0.048655 -0.162828
v 0.003130 -0.032125 -0.162828
v 0.003120 -0.032230 -0.140766
v -0.011552 -0.033930 -0.140766
v -0.013028 -0.034541 -0.162828
v 0.027845 -0.048388 -0.140766
v 0.017177 -0.036759 -0.140766
v 0.018506 -0.037647 -0.162828
v 0.028372 -0.049374 -0.162828
v 0.032115 -0.063106 -0.140766
v 0.027845 -0.048388 -0.140766
v 0.028372 -0.049374 -0.162828
v 0.032115 -0.064704 -0.162828
v -0.238869 0.164050 -0.083859
v -0.227240 0.174717 -0.083859
v -0.229701 0.171636 -0.105921
v -0.242835 0.161918 -0.105921
v 0.015908 0.479579 -0.140766
v -0.005869 0.481738 -0.140766
v -0.004258 0.482028 -0.162828
v 0.017522 0.478717 -0.162828
v 0.062429 0.342611 -0.060512
v 0.062429 0.342611 -0.191459
v 0.416514 0.364420 -0.162828
v 0.462793 0.383590 -0.162828
v 0.515768 0.385809 -0.162828
v 0.532241 0.334508 -0.162828
v 0.543625 0.281843 -0.162828
v 0.496639 0.257278 -0.162828
v 0.446975 0.250740 -0.162828
v 0.450832 0.191894 -0.162828
v 0.446975 0.133049 -0.162828
v 0.496639 0.126511 -0.162828
v 0.543625 0.101945 -0.162828
v 0.532241 0.049281 -0.162828
v 0.515768 -0.002020 -0.162828
v 0.462793 0.000199 -0.162828
v 0.416514 0.019369 -0.162828
v 0.390432 -0.033522 -0.162828
v 0.357669 -0.082555 -0.162828
v 0.397410 -0.113049 -0.162828
v 0.425819 -0.157816 -0.162828
v 0.389628 -0.197733 -0.162828
v 0.349711 -0.233924 -0.162828
v 0.304943 -0.205515 -0.162828
v 0.274449 -0.165774 -0.162828
v 0.225416 -0.198537 -0.162828
v 0.172526 -0.224620 -0.162828
v 0.191695 -0.270899 -0.162828
v 0.193914 -0.323873 -0.162828
v 0.142613 -0.340347 -0.162828
v 0.089949 -0.351731 -0.162828
v 0.065384 -0.304744 -0.162828
v 0.058845 -0.255080 -0.162828
v -0.000000 -0.258937 -0.162828
v -0.058845 -0.255080 -0.162828
v -0.065384 -0.304744 -0.162828
v -0.089949 -0.351731 -0.162828
v -0.142613 -0.340347 -0.162828
v -0.193914 -0.323873 -0.162828
v -0.191695 -0.270899 -0.162828
v -0.172526 -0.224620 -0.162828
v -0.225416 -0.198537 -0.162828
v -0.274449 -0.165774 -0.162828
v -0.304943 -0.205515 -0.162828
v -0.349711 -0.233924 -0.162828
v -0.389628 -0.197733 -0.162828
v -0.425819 -0.157816 -0.162828
v -0.397410 -0.113049 -0.162828
v -0.357669 -0.082555 -0.162828
v -0.390432 -0.033522 -0.162828
v -0.416514 0.019369 -0.162828
v -0.462793 0.000199 -0.162828
v -0.515768 -0.002020 -0.162828
v -0.532241 0.049281 -0.162828
v -0.543625 0.101945 -0.162828
v -0.496639 0.126511 -0.162828
v -0.446975 0.133049 -0.162828
v -0.450832 0.191894 -0.162828
v -0.446975 0.250740 -0.162828
v -0.496639 0.257278 -0.162828
v -0.543625 0.281843 -0.162828
v -0.532241 0.334508 -0.162828
v -0.515768 0.385809 -0.162828
v -0.462793 0.383590 -0.162828
v -0.416514 0.364420 -0.162828
v -0.390432 0.417310 -0.162828
v -0.357669 0.466343 -0.162828
v -0.397410 0.496838 -0.162828
v -0.425819 0.541605 -0.162828
v -0.389628 0.581522 -0.162828
v -0.349711 0.617713 -0.162828
v -0.304943 0.589304 -0.162828
v -0.274449 0.549563 -0.162828
v -0.225416 0.582326 -0.162828
v -0.172526 0.608408 -0.162828
v -0.108984 0.598627 -0.162828
v -0.161140 0.580922 -0.162828
v -0.210540 0.556560 -0.162828
v -0.256337 0.525960 -0.162828
v -0.297749 0.489643 -0.162828
v -0.334065 0.448232 -0.162828
v -0.364666 0.402434 -0.162828
v -0.389027 0.353035 -0.162828
v -0.406732 0.300878 -0.162828
v -0.417478 0.246856 -0.162828
v -0.421080 0.191894 -0.162828
v -0.417478 0.136932 -0.162828
v -0.406732 0.082911 -0.162828
v -0.389027 0.030754 -0.162828
v -0.364666 -0.018646 -0.162828
v -0.334065 -0.064443 -0.162828
v -0.297749 -0.105854 -0.162828
v -0.256337 -0.142171 -0.162828
v -0.210540 -0.172772 -0.162828
v -0.161140 -0.197133 -0.162828
v -0.108984 -0.214838 -0.162828
v -0.054962 -0.225583 -0.162828
v -0.000000 -0.229186 -0.162828
v 0.054962 -0.225583 -0.162828
v 0.108984 -0.214838 -0.162828
v 0.161140 -0.197133 -0.162828
v 0.210540 -0.172772 -0.162828
v 0.256337 -0.142171 -0.162828
v 0.297749 -0.105854 -0.162828
v 0.334065 -0.064443 -0.162828
v 0.364666 -0.018646 -0.162828
v 0.389027 0.030754 -0.162828
v 0.406732 0.082910 -0.162828
v 0.417478 0.136932 -0.162828
v 0.421080 0.191894 -0.162828
v 0.417478 0.246856 -0.162828
v 0.406732 0.300878 -0.162828
v 0.389027 0.353035 -0.162828
v 0.213460 -0.086293 -0.083859
v 0.151719 -0.124985 -0.083859
v 0.172526 -0.224620 -0.083859
v 0.225416 -0.198537 -0.083859
v 0.274449 -0.165774 -0.083859
v 0.304943 -0.205515 -0.083859
v 0.349711 -0.233924 -0.083859
v 0.389627 -0.197733 -0.083859
v 0.425819 -0.157816 -0.083859
v 0.397410 -0.113049 -0.083859
v 0.357669 -0.082555 -0.083859
v 0.390432 -0.033522 -0.083859
v 0.416514 0.019368 -0.083859
v 0.462793 0.000199 -0.083859
v 0.515768 -0.002020 -0.083859
v 0.532241 0.049281 -0.083859
v 0.543625 0.101945 -0.083859
v 0.496639 0.126511 -0.083859
v 0.446975 0.133049 -0.083859
v 0.450832 0.191894 -0.083859
v 0.446975 0.250740 -0.083859
v 0.496639 0.257278 -0.083859
v 0.543625 0.281843 -0.083859
v 0.532241 0.334508 -0.083859
v 0.515768 0.385809 -0.083859
v 0.462793 0.383590 -0.083859
v 0.416514 0.364420 -0.083859
v 0.390432 0.417310 -0.083859
v 0.357669 0.466343 -0.083859
v 0.397410 0.496838 -0.083859
v 0.425819 0.541605 -0.083859
v 0.389627 0.581522 -0.083859
v 0.349711 0.617713 -0.083859
v 0.304943 0.589304 -0.083859
v 0.274449 0.549563 -0.083859
v 0.225416 0.582326 -0.083859
v 0.172526 0.608408 -0.083859
v 0.191695 0.654688 -0.083859
v 0.193914 0.707662 -0.083859
v 0.142614 0.724135 -0.083859
v 0.089949 0.735519 -0.083859
v 0.065384 0.688533 -0.083859
v 0.058845 0.638869 -0.083859
v -0.000000 0.642726 -0.083859
v -0.058845 0.638869 -0.083859
v -0.065384 0.688533 -0.083859
v -0.089949 0.735519 -0.083859
v -0.142614 0.724135 -0.083859
v -0.193914 0.707662 -0.083859
v -0.191695 0.654688 -0.083859
v -0.172526 0.608408 -0.083859
v -0.225416 0.582326 -0.083859
v -0.274449 0.549563 -0.083859
v -0.304943 0.589304 -0.083859
v -0.349711 0.617713 -0.083859
v -0.389627 0.581522 -0.083859
v -0.425819 0.541605 -0.083859
v -0.397410 0.496838 -0.083859
v -0.357669 0.466343 -0.083859
v -0.390432 0.417310 -0.083859
v -0.416514 0.364420 -0.083859
v -0.462793 0.383590 -0.083859
v -0.515768 0.385809 -0.083859
v -0.532241 0.334508 -0.083859
v -0.543625 0.281843 -0.083859
v -0.496639 0.257278 -0.083859
v -0.446975 0.250740 -0.083859
v -0.450832 0.191894 -0.083859
v -0.446975 0.133049 -0.083859
v -0.496639 0.126511 -0.083859
v -0.543625 0.101945 -0.083859
v -0.532241 0.049281 -0.083859
v -0.515768 -0.002020 -0.083859
v -0.462793 0.000199 -0.083859
v -0.416514 0.019368 -0.083859
v -0.390432 -0.033522 -0.083859
v -0.357669 -0.082555 -0.083859
v -0.397410 -0.113049 -0.083859
v -0.425819 -0.157816 -0.083859
v -0.389627 -0.197733 -0.083859
v -0.349711 -0.233924 -0.083859
v -0.304943 -0.205515 -0.083859
v -0.274449 -0.165774 -0.083859
v -0.225416 -0.198537 -0.083859
v -0.172526 -0.224620 -0.083859
v -0.191695 -0.270899 -0.083859
v -0.193914 -0.323873 -0.083859
v -0.142614 -0.340347 -0.083859
v -0.089949 -0.351731 -0.083859
v -0.065384 -0.304744 -0.083859
v -0.058845 -0.255080 -0.083859
v -0.000000 -0.258937 -0.083859
v -0.000000 -0.158753 -0.083859
v -0.072537 -0.151864 -0.083859
v -0.159037 -0.121376 -0.083859
v -0.234698 -0.069540 -0.083859
v -0.278187 -0.021566 -0.083859
v -0.316879 0.040175 -0.083859
v -0.338699 0.101140 -0.083859
v -0.347647 0.146126 -0.083859
v -0.286039 0.197376 -0.083859
v -0.277171 0.214679 -0.083859
v -0.260636 0.223316 -0.083859
v -0.245669 0.222555 -0.083859
v -0.232243 0.215168 -0.083859
v -0.222171 0.195986 -0.083859
v -0.163134 0.191894 -0.083859
v -0.156858 0.237297 -0.083859
v -0.347647 0.237663 -0.083859
v -0.338699 0.282648 -0.083859
v -0.313270 0.350931 -0.083859
v -0.278187 0.405355 -0.083859
v -0.247945 0.439839 -0.083859
v -0.213460 0.470081 -0.083859
v -0.151719 0.508774 -0.083859
v -0.064535 0.537244 -0.083859
v -0.000000 0.542541 -0.083859
v 0.072537 0.535652 -0.083859
v 0.159037 0.505165 -0.083859
v 0.234698 0.453329 -0.083859
v 0.278187 0.405355 -0.083859
v 0.316879 0.343613 -0.083859
v 0.338699 0.282648 -0.083859
v 0.347647 0.237663 -0.083859
v 0.287128 0.183347 -0.083859
v 0.276058 0.167209 -0.083859
v 0.262050 0.160472 -0.083859
v 0.247083 0.161233 -0.083859
v 0.233656 0.168621 -0.083859
v 0.223348 0.188698 -0.083859
v 0.163135 0.191894 -0.083859
v 0.156938 0.146839 -0.083859
v 0.347647 0.146126 -0.083859
v 0.338699 0.101140 -0.083859
v 0.313270 0.032857 -0.083859
v 0.261434 -0.042804 -0.083859
v -0.191695 0.654688 -0.162828
v -0.193914 0.707662 -0.162828
v -0.142613 0.724135 -0.162828
v -0.089949 0.735519 -0.162828
v -0.065384 0.688533 -0.162828
v -0.058845 0.638869 -0.162828
v -0.000000 0.642726 -0.162828
v 0.058845 0.638869 -0.162828
v 0.065384 0.688533 -0.162828
v 0.089949 0.735519 -0.162828
v 0.142613 0.724135 -0.162828
v 0.193914 0.707662 -0.162828
v 0.191695 0.654688 -0.162828
v 0.172526 0.608408 -0.162828
v 0.225416 0.582326 -0.162828
v 0.274449 0.549563 -0.162828
v 0.304943 0.589304 -0.162828
v 0.349711 0.617713 -0.162828
v 0.389628 0.581522 -0.162828
v 0.425819 0.541605 -0.162828
v 0.397410 0.496838 -0.162828
v 0.357669 0.466343 -0.162828
v 0.390432 0.417310 -0.162828
v 0.364666 0.402434 -0.162828
v 0.334065 0.448232 -0.162828
v 0.297749 0.489643 -0.162828
v 0.256337 0.525960 -0.162828
v 0.210540 0.556560 -0.162828
v 0.161140 0.580922 -0.162828
v 0.108984 0.598626 -0.162828
v 0.054962 0.609372 -0.162828
v -0.000000 0.612975 -0.162828
v -0.054962 0.609372 -0.162828
v -0.000000 0.355029 -0.191459
v 0.031826 0.351894 -0.191459
v 0.062429 0.342611 -0.191459
v 0.090633 0.327536 -0.191459
v 0.115354 0.307248 -0.191459
v 0.053161 0.259039 -0.191459
v 0.032633 0.270676 -0.191459
v 0.008382 0.276994 -0.191459
v -0.016636 0.275529 -0.191459
v -0.041690 0.266704 -0.191459
v -0.062429 0.342611 -0.191459
v -0.031826 0.351894 -0.191459
v -0.156818 0.236898 -0.105921
v -0.156858 0.237297 -0.083859
v -0.160000 0.223720 -0.060512
v -0.160000 0.223720 -0.191459
v -0.090633 0.327536 -0.060512
v -0.115354 0.307248 -0.060512
v -0.135641 0.282527 -0.060512
v -0.074810 0.233584 -0.060766
v -0.053161 0.259039 -0.060766
v -0.024823 0.273724 -0.060766
v 0.000000 0.277167 -0.060766
v 0.026294 0.273400 -0.060766
v 0.047375 0.262796 -0.060766
v 0.067145 0.245055 -0.060766
v 0.078782 0.224527 -0.060766
v 0.085363 0.198793 -0.060765
v 0.081505 0.165600 -0.060766
v 0.065239 0.136411 -0.060766
v 0.047375 0.120992 -0.060766
v 0.023420 0.109517 -0.060766
v 0.031826 0.031894 -0.060512
v 0.062429 0.041178 -0.060512
v 0.090633 0.056253 -0.060512
v 0.115354 0.076541 -0.060512
v 0.135641 0.101262 -0.060512
v 0.150717 0.129465 -0.060512
v 0.160000 0.160068 -0.060512
v 0.163135 0.191894 -0.060512
v 0.160000 0.223720 -0.060512
v 0.150717 0.254323 -0.060512
v 0.135641 0.282527 -0.060512
v 0.115354 0.307248 -0.060512
v 0.090633 0.327536 -0.060512
v 0.062429 0.342611 -0.060512
v 0.031826 0.351894 -0.060512
v -0.000000 0.355029 -0.060512
v -0.031826 0.351894 -0.060512
v -0.062429 0.342611 -0.060512
v 0.150717 0.254323 -0.191459
v 0.160000 0.223720 -0.191459
v 0.163135 0.191894 -0.191459
v 0.160000 0.160068 -0.191459
v 0.150717 0.129465 -0.191459
v 0.135641 0.101262 -0.191459
v 0.115354 0.076541 -0.191459
v 0.090633 0.056253 -0.191459
v 0.062429 0.041178 -0.191459
v 0.031826 0.031894 -0.191459
v 0.000000 0.028760 -0.191459
v -0.031826 0.031894 -0.191459
v -0.062429 0.041178 -0.191459
v -0.090632 0.056253 -0.191459
v -0.115353 0.076541 -0.191459
v -0.135641 0.101261 -0.191459
v -0.150717 0.129465 -0.191459
v -0.160000 0.160068 -0.191459
v -0.163134 0.191894 -0.191459
v -0.160000 0.223720 -0.191459
v -0.150717 0.254323 -0.191459
v -0.135641 0.282527 -0.191459
v -0.115354 0.307248 -0.191459
v -0.090633 0.327536 -0.191459
v -0.060297 0.252191 -0.191459
v -0.076226 0.230935 -0.191459
v -0.085363 0.198793 -0.191459
v -0.083634 0.175258 -0.191459
v -0.074810 0.150205 -0.191459
v -0.060297 0.131597 -0.191459
v -0.039040 0.115669 -0.191459
v -0.006898 0.106531 -0.191459
v 0.026294 0.110389 -0.191459
v 0.047375 0.120992 -0.191459
v 0.067145 0.138733 -0.191459
v 0.078782 0.159262 -0.191459
v 0.085363 0.184996 -0.191459
v 0.081505 0.218188 -0.191459
v 0.070902 0.239269 -0.191459
v 0.135641 0.282527 -0.191459
v -0.367436 0.093440 -0.162828
v -0.377144 0.142242 -0.162828
v -0.380398 0.191894 -0.162828
v -0.377144 0.241546 -0.162828
v -0.367436 0.290349 -0.162828
v -0.351442 0.337466 -0.162828
v -0.329435 0.382093 -0.162828
v -0.301790 0.423466 -0.162828
v -0.268982 0.460876 -0.162828
v -0.231572 0.493685 -0.162828
v -0.190199 0.521329 -0.162828
v -0.145572 0.543336 -0.162828
v -0.098454 0.559331 -0.162828
v -0.049652 0.569038 -0.162828
v -0.000000 0.572293 -0.162828
v -0.004258 0.482028 -0.162828
v -0.023099 0.471820 -0.162828
v -0.030367 0.453650 -0.162828
v -0.027118 0.435270 -0.162828
v -0.014104 0.422676 -0.162828
v 0.000829 0.418511 -0.162828
v -0.000000 0.355029 -0.162828
v -0.045327 0.348387 -0.162828
v -0.045769 0.539541 -0.162828
v -0.090754 0.530593 -0.162828
v -0.159037 0.505165 -0.162828
v -0.231491 0.455859 -0.162828
v -0.278187 0.405355 -0.162828
v -0.316879 0.343613 -0.162828
v -0.345350 0.256429 -0.162828
v -0.350647 0.191894 -0.162828
v -0.343758 0.119357 -0.162828
v -0.313270 0.032857 -0.162828
v -0.263964 -0.039596 -0.162828
v -0.213460 -0.086293 -0.162828
v -0.151719 -0.124985 -0.162828
v -0.090754 -0.146805 -0.162828
v -0.045769 -0.155753 -0.162828
v -0.045402 0.035037 -0.162828
v 0.000000 0.028760 -0.162828
v 0.003130 -0.032125 -0.162828
v -0.013028 -0.034541 -0.162828
v -0.028531 -0.048655 -0.162828
v -0.031773 -0.066473 -0.162828
v -0.027146 -0.081083 -0.162828
v -0.015517 -0.091750 -0.162828
v -0.000799 -0.096020 -0.162828
v 0.000000 -0.188504 -0.162828
v -0.049652 -0.185250 -0.162828
v -0.098454 -0.175542 -0.162828
v -0.145572 -0.159548 -0.162828
v -0.190199 -0.137540 -0.162828
v -0.231572 -0.109896 -0.162828
v -0.268982 -0.077088 -0.162828
v -0.301790 -0.039677 -0.162828
v -0.329435 0.001695 -0.162828
v -0.351442 0.046322 -0.162828
v 0.089949 -0.351731 -0.083859
v 0.142614 -0.340347 -0.083859
v 0.193914 -0.323873 -0.083859
v 0.191695 -0.270899 -0.083859
v 0.064535 -0.153455 -0.083859
v 0.058845 -0.255080 -0.083859
v 0.065384 -0.304744 -0.083859
v 0.323955 0.057708 -0.105921
v 0.338699 0.101140 -0.105921
v 0.347647 0.146126 -0.105921
v 0.156728 0.146519 -0.105921
v 0.163135 0.191894 -0.105921
v 0.224146 0.197376 -0.105921
v 0.227268 0.176644 -0.105921
v 0.245501 0.161097 -0.105921
v 0.265069 0.161335 -0.105921
v 0.280807 0.171371 -0.105921
v 0.287914 0.191095 -0.105921
v 0.347653 0.237661 -0.105936
v 0.392645 0.243587 -0.103666
v 0.396033 0.191894 -0.103666
v 0.392645 0.140202 -0.103666
v 0.382539 0.089393 -0.103666
v 0.365887 0.040339 -0.103666
v 0.342975 -0.006122 -0.103666
v 0.314194 -0.049195 -0.103666
v 0.280038 -0.088143 -0.103666
v 0.241090 -0.122300 -0.103666
v 0.198017 -0.151081 -0.103666
v 0.151555 -0.173993 -0.103666
v 0.102501 -0.190644 -0.103666
v 0.051693 -0.200751 -0.103666
v 0.000000 -0.204139 -0.103666
v -0.051693 -0.200751 -0.103666
v -0.102501 -0.190644 -0.103666
v -0.151555 -0.173993 -0.103666
v -0.198017 -0.151081 -0.103666
v -0.241090 -0.122300 -0.103666
v -0.280038 -0.088143 -0.103666
v -0.314194 -0.049195 -0.103666
v -0.342975 -0.006122 -0.103666
v -0.365887 0.040339 -0.103666
v -0.382539 0.089393 -0.103666
v -0.392645 0.140202 -0.103666
v -0.347653 0.146127 -0.105936
v -0.338699 0.101140 -0.105921
v -0.323955 0.057708 -0.105921
v -0.303669 0.016571 -0.105921
v -0.278187 -0.021566 -0.105921
v -0.247945 -0.056050 -0.105921
v -0.213460 -0.086293 -0.105921
v -0.175323 -0.111775 -0.105921
v -0.134187 -0.132061 -0.105921
v -0.090754 -0.146805 -0.105921
v -0.045769 -0.155753 -0.105921
v -0.000000 -0.158753 -0.105921
v 0.045769 -0.155753 -0.105921
v 0.090754 -0.146805 -0.105921
v 0.134187 -0.132061 -0.105921
v 0.175323 -0.111775 -0.105921
v 0.213460 -0.086293 -0.105921
v 0.247945 -0.056050 -0.105921
v 0.278187 -0.021566 -0.105921
v 0.303669 0.016571 -0.105921
v 0.342975 0.389911 -0.143021
v 0.314194 0.432984 -0.143021
v 0.280038 0.471932 -0.143021
v 0.241090 0.506089 -0.143021
v 0.198017 0.534869 -0.143021
v 0.151555 0.557781 -0.143021
v 0.102501 0.574433 -0.143021
v 0.051693 0.584539 -0.143021
v 0.000000 0.587928 -0.143021
v -0.051693 0.584539 -0.143021
v -0.045765 0.539553 -0.140751
v -0.005869 0.481738 -0.140766
v 0.015908 0.479579 -0.140766
v 0.029258 0.466037 -0.140766
v 0.033808 0.448249 -0.140766
v 0.022714 0.426008 -0.140766
v 0.004080 0.418641 -0.140766
v -0.000000 0.355029 -0.140766
v 0.045004 0.348712 -0.140766
v 0.045769 0.539541 -0.140766
v 0.090754 0.530593 -0.140766
v 0.134187 0.515850 -0.140766
v 0.195056 0.483816 -0.140740
v 0.247945 0.439839 -0.140766
v 0.278187 0.405355 -0.140766
v 0.303669 0.367218 -0.140766
v 0.323955 0.326081 -0.140766
v 0.338699 0.282648 -0.140766
v 0.347647 0.237663 -0.140766
v 0.350647 0.191894 -0.140766
v 0.347647 0.146126 -0.140766
v 0.338699 0.101140 -0.140766
v 0.323955 0.057708 -0.140766
v 0.291922 -0.003161 -0.140740
v 0.247945 -0.056050 -0.140766
v 0.213460 -0.086293 -0.140766
v 0.175323 -0.111775 -0.140766
v 0.134187 -0.132061 -0.140766
v 0.090754 -0.146805 -0.140766
v 0.045765 -0.155765 -0.140750
v 0.051693 -0.200751 -0.143021
v 0.102501 -0.190644 -0.143021
v 0.151555 -0.173993 -0.143021
v 0.198017 -0.151081 -0.143021
v 0.241090 -0.122300 -0.143021
v 0.280038 -0.088143 -0.143021
v 0.314194 -0.049195 -0.143021
v 0.342975 -0.006122 -0.143021
v 0.365887 0.040339 -0.143021
v 0.382539 0.089393 -0.143021
v 0.392645 0.140202 -0.143021
v 0.396033 0.191894 -0.143021
v 0.392645 0.243587 -0.143021
v 0.382539 0.294395 -0.143021
v 0.365887 0.343450 -0.143021
v -0.045534 0.348235 -0.140766
v -0.013837 0.421989 -0.140766
v -0.028357 0.438189 -0.140766
v -0.029545 0.459911 -0.140766
v -0.019238 0.474802 -0.140766
v -0.247945 0.439839 -0.105921
v -0.278187 0.405355 -0.105921
v -0.303669 0.367218 -0.105921
v -0.323955 0.326081 -0.105921
v -0.338699 0.282648 -0.105921
v -0.347647 0.237663 -0.105921
v -0.156818 0.236898 -0.105921
v -0.163134 0.191894 -0.105921
v -0.222191 0.188723 -0.105921
v -0.227594 0.209796 -0.105921
v -0.242126 0.221493 -0.105921
v -0.256954 0.223667 -0.105921
v -0.271564 0.219040 -0.105921
v -0.284156 0.204225 -0.105921
v -0.285808 0.185644 -0.105921
v -0.396033 0.191894 -0.103666
v -0.392645 0.243587 -0.103666
v -0.382539 0.294395 -0.103666
v -0.365887 0.343450 -0.103666
v -0.342975 0.389911 -0.103666
v -0.314194 0.432984 -0.103666
v -0.280038 0.471932 -0.103666
v -0.241090 0.506089 -0.103666
v -0.198017 0.534869 -0.103666
v -0.151555 0.557781 -0.103666
v -0.102501 0.574433 -0.103666
v -0.051693 0.584539 -0.103666
v 0.000000 0.587928 -0.103666
v 0.051693 0.584539 -0.103666
v 0.102501 0.574433 -0.103666
v 0.151555 0.557781 -0.103666
v 0.198017 0.534869 -0.103666
v 0.241090 0.506089 -0.103666
v 0.280038 0.471932 -0.103666
v 0.314194 0.432984 -0.103666
v 0.342975 0.389911 -0.103666
v 0.365887 0.343450 -0.103666
v 0.382539 0.294395 -0.103666
v 0.338699 0.282648 -0.105921
v 0.323955 0.326081 -0.105921
v 0.303669 0.367218 -0.105921
v 0.278187 0.405355 -0.105921
v 0.247945 0.439839 -0.105921
v 0.213460 0.470081 -0.105921
v 0.175323 0.495563 -0.105921
v 0.134187 0.515850 -0.105921
v 0.090754 0.530593 -0.105921
v 0.045769 0.539541 -0.105921
v -0.000000 0.542541 -0.105921
v -0.045769 0.539541 -0.105921
v -0.090754 0.530593 -0.105921
v -0.134187 0.515850 -0.105921
v -0.175323 0.495563 -0.105921
v -0.213460 0.470081 -0.105921
v 0.367436 0.290349 -0.169122
v 0.351442 0.337466 -0.169122
v 0.329435 0.382093 -0.169122
v 0.301790 0.423466 -0.169122
v 0.334065 0.448232 -0.169122
v 0.364666 0.402434 -0.169122
v 0.389027 0.353035 -0.169122
v 0.406732 0.300878 -0.169122
v 0.145572 0.543336 -0.162828
v 0.190199 0.521329 -0.162828
v 0.231572 0.493685 -0.162828
v 0.268982 0.460876 -0.162828
v 0.301790 0.423466 -0.162828
v 0.329435 0.382093 -0.162828
v 0.351442 0.337466 -0.162828
v 0.367436 0.290349 -0.162828
v 0.377144 0.241546 -0.162828
v 0.380398 0.191894 -0.162828
v 0.377144 0.142242 -0.162828
v 0.367436 0.093440 -0.162828
v 0.351442 0.046322 -0.162828
v 0.329435 0.001695 -0.162828
v 0.301790 -0.039677 -0.162828
v 0.268982 -0.077088 -0.162828
v 0.231572 -0.109896 -0.162828
v 0.190199 -0.137540 -0.162828
v 0.145572 -0.159548 -0.162828
v 0.098454 -0.175542 -0.162828
v 0.049652 -0.185250 -0.162828
v 0.014531 -0.092277 -0.162828
v 0.026258 -0.082411 -0.162828
v 0.032115 -0.064704 -0.162828
v 0.028372 -0.049374 -0.162828
v 0.018506 -0.037647 -0.162828
v 0.045327 0.035401 -0.162828
v 0.045769 -0.155753 -0.162828
v 0.090754 -0.146805 -0.162828
v 0.159037 -0.121376 -0.162828
v 0.231491 -0.072070 -0.162828
v 0.278187 -0.021566 -0.162828
v 0.316879 0.040175 -0.162828
v 0.345350 0.127360 -0.162828
v 0.350647 0.191894 -0.162828
v 0.343758 0.264432 -0.162828
v 0.313270 0.350931 -0.162828
v 0.263964 0.423385 -0.162828
v 0.213460 0.470081 -0.162828
v 0.151719 0.508774 -0.162828
v 0.090754 0.530593 -0.162828
v 0.045769 0.539541 -0.162828
v 0.045402 0.348752 -0.162828
v 0.015944 0.422148 -0.162828
v 0.029610 0.434411 -0.162828
v 0.032742 0.459067 -0.162828
v 0.017522 0.478717 -0.162828
v 0.049652 0.569038 -0.162828
v 0.098454 0.559331 -0.162828
v -0.229701 0.171636 -0.105921
v -0.156401 0.146586 -0.105921
v -0.275686 0.167382 -0.105921
v -0.258066 0.160231 -0.105921
v -0.242835 0.161918 -0.105921
v -0.227240 0.174717 -0.083859
v -0.238869 0.164050 -0.083859
v -0.256657 0.159500 -0.083859
v -0.276529 0.168621 -0.083859
v -0.284723 0.182107 -0.083859
v -0.156437 0.146350 -0.083859
v 0.003120 -0.032230 -0.140766
v 0.017177 -0.036759 -0.140766
v 0.027845 -0.048388 -0.140766
v 0.032115 -0.063106 -0.140766
v 0.028372 -0.078436 -0.140766
v 0.018506 -0.090163 -0.140766
v -0.002271 -0.096299 -0.140766
v 0.045534 0.035553 -0.140766
v 0.000000 0.028760 -0.140766
v 0.276058 0.216579 -0.083859
v 0.285398 0.204155 -0.083859
v 0.156437 0.237438 -0.083859
v 0.229161 0.209694 -0.083859
v 0.240282 0.219739 -0.083859
v 0.258071 0.224288 -0.083859
v 0.231114 0.212153 -0.105921
v 0.156401 0.237202 -0.105921
v 0.283963 0.206948 -0.105921
v 0.271050 0.220425 -0.105921
v 0.247252 0.223223 -0.105921
v -0.342975 -0.006122 -0.143021
v -0.314194 -0.049195 -0.143021
v -0.280038 -0.088143 -0.143021
v -0.241090 -0.122300 -0.143021
v -0.198017 -0.151081 -0.143021
v -0.151555 -0.173993 -0.143021
v -0.102501 -0.190644 -0.143021
v -0.051693 -0.200751 -0.143021
v 0.000000 -0.204139 -0.143021
v -0.024512 -0.085205 -0.140766
v -0.032114 -0.064704 -0.140766
v -0.026792 -0.046003 -0.140766
v -0.011552 -0.033930 -0.140766
v -0.045004 0.035077 -0.140766
v -0.045769 -0.155753 -0.140766
v -0.090754 -0.146805 -0.140766
v -0.134187 -0.132061 -0.140766
v -0.195056 -0.100028 -0.140740
v -0.247945 -0.056050 -0.140766
v -0.278187 -0.021566 -0.140766
v -0.303669 0.016571 -0.140766
v -0.323955 0.057708 -0.140766
v -0.338699 0.101140 -0.140766
v -0.347647 0.146126 -0.140766
v -0.350647 0.191894 -0.140766
v -0.347647 0.237663 -0.140766
v -0.338699 0.282648 -0.140766
v -0.323955 0.326081 -0.140766
v -0.291922 0.386950 -0.140740
v -0.247945 0.439839 -0.140766
v -0.213460 0.470081 -0.140766
v -0.175323 0.495563 -0.140766
v -0.134187 0.515850 -0.140766
v -0.090754 0.530593 -0.140766
v -0.102501 0.574433 -0.143021
v -0.151555 0.557781 -0.143021
v -0.198017 0.534869 -0.143021
v -0.241090 0.506089 -0.143021
v -0.280038 0.471932 -0.143021
v -0.314194 0.432984 -0.143021
v -0.342975 0.389911 -0.143021
v -0.365887 0.343450 -0.143021
v -0.382539 0.294395 -0.143021
v -0.392645 0.243587 -0.143021
v -0.396033 0.191894 -0.143021
v -0.392645 0.140202 -0.143021
v -0.382539 0.089393 -0.143021
v -0.365887 0.040339 -0.143021
v -0.150717 0.129465 -0.060512
v -0.135641 0.101261 -0.060512
v -0.115353 0.076541 -0.060512
v -0.090632 0.056253 -0.060512
v -0.062429 0.041178 -0.060512
v -0.031826 0.031894 -0.060512
v 0.000000 0.028760 -0.060512
v -0.009888 0.106825 -0.060766
v -0.032632 0.113112 -0.060766
v -0.055483 0.126655 -0.060766
v -0.076226 0.152854 -0.060766
v -0.083634 0.175258 -0.060766
v -0.085069 0.201782 -0.060765
v -0.150717 0.254323 -0.060512
v -0.160000 0.223720 -0.060512
v -0.163134 0.191894 -0.060512
v -0.160000 0.160068 -0.060512
v -0.380398 0.191894 -0.169122
v -0.377144 0.142242 -0.169122
v -0.367436 0.093440 -0.169122
v -0.351442 0.046322 -0.169122
v -0.329435 0.001695 -0.169122
v -0.301790 -0.039677 -0.169122
v -0.268982 -0.077088 -0.169122
v -0.231572 -0.109896 -0.169122
v -0.190199 -0.137540 -0.169122
v -0.145572 -0.159548 -0.169122
v -0.098454 -0.175542 -0.169122
v -0.049652 -0.185250 -0.169122
v -0.000000 -0.188504 -0.169122
v 0.049652 -0.185250 -0.169122
v 0.098454 -0.175542 -0.169122
v 0.145572 -0.159548 -0.169122
v 0.190199 -0.137540 -0.169122
v 0.231572 -0.109896 -0.169122
v 0.268982 -0.077088 -0.169122
v 0.301790 -0.039677 -0.169122
v 0.329435 0.001695 -0.169122
v 0.351442 0.046322 -0.169122
v 0.367436 0.093440 -0.169122
v 0.377144 0.142242 -0.169122
v 0.380398 0.191894 -0.169122
v 0.377144 0.241546 -0.169122
v 0.417478 0.246856 -0.169122
v 0.421080 0.191894 -0.169122
v 0.417478 0.136932 -0.169122
v 0.406732 0.082911 -0.169122
v 0.389027 0.030754 -0.169122
v 0.364666 -0.018646 -0.169122
v 0.334065 -0.064443 -0.169122
v 0.297749 -0.105854 -0.169122
v 0.256337 -0.142171 -0.169122
v 0.210540 -0.172772 -0.169122
v 0.161140 -0.197133 -0.169122
v 0.108984 -0.214838 -0.169122
v 0.054962 -0.225583 -0.169122
v -0.000000 -0.229186 -0.169122
v -0.054962 -0.225583 -0.169122
v -0.108984 -0.214838 -0.169122
v -0.161140 -0.197133 -0.169122
v -0.210540 -0.172772 -0.169122
v -0.256337 -0.142171 -0.169122
v -0.297749 -0.105854 -0.169122
v -0.334065 -0.064443 -0.169122
v -0.364666 -0.018646 -0.169122
v -0.389027 0.030754 -0.169122
v -0.406732 0.082911 -0.169122
v -0.417478 0.136932 -0.169122
v -0.421080 0.191894 -0.169122
v -0.417478 0.246856 -0.169122
v -0.406732 0.300878 -0.169122
v -0.389027 0.353035 -0.169122
v -0.364666 0.402434 -0.169122
v -0.334065 0.448232 -0.169122
v -0.297749 0.489643 -0.169122
v -0.256337 0.525960 -0.169122
v -0.210540 0.556560 -0.169122
v -0.161140 0.580922 -0.169122
v -0.108984 0.598627 -0.169122
v -0.054962 0.609372 -0.169122
v -0.000000 0.612975 -0.169122
v 0.054962 0.609372 -0.169122
v 0.108984 0.598627 -0.169122
v 0.161140 0.580922 -0.169122
v 0.210540 0.556560 -0.169122
v 0.256337 0.525960 -0.169122
v 0.297749 0.489643 -0.169122
v 0.268982 0.460876 -0.169122
v 0.231572 0.493685 -0.169122
v 0.190199 0.521329 -0.169122
v 0.145572 0.543336 -0.169122
v 0.098454 0.559331 -0.169122
v 0.049652 0.569038 -0.169122
v -0.000000 0.572293 -0.169122
v -0.049652 0.569038 -0.169122
v -0.098454 0.559331 -0.169122
v -0.145572 0.543336 -0.169122
v -0.190199 0.521329 -0.169122
v -0.231572 0.493685 -0.169122
v -0.268982 0.460876 -0.169122
v -0.301790 0.423466 -0.169122
v -0.329435 0.382093 -0.169122
v -0.351442 0.337466 -0.169122
v -0.367436 0.290349 -0.169122
v -0.377144 0.241546 -0.169122
# 2018 vertices

vn -0.978794 0.194694 -0.063686
vn -0.993438 0.114256 -0.005170
vn -0.991419 0.130494 -0.007762
vn -0.803963 0.594262 -0.022283
vn -0.730455 0.682756 -0.016761
vn -0.707065 0.707106 0.007762
vn -0.593427 0.804575 0.022436
vn -0.654716 0.755474 0.024626
vn -0.722253 0.691393 -0.018082
vn -0.928451 0.371453 0.001010
vn -0.876593 0.480166 -0.032029
vn -0.865985 0.500009 0.007763
vn -0.836671 0.547380 -0.018891
vn -0.911925 0.409077 0.032382
vn -0.918650 0.394618 -0.018950
vn -0.510464 0.859899 0.001011
vn -0.403141 0.914577 -0.032029
vn -0.382645 0.923863 0.007763
vn -0.276063 0.960881 -0.022284
vn -0.163873 0.986339 -0.016761
vn -0.130494 0.991419 0.007762
vn -0.371453 0.928451 -0.001010
vn -0.479530 0.877022 0.029733
vn -0.500010 0.865985 -0.007763
vn 0.118495 0.992954 0.001010
vn 0.236926 0.971000 -0.032029
vn 0.258839 0.965889 0.007763
vn 0.594262 0.803963 -0.022283
vn 0.682756 0.730455 -0.016761
vn 0.707106 0.707065 0.007762
vn 0.804575 0.593427 0.022436
vn 0.755474 0.654716 0.024626
vn 0.691393 0.722253 -0.018082
vn 0.441390 0.895052 0.063686
vn 0.521966 0.852675 -0.022291
vn 0.500009 0.865985 0.007763
vn 0.547380 0.836671 -0.018891
vn 0.498713 0.866767 -0.000890
vn 0.463964 0.881678 -0.085916
vn 0.859899 0.510464 0.001011
vn 0.912164 0.409667 -0.011363
vn 0.923863 0.382645 0.007763
vn 0.930375 0.365932 0.022283
vn 0.878930 0.475653 0.035150
vn 0.865985 0.500010 -0.007763
vn 0.992954 0.118495 -0.001010
vn 0.970999 0.236926 0.032029
vn 0.965889 0.258839 -0.007763
vn 0.960881 -0.276063 0.022283
vn 0.986339 -0.163873 0.016761
vn 0.991419 -0.130494 -0.007762
vn 0.593427 -0.804575 0.022436
vn 0.612122 -0.790706 0.009471
vn 0.658380 -0.750739 -0.054099
vn 0.928451 -0.371453 0.001010
vn 0.880301 -0.474279 -0.011363
vn 0.865985 -0.500009 0.007763
vn 0.836671 -0.547380 -0.018891
vn 0.911925 -0.409077 0.032382
vn 0.918650 -0.394618 -0.018950
vn 0.510464 -0.859899 0.001011
vn 0.403141 -0.914577 -0.032029
vn 0.382645 -0.923863 0.007763
vn 0.276063 -0.960881 -0.022284
vn 0.163873 -0.986339 -0.016761
vn 0.130494 -0.991419 0.007762
vn 0.371453 -0.928451 -0.001010
vn 0.479530 -0.877022 0.029733
vn 0.500010 -0.865985 -0.007763
vn -0.118495 -0.992954 0.001010
vn -0.236926 -0.971000 -0.032029
vn -0.258839 -0.965889 0.007763
vn -0.594262 -0.803963 -0.022283
vn -0.682756 -0.730455 -0.016761
vn -0.707106 -0.707065 0.007762
vn -0.804575 -0.593427 0.022436
vn -0.755474 -0.654716 0.024626
vn -0.691393 -0.722253 -0.018082
vn -0.365932 -0.930375 -0.022283
vn -0.388062 -0.921587 -0.009234
vn -0.441390 -0.895052 0.063686
vn -0.498713 -0.866767 -0.000890
vn -0.415589 -0.909477 0.011690
vn -0.394618 -0.918650 -0.018950
vn -0.859899 -0.510464 0.001011
vn -0.912164 -0.409667 -0.011363
vn -0.923863 -0.382645 0.007763
vn -0.930375 -0.365932 0.022283
vn -0.878930 -0.475653 0.035150
vn -0.865985 -0.500010 -0.007763
vn -0.992954 -0.118495 -0.001010
vn -0.970999 -0.236926 0.032029
vn -0.965889 -0.258839 -0.007763
vn 0.555569 0.831471 0.000000
vn 0.679453 0.733715 -0.002502
vn 0.700249 0.713898 0.001203
vn 0.473259 -0.880922 0.001290
vn 0.312947 -0.949766 -0.003020
vn 0.177264 -0.984160 0.002614
vn 0.614984 -0.788501 0.007735
vn 0.539841 -0.841764 -0.001984
vn -0.968784 0.247770 0.008172
vn -0.911014 0.412374 -0.000572
vn -0.927529 0.373750 0.001202
vn -0.943712 -0.330768 0.001017
vn -0.996500 -0.083547 -0.002756
vn -1.000000 0.000000 -0.000000
vn -0.707107 -0.707107 0.000000
vn -0.803259 -0.595630 -0.000000
vn -0.826069 -0.563567 0.001203
vn -0.112765 -0.993620 0.001755
vn -0.338034 -0.941134 0.000038
vn -0.375828 -0.926689 0.001084
vn 0.888016 -0.455124 -0.065495
vn 0.247100 -0.966121 -0.074511
vn 0.885902 0.454841 -0.091089
vn -0.889516 0.443700 -0.109053
vn 0.960923 -0.273478 -0.042863
vn 0.743862 0.666718 -0.046440
vn -0.764542 0.643161 -0.042650
vn -0.247498 0.967649 -0.048988
vn -0.822571 0.564261 -0.070620
vn -0.481788 -0.875580 -0.035227
vn -0.882998 -0.463637 -0.073183
vn 0.995684 0.085861 -0.035228
vn 0.961385 -0.266176 -0.069917
vn -0.966121 -0.247101 -0.074511
vn 0.820423 -0.567839 -0.066825
vn 0.462248 -0.884889 -0.057439
vn 0.444812 0.891754 -0.083165
vn -0.392941 -0.916848 -0.070617
vn -0.970003 0.231158 -0.075236
vn -0.994491 -0.082665 -0.064455
vn 0.183564 0.982458 -0.032868
vn 0.481693 0.875430 -0.039940
vn -0.785562 0.618141 0.028198
vn 0.618141 0.785562 0.028198
vn 0.785562 -0.618141 0.028198
vn -0.529143 -0.844350 0.084143
vn 0.018143 -0.999832 -0.002614
vn 0.509832 0.860235 -0.008172
vn -0.993239 0.115447 -0.012187
vn -0.927529 -0.373750 -0.001203
vn -0.667861 -0.744241 -0.008172
vn -0.643162 0.764542 0.042650
vn -0.969799 -0.241728 0.032517
vn 0.674878 0.735731 0.056913
vn -0.937371 0.337743 0.085232
vn -0.914522 0.401926 0.045877
vn 0.983419 -0.178921 0.029577
vn -0.116114 -0.987708 0.104645
vn 0.984476 0.148269 0.093931
vn 0.268552 0.962895 0.026714
vn -0.965378 -0.247517 0.082347
vn 0.904007 -0.426278 0.032516
vn 0.301709 -0.952749 0.035228
vn -0.986112 0.125264 0.109053
vn 0.926160 -0.370461 0.070617
vn 0.695364 0.718522 0.013940
vn -0.110020 0.993127 0.039939
vn 0.278500 0.959944 0.030754
vn -0.666018 0.742205 0.074510
vn 0.994425 -0.088426 0.057438
vn 0.646304 0.757930 0.088510
vn 0.760314 -0.646245 0.065497
vn -0.625999 -0.777705 0.057438
vn 0.019279 0.999607 0.020361
vn -0.012194 0.999912 -0.005295
vn 0.050719 0.997654 0.045985
vn 0.376242 -0.926516 -0.003254
vn 0.360542 -0.932741 0.001993
vn 0.527988 -0.849252 0.000000
vn 0.582554 -0.812792 0.000000
vn 0.634393 -0.773011 0.000000
vn 0.773011 -0.634393 0.000000
vn 0.812792 -0.582554 0.000000
vn 0.849252 -0.527988 0.000000
vn 0.919032 -0.394063 0.009778
vn 0.935316 -0.353796 -0.003483
vn 0.971711 -0.236034 -0.008111
vn 0.980606 -0.195157 -0.018020
vn 0.998645 -0.045593 -0.025069
vn 0.999112 0.035943 -0.021967
vn 0.983835 0.178552 -0.013678
vn 0.964631 0.263356 -0.011419
vn 0.928583 0.371120 -0.002043
vn 0.932072 0.362179 0.008200
vn 0.849252 0.527988 0.000000
vn 0.812792 0.582554 0.000000
vn 0.729928 0.683524 0.000000
vn 0.683524 0.729928 0.000000
vn 0.582554 0.812792 0.000000
vn 0.527988 0.849252 0.000000
vn 0.471397 0.881921 0.000000
vn 0.207934 0.978142 -0.001626
vn 0.195097 0.980760 -0.006854
vn 0.046577 0.998884 -0.007829
vn -0.035800 0.999337 -0.006681
vn -0.228738 0.973488 0.000393
vn -0.283431 0.958991 0.001685
vn -0.371588 0.928397 0.000877
vn -0.382684 0.923879 0.000000
vn -0.527989 0.849251 0.000000
vn -0.582555 0.812792 0.000000
vn -0.683525 0.729928 0.000000
vn -0.729929 0.683523 0.000000
vn -0.812792 0.582553 0.000000
vn -0.849252 0.527988 0.000000
vn -0.918803 0.394589 0.010034
vn -0.936331 0.351095 -0.004076
vn -0.992337 0.117445 -0.038394
vn -0.992252 0.097727 -0.076717
vn -0.998618 0.045824 -0.025726
vn -0.999121 -0.035710 -0.021967
vn -0.983835 -0.178552 -0.013676
vn -0.964630 -0.263359 -0.011418
vn -0.928582 -0.371122 -0.002043
vn -0.932072 -0.362181 0.008201
vn -0.849251 -0.527989 0.000000
vn -0.812791 -0.582555 0.000000
vn -0.729927 -0.683525 0.000000
vn -0.683522 -0.729929 0.000000
vn -0.634392 -0.773012 0.000000
vn -0.634392 -0.773012 0.000000
vn -0.471396 -0.881922 0.000000
vn -0.471396 -0.881922 0.000000
vn -0.376094 -0.926575 0.003390
vn -0.368250 -0.929663 -0.010908
vn -0.207933 -0.978142 -0.001626
vn -0.195096 -0.980760 -0.006854
vn -0.046577 -0.998884 -0.007829
vn 0.035800 -0.999337 -0.006681
vn -0.279856 -0.960042 0.000000
vn -0.402772 -0.915301 0.000000
vn -0.362412 -0.932018 0.000000
vn -0.237659 -0.971349 0.000000
vn -0.591288 0.806461 0.000000
vn -0.480964 0.876740 0.000000
vn -0.518797 0.854897 0.000000
vn -0.625945 0.779867 0.000000
vn -0.994059 0.108839 0.000000
vn -0.999761 -0.021843 0.000000
vn -0.999761 0.021843 0.000000
vn -0.988357 0.152151 0.000001
vn 1.000000 0.000000 0.000000
vn 0.997859 -0.065403 0.000000
vn 0.130526 0.991445 0.000000
vn 0.130526 0.991445 0.000000
vn 0.463316 0.886193 0.000000
vn 0.463316 0.886193 0.000000
vn 0.977425 -0.211283 0.000000
vn 0.977425 -0.211283 0.000000
vn 0.970020 -0.243026 0.000000
vn 0.961575 -0.274543 0.000000
vn 0.952116 -0.305736 0.000000
vn 0.952117 -0.305735 0.000000
vn -0.041854 -0.999124 0.000000
vn -0.157612 -0.987501 0.000000
vn -0.272791 -0.962073 -0.000000
vn -0.382683 -0.923880 -0.000000
vn -0.382683 -0.923880 -0.000000
vn 0.237659 0.971349 0.000000
vn 0.108839 0.994059 0.000000
vn 0.152151 0.988357 0.000001
vn 0.279855 0.960042 0.000000
vn 0.518797 -0.854897 0.000000
vn 0.625945 -0.779867 -0.000002
vn 0.591287 -0.806461 0.000000
vn 0.480965 -0.876740 0.000000
vn 0.999761 -0.021843 0.000000
vn 0.988357 -0.152151 0.000000
vn 0.994059 -0.108840 0.000000
vn 0.999761 0.021843 0.000000
vn 0.866025 -0.500000 -0.000000
vn 0.866025 -0.500000 0.000000
vn 0.831470 -0.555570 0.000000
vn 0.608761 0.793353 0.000000
vn 0.608761 0.793353 0.000000
vn 0.696784 0.717281 0.000000
vn 0.776395 0.630246 0.000000
vn 0.844340 0.535808 0.000000
vn 0.844340 0.535808 0.000000
vn 0.740834 -0.671688 0.000000
vn 0.740834 -0.671688 0.000000
vn 0.740833 -0.671689 0.000001
vn 0.671688 -0.740834 0.000000
vn 0.671688 -0.740834 0.000001
vn 0.671689 -0.740833 0.000000
vn -0.535808 -0.844340 0.000000
vn -0.793353 -0.608762 -0.000000
vn -0.793353 -0.608761 0.000000
vn -0.793353 -0.608762 -0.000000
vn 0.896872 -0.442289 -0.000001
vn 0.896873 -0.442289 -0.000000
vn -0.152151 -0.988357 0.000000
vn -0.108840 -0.994059 0.000001
vn 0.152150 -0.988357 -0.000000
vn 0.279856 -0.960042 -0.000000
vn 0.237659 -0.971349 -0.000000
vn 0.108839 -0.994059 0.000000
vn 0.806461 0.591288 0.000000
vn 0.876740 0.480964 0.000000
vn 0.854897 0.518797 0.000000
vn 0.779867 0.625945 0.000000
vn -0.021843 0.999761 0.000000
vn 0.021843 0.999761 0.000000
vn 0.500000 -0.866025 -0.000000
vn 0.500000 -0.866025 0.000000
vn 0.442289 -0.896873 -0.000000
vn 0.442289 -0.896872 -0.000001
vn 0.923880 0.382683 -0.000000
vn 0.923880 0.382683 -0.000000
vn 0.962073 0.272791 -0.000000
vn 0.987501 0.157612 0.000000
vn 0.999124 0.041854 0.000000
vn 0.999124 0.041854 0.000000
vn 0.305736 -0.952117 0.000000
vn 0.305736 -0.952116 0.000000
vn 0.274543 -0.961575 0.000000
vn 0.243026 -0.970020 0.000000
vn 0.211283 -0.977425 0.000000
vn 0.211284 -0.977425 0.000000
vn -0.886193 -0.463316 0.000000
vn -0.934007 -0.357255 0.000000
vn -0.969576 -0.244792 0.000000
vn -0.991445 -0.130526 0.000000
vn 0.555570 -0.831470 -0.000000
vn 0.555570 -0.831470 -0.000000
vn -0.237659 0.971349 0.000000
vn -0.108840 0.994059 0.000002
vn -0.152151 0.988357 0.000000
vn -0.279856 0.960042 0.000000
vn -0.854897 -0.518797 0.000000
vn -0.779867 -0.625945 -0.000002
vn -0.806461 -0.591287 0.000000
vn -0.876740 -0.480965 0.000000
vn -0.021842 -0.999761 0.000003
vn 0.021843 -0.999761 0.000003
vn 0.402772 -0.915300 0.000000
vn 0.362412 -0.932018 -0.000000
vn 0.000000 -1.000000 0.000000
vn -0.065403 -0.997859 0.000000
vn 0.991445 -0.130526 0.000000
vn 0.969576 -0.244792 0.000000
vn 0.934007 -0.357255 0.000000
vn 0.886193 -0.463316 0.000000
vn -0.211283 -0.977425 0.000000
vn -0.211283 -0.977425 0.000000
vn -0.243026 -0.970020 0.000000
vn -0.274543 -0.961575 0.000000
vn -0.305736 -0.952116 0.000000
vn -0.305735 -0.952117 0.000000
vn -0.999124 0.041854 0.000000
vn -0.923880 0.382683 -0.000000
vn -0.923880 0.382683 0.000000
vn -0.923880 0.382683 -0.000000
vn 0.065403 -0.997859 0.000000
vn -0.988357 -0.152150 -0.000000
vn -0.960042 -0.279856 -0.000000
vn -0.971349 -0.237659 -0.000000
vn -0.994059 -0.108839 0.000000
vn 0.591288 -0.806461 0.000000
vn 0.480964 -0.876740 0.000000
vn 0.518797 -0.854897 0.000000
vn 0.625945 -0.779867 0.000000
vn -0.994059 -0.108840 0.000000
vn -0.999761 0.021843 0.000000
vn -0.999761 -0.021843 0.000000
vn -0.988357 -0.152151 0.000000
vn -0.362412 0.932018 0.000000
vn -0.402772 0.915301 0.000000
vn -0.555570 -0.831470 -0.000000
vn -0.555570 -0.831470 0.000000
vn -0.555570 -0.831470 -0.000001
vn 0.793353 -0.608761 0.000000
vn 0.793353 -0.608761 0.000000
vn 0.793353 -0.608761 0.000000
vn 0.535808 -0.844340 0.000000
vn -0.671688 -0.740834 0.000000
vn -0.671688 -0.740834 0.000000
vn -0.695476 -0.718549 0.000000
vn -0.718549 -0.695476 0.000000
vn -0.740834 -0.671688 0.000000
vn -0.740833 -0.671689 0.000000
vn -0.844340 0.535808 0.000000
vn -0.776395 0.630246 0.000000
vn -0.696784 0.717281 0.000000
vn -0.608761 0.793353 0.000000
vn -0.442289 -0.896873 -0.000000
vn -0.442289 -0.896872 -0.000001
vn -0.442289 -0.896873 0.000000
vn 0.971349 0.237659 0.000000
vn 0.994059 0.108840 0.000000
vn 0.988357 0.152151 0.000000
vn 0.960042 0.279856 0.000000
vn -0.518797 0.854897 0.000000
vn -0.625945 0.779867 -0.000002
vn -0.591287 0.806461 0.000000
vn -0.480965 0.876740 0.000000
vn 0.999761 0.021843 0.000000
vn 0.988357 0.152150 -0.000000
vn 0.994059 0.108839 0.000000
vn 0.999761 -0.021843 0.000000
vn -0.866025 -0.500000 -0.000000
vn -0.866025 -0.500000 0.000000
vn -0.896873 -0.442289 -0.000000
vn -0.896872 -0.442289 -0.000001
vn 0.382683 -0.923880 -0.000000
vn 0.382683 -0.923880 -0.000000
vn 0.272791 -0.962073 -0.000000
vn 0.157612 -0.987501 0.000000
vn 0.041854 -0.999124 0.000000
vn -0.952117 -0.305736 0.000000
vn -0.952116 -0.305736 0.000000
vn -0.961575 -0.274543 0.000000
vn -0.970020 -0.243026 0.000000
vn -0.977425 -0.211283 0.000000
vn -0.977425 -0.211284 0.000000
vn -0.463316 0.886193 0.000000
vn -0.357255 0.934007 0.000000
vn -0.244792 0.969576 0.000000
vn -0.130526 0.991445 0.000000
vn -0.831470 -0.555570 0.000000
vn -0.915300 -0.402772 0.000000
vn -0.932018 -0.362412 -0.000000
vn -0.152150 0.988357 -0.000000
vn -0.279856 0.960042 -0.000000
vn -0.237659 0.971349 -0.000000
vn -0.108839 0.994059 0.000000
vn -0.806461 -0.591288 0.000000
vn -0.876740 -0.480964 0.000000
vn -0.854897 -0.518797 0.000000
vn -0.779867 -0.625945 0.000000
vn -1.000000 0.000000 0.000000
vn -0.997859 0.065403 0.000000
vn -0.130526 -0.991445 0.000000
vn -0.244792 -0.969576 0.000000
vn -0.357255 -0.934007 0.000000
vn -0.463316 -0.886193 0.000000
vn -0.977425 0.211283 0.000000
vn -0.977425 0.211283 0.000000
vn -0.977425 0.211284 0.000001
vn -0.952116 0.305736 0.000000
vn -0.952116 0.305736 0.000000
vn -0.952117 0.305735 0.000000
vn 0.041854 0.999124 0.000000
vn 0.041854 0.999124 0.000000
vn 0.157612 0.987501 0.000000
vn 0.272791 0.962073 -0.000000
vn 0.382683 0.923880 -0.000000
vn 0.382683 0.923880 -0.000000
vn -0.997859 -0.065403 0.000000
vn 0.932018 0.362412 0.000000
vn 0.915301 0.402772 0.000000
vn 0.237659 -0.971349 0.000000
vn 0.108840 -0.994059 0.000002
vn 0.152151 -0.988357 0.000000
vn 0.279856 -0.960042 0.000000
vn 0.854897 0.518797 0.000000
vn 0.779867 0.625945 -0.000002
vn 0.806461 0.591287 0.000000
vn 0.876740 0.480965 0.000000
vn -0.915301 0.402772 0.000000
vn -0.854897 0.518797 0.000000
vn -0.876740 0.480964 0.000000
vn -0.932018 0.362412 0.000000
vn -0.866025 0.500000 -0.000000
vn -0.866025 0.500000 0.000000
vn -0.831470 0.555570 -0.000000
vn -0.831470 0.555570 -0.000001
vn -0.608761 -0.793353 0.000000
vn -0.608761 -0.793353 0.000000
vn -0.696784 -0.717281 0.000000
vn -0.776395 -0.630246 0.000000
vn -0.844340 -0.535808 0.000000
vn -0.740834 0.671688 0.000000
vn -0.740834 0.671688 0.000000
vn -0.718549 0.695476 0.000000
vn -0.695476 0.718549 0.000000
vn -0.671688 0.740834 0.000000
vn -0.671689 0.740833 0.000000
vn 0.535808 0.844340 0.000000
vn 0.535808 0.844340 0.000000
vn 0.630246 0.776395 0.000000
vn 0.717281 0.696784 0.000000
vn 0.793353 0.608761 0.000000
vn 0.793353 0.608761 0.000000
vn -0.896872 0.442289 -0.000001
vn -0.896873 0.442289 -0.000000
vn -0.402772 0.915300 0.000000
vn -0.362412 0.932018 -0.000000
vn 0.960042 0.279856 -0.000000
vn 0.971349 0.237659 -0.000000
vn 0.876740 -0.480965 0.000000
vn 0.932018 -0.362412 -0.000001
vn 0.915300 -0.402772 0.000000
vn 0.854897 -0.518797 0.000000
vn -0.500000 0.866025 -0.000000
vn -0.500000 0.866025 0.000000
vn -0.442289 0.896873 -0.000000
vn -0.442289 0.896872 -0.000001
vn -0.923880 -0.382683 -0.000000
vn -0.923880 -0.382683 -0.000000
vn -0.962073 -0.272791 -0.000000
vn -0.987501 -0.157612 0.000000
vn -0.999124 -0.041854 0.000000
vn -0.305736 0.952117 0.000000
vn -0.305736 0.952116 0.000000
vn -0.274543 0.961575 0.000000
vn -0.243026 0.970020 0.000000
vn -0.211283 0.977425 0.000000
vn -0.211284 0.977425 0.000000
vn 0.886193 0.463316 0.000000
vn 0.886193 0.463316 0.000000
vn 0.934007 0.357255 0.000000
vn 0.969576 0.244792 0.000000
vn 0.991445 0.130526 0.000000
vn 0.991445 0.130526 0.000000
vn -0.555570 0.831470 0.000000
vn 0.362412 -0.932018 0.000000
vn 0.402772 -0.915301 0.000000
vn -0.971349 -0.237659 0.000000
vn -0.960042 -0.279856 0.000000
vn 0.659345 -0.751840 -0.000005
vn 0.659345 -0.751840 -0.000002
vn 0.000000 1.000000 0.000000
vn 0.065403 0.997859 0.000000
vn 0.065403 0.997859 0.000000
vn -0.991445 0.130526 0.000000
vn -0.886193 0.463316 0.000000
vn 0.211283 0.977425 0.000000
vn 0.211283 0.977425 0.000000
vn 0.243026 0.970020 0.000000
vn 0.274543 0.961575 0.000000
vn 0.305736 0.952116 0.000000
vn 0.305735 0.952117 0.000000
vn 0.999124 -0.041854 0.000000
vn 0.987501 -0.157612 0.000000
vn 0.962073 -0.272791 -0.000000
vn 0.923880 -0.382683 -0.000000
vn 0.923880 -0.382683 -0.000000
vn -0.065403 0.997859 0.000000
vn 0.442288 0.896873 0.000000
vn 0.518797 0.854897 0.000000
vn 0.480964 0.876740 0.000000
vn 0.179243 -0.983794 -0.004659
vn 0.270470 -0.962725 -0.002623
vn 0.915300 0.402772 0.000000
vn 0.932018 0.362412 -0.000000
vn -0.691493 0.722383 0.000000
vn -0.722383 0.691493 0.000000
vn 0.500000 0.866025 -0.000000
vn 0.500000 0.866025 0.000000
vn 0.555570 0.831470 0.000000
vn 0.555570 0.831470 0.000000
vn -0.793353 0.608761 0.000000
vn -0.717281 0.696784 0.000000
vn -0.630246 0.776395 0.000000
vn -0.535808 0.844340 0.000000
vn 0.671688 0.740834 0.000000
vn 0.671688 0.740834 0.000000
vn 0.695476 0.718549 0.000000
vn 0.718549 0.695476 0.000000
vn 0.740834 0.671688 0.000000
vn 0.740833 0.671689 0.000000
vn 0.844340 -0.535808 0.000000
vn 0.608762 -0.793353 -0.000000
vn 0.608761 -0.793353 0.000000
vn 0.608762 -0.793353 -0.000000
vn 0.442289 0.896872 -0.000001
vn 0.442289 0.896873 -0.000000
vn -0.442289 -0.896873 0.000000
vn -0.362412 -0.932018 -0.000001
vn -0.402772 -0.915300 0.000000
vn -0.442289 -0.896873 0.000000
vn -0.932018 -0.362412 0.000000
vn -0.915301 -0.402772 0.000000
vn 0.751840 -0.659345 -0.000001
vn 0.806461 -0.591287 0.000000
vn 0.779867 -0.625945 -0.000001
vn 0.751840 -0.659346 -0.000002
vn 0.866025 0.500000 -0.000000
vn 0.866025 0.500000 0.000000
vn 0.896873 0.442289 -0.000000
vn 0.896872 0.442289 -0.000001
vn -0.382683 0.923880 -0.000000
vn -0.382683 0.923880 -0.000000
vn -0.272791 0.962073 -0.000000
vn -0.157612 0.987501 0.000000
vn -0.041854 0.999124 0.000000
vn 0.952117 0.305736 0.000000
vn 0.952116 0.305736 0.000000
vn 0.961575 0.274543 0.000000
vn 0.970020 0.243026 0.000000
vn 0.977425 0.211283 0.000000
vn 0.977425 0.211284 0.000000
vn 0.463316 -0.886193 0.000000
vn 0.357255 -0.934007 0.000000
vn 0.244792 -0.969576 0.000000
vn 0.130526 -0.991445 0.000000
vn 0.831470 0.555570 -0.000000
vn 0.831470 0.555570 -0.000000
vn -0.691493 -0.722383 -0.000002
vn -0.722383 -0.691493 -0.000002
vn 0.997859 0.065403 0.000000
vn 0.915301 -0.402772 0.000000
vn 0.854897 -0.518797 0.000000
vn 0.876740 -0.480964 0.000000
vn 0.932018 -0.362412 0.000000
vn -0.980785 0.195090 0.000000
vn -0.946930 0.321440 0.000000
vn -0.941701 0.335081 -0.030350
vn -0.999497 0.027310 0.016112
vn -0.999454 -0.026078 0.020290
vn -0.946762 0.315271 0.065155
vn -0.947392 0.309374 0.082072
vn -0.630122 0.776329 -0.016112
vn -0.587740 0.808795 -0.020290
vn -0.237737 0.971330 0.000167
vn -0.289109 0.957081 0.020279
vn -0.195326 0.980738 0.000499
vn -0.195208 0.980762 0.000250
vn -0.027310 0.999497 -0.016112
vn 0.026078 0.999454 -0.020290
vn 0.326232 0.943042 -0.065156
vn 0.331293 0.939952 -0.082072
vn 0.195090 0.980785 0.000000
vn 0.285068 0.958372 0.016112
vn 0.242970 0.970034 0.000000
vn 0.321066 0.945829 0.048218
vn 0.329125 0.943978 0.024117
vn 0.776329 0.630122 -0.016112
vn 0.808795 0.587740 -0.020290
vn 0.958360 0.285107 -0.016112
vn 0.970024 0.243009 -0.000084
vn 0.980774 0.195150 -0.000126
vn 0.980785 0.195090 -0.000252
vn 0.971349 -0.237659 0.000000
vn 0.980785 -0.195090 0.000000
vn 0.957081 -0.289109 -0.020279
vn 0.999497 -0.027310 0.016112
vn 0.999454 0.026078 0.020290
vn 0.809580 -0.586789 -0.016112
vn 0.783280 -0.621669 0.000000
vn 0.751840 -0.659346 0.000000
vn 0.751840 -0.659346 0.000000
vn 0.625945 -0.779867 0.000000
vn 0.659346 -0.751840 0.000000
vn 0.583306 -0.811999 -0.020279
vn 0.751833 -0.659353 0.000021
vn 0.733151 -0.677872 0.054576
vn 0.237738 -0.971329 0.000169
vn 0.289109 -0.957081 0.020279
vn 0.195330 -0.980738 0.000507
vn 0.195210 -0.980761 0.000254
vn 0.027310 -0.999497 -0.016112
vn -0.026078 -0.999454 -0.020290
vn 0.999955 -0.002963 0.009024
vn 0.999998 -0.001919 0.000000
vn 0.999829 -0.004006 0.018048
vn -0.195090 -0.980785 0.000000
vn -0.285068 -0.958372 0.016112
vn -0.242970 -0.970034 0.000000
vn -0.195090 -0.980785 0.000000
vn -0.554924 -0.830502 -0.048218
vn -0.559193 -0.826473 -0.065155
vn -0.776329 -0.630122 -0.016112
vn -0.808795 -0.587740 -0.020290
vn -0.659353 -0.751833 0.000021
vn -0.638416 -0.767757 -0.054535
vn -0.958360 -0.285107 -0.016112
vn -0.970024 -0.243009 -0.000084
vn -0.980774 -0.195150 -0.000126
vn -0.980785 -0.195090 -0.000252
vn -0.980785 0.195090 0.000000
vn -0.994059 0.108839 0.000000
vn -0.988357 0.152151 0.000000
vn -0.932018 0.362412 0.000000
vn -0.946930 0.321440 0.000000
vn -0.915300 0.402772 0.000000
vn -0.876740 0.480964 0.000000
vn -0.854897 0.518797 0.000000
vn -0.806461 0.591287 0.000000
vn -0.779867 0.625945 0.000000
vn -0.722383 0.691493 0.000000
vn -0.691493 0.722383 0.000000
vn -0.625945 0.779867 0.000000
vn -0.591287 0.806461 0.000000
vn -0.518797 0.854897 0.000000
vn -0.480964 0.876740 0.000000
vn -0.402772 0.915300 0.000000
vn -0.362412 0.932018 0.000000
vn -0.279856 0.960042 0.000000
vn -0.237659 0.971349 0.000000
vn -0.152151 0.988357 0.000000
vn -0.108839 0.994059 0.000000
vn -0.021843 0.999761 0.000000
vn 0.021843 0.999761 0.000000
vn 0.108839 0.994059 0.000000
vn 0.152151 0.988357 0.000000
vn 0.237659 0.971349 0.000000
vn 0.279856 0.960042 0.000000
vn 0.321440 0.946930 0.000000
vn 0.321440 0.946930 0.000000
vn 0.480964 0.876740 0.000000
vn 0.442289 0.896873 0.000000
vn 0.518797 0.854897 0.000000
vn 0.591287 0.806461 0.000000
vn 0.625945 0.779867 0.000000
vn 0.691493 0.722383 0.000000
vn 0.722383 0.691493 0.000000
vn 0.779867 0.625945 0.000000
vn 0.806461 0.591287 0.000000
vn 0.854897 0.518797 0.000000
vn 0.876740 0.480964 0.000000
vn 0.915300 0.402772 0.000000
vn 0.932018 0.362412 0.000000
vn 0.960042 0.279856 0.000000
vn 0.971349 0.237659 0.000000
vn 0.988357 0.152151 0.000000
vn 0.994059 0.108839 0.000000
vn 0.999761 0.021843 0.000000
vn 0.999761 -0.021843 0.000000
vn 0.994059 -0.108839 0.000000
vn 0.988357 -0.152151 0.000000
vn 0.971349 -0.237659 0.000000
vn 0.960042 -0.279856 0.000000
vn 0.932018 -0.362412 0.000000
vn 0.915300 -0.402772 0.000000
vn 0.876740 -0.480964 0.000000
vn 0.854897 -0.518797 0.000000
vn 0.806461 -0.591287 0.000000
vn 0.779867 -0.625945 0.000000
vn 0.751840 -0.659346 0.000000
vn 0.659346 -0.751840 0.000000
vn 0.591287 -0.806461 0.000000
vn 0.518797 -0.854897 0.000000
vn 0.480964 -0.876740 0.000000
vn 0.402772 -0.915300 0.000000
vn 0.362412 -0.932018 0.000000
vn 0.279856 -0.960042 0.000000
vn 0.237659 -0.971349 0.000000
vn 0.152151 -0.988357 0.000000
vn 0.108839 -0.994059 0.000000
vn 0.021843 -0.999761 0.000000
vn -0.021843 -0.999761 0.000000
vn -0.108839 -0.994059 0.000000
vn -0.152151 -0.988357 0.000000
vn -0.237659 -0.971349 0.000000
vn -0.279856 -0.960042 0.000000
vn -0.362412 -0.932018 0.000000
vn -0.402772 -0.915300 0.000000
vn -0.442289 -0.896873 0.000000
vn -0.591287 -0.806461 0.000000
vn -0.555570 -0.831470 0.000000
vn -0.625945 -0.779867 0.000000
vn -0.691493 -0.722383 0.000000
vn -0.722383 -0.691493 0.000000
vn -0.779867 -0.625945 0.000000
vn -0.806461 -0.591287 0.000000
vn -0.854897 -0.518797 0.000000
vn -0.876740 -0.480964 0.000000
vn -0.915300 -0.402772 0.000000
vn -0.932018 -0.362412 0.000000
vn -0.960042 -0.279856 0.000000
vn -0.971349 -0.237659 0.000000
vn -0.988357 -0.152151 0.000000
vn -0.994059 -0.108839 0.000000
vn -0.999761 -0.021843 0.000000
vn -0.999761 0.021843 0.000000
vn 0.396642 0.917814 -0.017085
vn 0.375790 0.925941 -0.037627
vn 0.417129 0.908841 0.003472
vn 0.960042 -0.279856 0.000000
vn 0.971349 -0.237659 0.000000
vn 0.021842 0.999761 0.000003
vn 0.152151 0.988357 0.000000
vn 0.108840 0.994059 0.000001
vn -0.021843 0.999761 0.000003
vn 0.321439 0.946930 -0.000001
vn 0.321439 0.946930 0.000000
vn -0.980785 0.195091 0.000002
vn -0.980785 0.195090 0.000004
vn -0.108839 -0.994059 0.000000
vn 0.021843 -0.999761 0.000000
vn -0.021843 -0.999761 0.000000
vn -0.152151 -0.988357 0.000001
vn 0.279856 0.960042 0.000000
vn 0.237659 0.971349 0.000000
vn -0.932018 0.362412 -0.000001
vn -0.946930 0.321439 -0.000003
vn -0.946930 0.321439 -0.000001
vn -0.915300 0.402772 0.000000
vn -0.237659 -0.971349 0.000000
vn -0.279855 -0.960042 0.000000
vn -0.555571 -0.831469 0.000000
vn -0.625945 -0.779867 0.000000
vn -0.591288 -0.806461 0.000000
vn -0.555571 -0.831469 0.000000
vn 0.321440 0.946930 0.000000
vn -0.988357 0.152151 0.000000
vn -0.994059 0.108840 0.000000
vn 0.591287 0.806461 0.000000
vn 0.480965 0.876740 0.000000
vn 0.518797 0.854897 0.000000
vn 0.625945 0.779867 -0.000001
vn 0.994059 -0.108839 0.000000
vn 0.988357 -0.152151 0.000001
vn -0.722383 -0.691493 0.000000
vn -0.691493 -0.722383 0.000000
vn 0.779867 -0.625945 0.000000
vn 0.806461 -0.591288 0.000000
vn -0.980785 0.195091 0.000000
vn 0.691493 0.722383 -0.000002
vn 0.722383 0.691493 -0.000002
vn -0.806461 0.591287 0.000000
vn -0.876740 0.480965 0.000000
vn -0.854897 0.518797 0.000000
vn -0.779867 0.625945 -0.000001
vn 0.971349 -0.237659 0.000000
vn 0.960042 -0.279855 0.000000
vn 0.751840 -0.659346 0.000000
vn 0.625945 0.779867 0.000000
vn 0.591288 0.806461 0.000000
vn -0.946930 0.321440 0.000000
vn -0.722383 0.691493 -0.000002
vn -0.691493 0.722383 -0.000002
vn -0.591287 -0.806461 0.000000
vn -0.555570 -0.831469 0.000000
vn -0.625945 -0.779867 -0.000001
vn 0.442289 0.896873 0.000000
vn 0.659346 -0.751840 0.000000
vn 0.722383 0.691493 0.000000
vn 0.691493 0.722383 0.000000
vn -0.779867 0.625945 0.000000
vn -0.806461 0.591288 0.000000
vn -0.442288 -0.896873 0.000000
vn -0.999988 -0.001759 -0.004633
vn -0.999999 -0.001206 0.000155
vn -0.999953 -0.002311 -0.009420
vn 0.001787 -0.999984 -0.005391
vn 0.001174 -0.999999 -0.000077
vn 0.002401 -0.999940 -0.010705
vn 0.002963 0.999955 -0.009025
vn 0.004006 0.999829 -0.018049
vn 0.001920 0.999998 0.000000
vn 0.999356 0.035341 0.006196
vn 0.969680 0.244362 0.002764
vn 0.983830 0.179054 0.004331
vn 0.998873 -0.046848 0.007553
vn -0.999346 -0.035609 0.006196
vn -0.969679 -0.244365 0.002763
vn -0.983830 -0.179054 0.004330
vn -0.998888 0.046577 0.007346
vn -0.001787 0.999984 -0.005391
vn -0.002401 0.999940 -0.010706
vn -0.001174 0.999999 -0.000077
vn 0.977475 -0.211041 0.002171
vn 0.980762 -0.195096 0.006612
vn -0.234275 -0.972142 0.007475
vn 0.035564 -0.999210 0.017725
vn -0.045847 -0.998728 0.020993
vn -0.195136 -0.980660 0.015095
vn -0.035564 0.999210 0.017725
vn -0.254337 0.967038 0.012227
vn -0.178381 0.983899 0.011071
vn 0.045847 0.998728 0.020993
vn 0.234276 0.972141 0.007475
vn 0.195137 0.980660 0.015095
vn 0.999988 0.001759 -0.004633
vn 0.999953 0.002311 -0.009420
vn 0.999999 0.001207 0.000153
vn 0.254336 -0.967039 0.012227
vn 0.178380 -0.983899 0.011071
vn -0.999955 0.002963 0.009024
vn -0.999829 0.004006 0.018048
vn -0.999998 0.001920 0.000000
vn -0.992890 0.118528 0.010962
vn -0.994946 0.097992 0.021919
vn -0.002900 -0.999969 0.007283
vn -0.003742 -0.999887 0.014566
vn -0.002059 -0.999998 0.000000
vn -0.336615 0.941643 0.000204
vn -0.594537 0.804067 0.001170
vn -0.515342 0.856984 -0.001170
vn -0.212221 0.977221 -0.001178
vn 0.269943 0.962864 0.004938
vn 0.026228 0.999655 0.001384
vn 0.155267 0.987871 0.001957
vn 0.266426 0.963838 0.005788
vn -0.813441 0.581643 -0.002156
vn -0.741148 0.671342 -0.000204
vn 0.781378 -0.624054 -0.002083
vn 0.917043 -0.398787 0.001178
vn 0.850500 -0.525967 -0.002792
vn 0.761745 -0.647832 -0.007648
vn 0.998781 -0.049359 0.000204
vn 0.984048 -0.177900 -0.001178
vn 0.970380 0.241579 0.001170
vn 0.988963 0.148161 -0.001170
vn 0.848658 0.528937 -0.002156
vn 0.903863 0.427821 -0.000204
vn -0.471397 -0.881921 -0.000000
vn -0.449343 -0.893341 0.005788
vn -0.098018 -0.995185 -0.000001
vn -0.050760 -0.998414 -0.024335
vn -0.144998 -0.989133 0.024333
vn -0.752479 -0.658250 0.021967
vn -0.711937 -0.701811 -0.024635
vn -0.788722 -0.610928 0.068443
vn 0.945381 0.324748 -0.028189
vn 0.936577 0.347306 -0.046919
vn 0.953298 0.301885 -0.009433
vn 0.864648 0.502015 0.019087
vn 0.854637 0.519214 0.003508
vn 0.874106 0.484497 0.034655
vn -0.301515 0.953403 -0.010588
vn -0.367194 0.928809 -0.049818
vn -0.233890 0.971839 0.028710
vn -0.322340 -0.946602 0.006414
vn -0.306620 -0.951821 -0.004692
vn -0.337932 -0.941008 0.017516
vn 0.619331 -0.785030 0.012558
vn 0.670106 -0.741897 -0.023374
vn 0.565007 -0.823664 0.048417
vn 0.993362 0.114572 -0.010221
vn 0.997123 0.054541 -0.052635
vn 0.984221 0.173983 0.032248
vn -0.260209 0.965298 -0.022164
vn -0.282992 0.958254 -0.040800
vn -0.237188 0.971458 -0.003508
vn -0.486362 0.873704 0.009644
vn -0.433284 0.900937 -0.024043
vn -0.537157 0.842371 0.043286
vn -0.961179 0.275793 0.008594
vn -0.971321 0.237152 -0.017178
vn -0.948864 0.313811 0.034347
vn -0.762028 -0.647472 0.009642
vn -0.799093 -0.600727 -0.024045
vn -0.721387 -0.691178 0.043285
vn 0.468245 -0.883044 0.031288
vn 0.460169 -0.886959 0.039356
vn 0.476254 -0.879001 0.023216
vn 0.647434 -0.762079 0.007998
vn 0.620837 -0.783689 -0.019822
vn 0.672770 -0.738985 0.035803
vn 0.131473 -0.991299 0.006413
vn 0.115038 -0.993350 -0.004692
vn 0.147857 -0.988854 0.017516
vn -0.751254 -0.660005 -0.003346
vn -0.736821 -0.675869 -0.017178
vn -0.765197 -0.643711 0.010489
vn -0.966148 -0.257966 0.003345
vn -0.960347 -0.278612 -0.010490
vn -0.971321 -0.237152 0.017178
vn -0.636251 0.771482 0.000870
vn -0.675714 0.736651 -0.027506
vn -0.594512 0.803555 0.029243
vn -0.124529 -0.992209 0.003690
vn -0.098644 -0.994916 -0.020272
vn -0.150259 -0.988260 0.027647
vn 0.310229 0.950645 0.005630
vn 0.314853 0.949000 -0.016311
vn 0.000000 -0.000000 -1.000000
vn 0.000000 -0.000000 -1.000000
vn 0.000000 0.000000 -1.000000
vn 0.000000 0.000000 -1.000000
vn 0.000000 0.000000 -1.000000
vn 0.000000 -0.000000 -1.000000
vn 0.000000 0.000000 -1.000000
vn 0.000000 0.000000 -1.000000
vn -0.000000 0.000000 -1.000000
vn 0.000000 0.000000 -1.000000
vn -0.000000 -0.000000 -1.000000
vn -0.000000 -0.000000 -1.000000
vn -0.000000 -0.000000 -1.000000
vn -0.000000 0.000000 -1.000000
vn -0.000000 0.000000 -1.000000
vn -0.000000 -0.000000 -1.000000
vn -0.000000 -0.000000 -1.000000
vn -0.000000 -0.000000 -1.000000
vn -0.000000 0.000000 -1.000000
vn -0.000000 0.000000 -1.000000
vn -0.000000 0.000000 -1.000000
vn -0.000000 0.000000 -1.000000
vn 0.000000 -0.000000 -1.000000
vn 0.000000 -0.000000 -1.000000
vn -0.000000 -0.000000 -1.000000
vn -0.000000 0.000000 -1.000000
vn -0.000000 0.000000 -1.000000
vn 0.000000 0.000000 -1.000000
vn 0.000000 -0.000000 -1.000000
vn 0.000000 -0.000000 -1.000000
vn 0.000000 -0.000000 -1.000000
vn 0.000000 0.000000 -1.000000
vn 0.000000 0.000000 -1.000000
vn -0.000000 0.000000 -1.000000
vn 0.000000 -0.000000 -1.000000
vn -0.000000 0.000000 -1.000000
vn 0.000000 -0.000000 -1.000000
vn 0.000000 -0.000000 -1.000000
vn 0.000000 0.000000 -1.000000
vn 0.000000 0.000000 -1.000000
vn 0.000000 0.000000 -1.000000
vn 0.000000 0.000000 -1.000000
vn -0.000000 -0.000000 -1.000000
vn -0.000000 -0.000000 -1.000000
vn -0.000000 -0.000000 -1.000000
vn -0.000000 -0.000000 -1.000000
vn -0.000000 -0.000000 -1.000000
vn 0.000000 0.000000 -1.000000
vn 0.000000 0.000000 -1.000000
vn 0.000000 0.000000 -1.000000
vn 0.000000 -0.000000 -1.000000
vn 0.000000 -0.000000 -1.000000
vn 0.000000 -0.000000 -1.000000
vn 0.000000 -0.000000 -1.000000
vn 0.000000 -0.000000 -1.000000
vn -0.000000 0.000000 -1.000000
vn -0.000000 0.000000 -1.000000
vn -0.000000 0.000000 -1.000000
vn 0.000000 0.000000 -1.000000
vn -0.000000 -0.000000 -1.000000
vn -0.000000 0.000000 -1.000000
vn -0.000000 -0.000000 -1.000000
vn 0.000000 -0.000000 -1.000000
vn 0.000000 -0.000000 -1.000000
vn 0.000000 -0.000000 -1.000000
vn -0.000000 0.000000 -1.000000
vn -0.000000 0.000000 -1.000000
vn -0.000000 0.000000 -1.000000
vn -0.000000 -0.000000 -1.000000
vn -0.000000 -0.000000 -1.000000
vn -0.000000 -0.000000 -1.000000
vn -0.000000 -0.000000 -1.000000
vn -0.000000 -0.000000 -1.000000
vn 0.000000 0.000000 -1.000000
vn 0.000000 0.000000 -1.000000
vn 0.000000 0.000000 -1.000000
vn 0.000000 -0.000000 -1.000000
vn 0.000000 -0.000000 -1.000000
vn 0.000000 -0.000000 -1.000000
vn 0.000000 0.000000 -1.000000
vn 0.000000 0.000000 -1.000000
vn -0.000000 -0.000000 -1.000000
vn -0.000000 -0.000000 -1.000000
vn -0.000000 0.000000 -1.000000
vn -0.000000 0.000000 -1.000000
vn -0.000000 0.000000 -1.000000
vn -0.000000 -0.000000 -1.000000
vn -0.000000 -0.000000 -1.000000
vn -0.000000 0.000000 -1.000000
vn -0.000000 0.000000 -1.000000
vn 0.000000 0.000000 1.000000
vn 0.000000 -0.000000 1.000000
vn 0.000000 -0.000000 1.000000
vn 0.000000 -0.000000 1.000000
vn -0.000000 -0.000000 1.000000
vn -0.000000 -0.000000 1.000000
vn -0.000000 -0.000000 1.000000
vn -0.000000 -0.000000 1.000000
vn -0.000000 -0.000000 1.000000
vn 0.000000 -0.000000 1.000000
vn 0.000000 -0.000000 1.000000
vn 0.000000 -0.000000 1.000000
vn 0.000000 -0.000000 1.000000
vn 0.000000 0.000000 1.000000
vn 0.000000 -0.000000 1.000000
vn 0.000000 0.000000 1.000000
vn 0.000000 -0.000000 1.000000
vn 0.000000 -0.000000 1.000000
vn 0.000000 0.000001 1.000000
vn 0.000000 -0.000000 1.000000
vn 0.000000 -0.000000 1.000000
vn 0.000000 -0.000000 1.000000
vn 0.000000 -0.000000 1.000000
vn 0.000000 0.000000 1.000000
vn -0.000000 0.000000 1.000000
vn -0.000000 0.000000 1.000000
vn -0.000000 0.000000 1.000000
vn -0.000000 0.000001 1.000000
vn 0.000000 -0.000000 1.000000
vn -0.000000 -0.000000 1.000000
vn -0.000000 -0.000000 1.000000
vn -0.000000 -0.000000 1.000000
vn 0.000000 0.000000 1.000000
vn -0.000000 -0.000000 1.000000
vn -0.000000 -0.000000 1.000000
vn -0.000000 -0.000000 1.000000
vn 0.000000 -0.000000 1.000000
vn 0.000000 -0.000000 1.000000
vn 0.000000 -0.000000 1.000000
vn 0.000000 -0.000000 1.000000
vn -0.000000 -0.000000 1.000000
vn -0.000000 -0.000000 1.000000
vn -0.000000 0.000000 1.000000
vn -0.000000 0.000000 1.000000
vn -0.000000 0.000000 1.000000
vn 0.000000 0.000000 1.000000
vn -0.000000 0.000000 1.000000
vn 0.000000 0.000000 1.000000
vn -0.000000 -0.000000 1.000000
vn 0.000000 0.000001 1.000000
vn 0.000000 -0.000000 1.000000
vn 0.000000 -0.000000 1.000000
vn -0.000000 -0.000000 1.000000
vn -0.000000 -0.000000 1.000000
vn -0.000000 -0.000000 1.000000
vn -0.000000 -0.000000 1.000000
vn -0.000000 0.000000 -1.000000
vn 0.000000 -0.000000 -1.000000
vn 0.000000 -0.000001 -1.000000
vn 0.000000 -0.000001 -1.000000
vn 0.000000 -0.000000 -1.000000
vn 0.000000 -0.000000 -1.000000
vn 0.000000 0.000000 -1.000000
vn 0.000000 0.000000 -1.000000
vn 0.000000 0.000000 -1.000000
vn -0.000000 -0.000000 -1.000000
vn -0.000000 -0.000000 -1.000000
vn 0.000000 -0.000000 -1.000000
vn 0.000000 -0.000000 -1.000000
vn 0.000000 0.000000 -1.000000
vn 0.000000 0.000000 -1.000000
vn 0.000000 0.000000 -1.000000
vn -0.000000 -0.000000 -1.000000
vn -0.000000 -0.000001 -1.000000
vn -0.000000 -0.000001 -1.000000
vn -0.000000 -0.000000 -1.000000
vn -0.000000 0.000000 -1.000000
vn -0.000000 0.000000 -1.000000
vn -0.956176 0.290052 0.039978
vn -0.950799 0.309615 0.010953
vn -0.955563 0.294677 -0.008127
vn -0.956901 0.290272 -0.009120
vn -0.000159 0.001621 0.999999
vn -0.000970 0.003639 0.999993
vn -0.001243 0.003011 0.999995
vn -0.001724 0.002598 0.999995
vn -0.002031 0.002049 0.999996
vn -0.002158 0.001459 0.999997
vn -0.002690 0.002842 0.999992
vn -0.002839 0.004661 0.999985
vn -0.002912 0.001929 0.999994
vn -0.003079 0.000978 0.999995
vn -0.003188 0.000803 0.999995
vn -0.003245 0.000116 0.999995
vn -0.003217 -0.000252 0.999995
vn -0.003186 -0.000688 0.999995
vn -0.003045 -0.001115 0.999995
vn -0.002819 -0.001742 0.999995
vn -0.002785 -0.002321 0.999994
vn -0.002424 -0.002782 0.999993
vn -0.001005 -0.010492 0.999944
vn -0.001731 -0.007125 0.999973
vn -0.000003 -0.022718 0.999742
vn 0.001475 -0.010896 0.999940
vn 0.002900 -0.001396 0.999995
vn 0.002235 -0.002986 0.999993
vn 0.001721 -0.007188 0.999973
vn 0.000000 0.000000 -1.000000
vn 0.000000 -0.000000 -1.000000
vn -0.000000 -0.000000 -1.000000
vn -0.000000 -0.000000 -1.000000
vn -0.000000 -0.000000 -1.000000
vn -0.000000 -0.000000 -1.000000
vn -0.000000 -0.000000 -1.000000
vn -0.000000 -0.000000 -1.000000
vn -0.000000 -0.000000 -1.000000
vn -0.000000 -0.000000 -1.000000
vn -0.000000 -0.000000 -1.000000
vn -0.000000 -0.000000 -1.000000
vn -0.000000 -0.000000 -1.000000
vn -0.000000 -0.000000 -1.000000
vn -0.000000 -0.000000 -1.000000
vn -0.000000 0.000000 -1.000000
vn -0.000000 -0.000000 -1.000000
vn -0.000000 -0.000000 -1.000000
vn -0.000000 0.000000 -1.000000
vn -0.000000 0.000000 -1.000000
vn -0.000000 0.000000 -1.000000
vn -0.000000 0.000000 -1.000000
vn -0.000000 0.000000 -1.000000
vn -0.000000 0.000000 -1.000000
vn -0.000000 0.000000 -1.000000
vn -0.000000 0.000000 -1.000000
vn -0.000000 0.000000 -1.000000
vn -0.000000 0.000000 -1.000000
vn -0.000000 0.000000 -1.000000
vn -0.000000 0.000000 -1.000000
vn -0.000000 0.000000 -1.000000
vn 0.000000 -0.000000 -1.000000
vn 0.000012 0.000002 -1.000000
vn 0.000000 -0.000000 -1.000000
vn 0.000024 0.000004 -1.000000
vn -0.000000 -0.000000 -1.000000
vn 0.000000 -0.000000 -1.000000
vn 0.000000 -0.000000 -1.000000
vn 0.000048 0.000009 -1.000000
vn -0.000004 -0.000001 -1.000000
vn 0.000000 -0.000001 -1.000000
vn -0.000000 0.000000 -1.000000
vn 0.000000 -0.000001 -1.000000
vn 0.000000 -0.000002 -1.000000
vn -0.000000 0.000000 -1.000000
vn 0.000000 0.000000 -1.000000
vn 0.000000 0.000000 -1.000000
vn 0.000000 -0.000000 -1.000000
vn -0.000000 0.000000 -1.000000
vn 0.000000 0.000000 -1.000000
vn 0.000000 0.000000 -1.000000
vn 0.000000 -0.000000 -1.000000
vn -0.000000 -0.000000 -1.000000
vn 0.000000 0.000000 -1.000000
vn 0.000000 0.000000 -1.000000
vn -0.000000 -0.000000 1.000000
vn 0.000000 0.000000 -1.000000
vn 0.000000 0.000000 -1.000000
vn 0.000000 0.000000 -1.000000
vn -0.003367 -0.105546 -0.994409
vn -0.017996 -0.182821 -0.982982
vn -0.003363 -0.303593 -0.952796
vn -0.021803 -0.242318 -0.969952
vn -0.022013 -0.067372 -0.997485
vn -0.025852 -0.049958 -0.998417
vn -0.027296 -0.068547 -0.997274
vn -0.029093 -0.044677 -0.998578
vn -0.031490 -0.036864 -0.998824
vn -0.034676 -0.040497 -0.998578
vn -0.037576 -0.033331 -0.998738
vn -0.037959 -0.038362 -0.998543
vn -0.040031 -0.029350 -0.998767
vn -0.042435 -0.025752 -0.998767
vn -0.043519 -0.023874 -0.998767
vn -0.045433 -0.019993 -0.998767
vn -0.046263 -0.017989 -0.998767
vn -0.047654 -0.013891 -0.998767
vn -0.048314 -0.011934 -0.998761
vn -0.049275 -0.007697 -0.998756
vn -0.019576 0.002896 -0.999804
vn 0.000000 -0.000000 -1.000000
vn -0.000000 -0.000000 -1.000000
vn -0.000000 -0.000000 -1.000000
vn -0.000000 -0.000000 -1.000000
vn -0.000000 0.000000 -1.000000
vn 0.019042 -0.134973 -0.990666
vn 0.021803 -0.242317 -0.969952
vn 0.022012 -0.067372 -0.997485
vn 0.025852 -0.049958 -0.998417
vn 0.027296 -0.068547 -0.997274
vn 0.029093 -0.044677 -0.998578
vn 0.031490 -0.036864 -0.998824
vn 0.034676 -0.040497 -0.998578
vn 0.037576 -0.033331 -0.998738
vn 0.037959 -0.038362 -0.998543
vn 0.040031 -0.029350 -0.998767
vn 0.042435 -0.025752 -0.998767
vn 0.043519 -0.023874 -0.998767
vn 0.045433 -0.019993 -0.998767
vn 0.046263 -0.017989 -0.998767
vn 0.047654 -0.013891 -0.998767
vn 0.048215 -0.011797 -0.998767
vn 0.049060 -0.007552 -0.998767
vn 0.026510 0.007066 -0.999624
vn 0.029391 -0.006032 -0.999550
vn 0.008682 -0.000332 -0.999962
vn 0.024019 -0.025038 -0.999398
vn 0.013914 -0.011642 -0.999835
vn 0.017085 -0.002183 -0.999852
vn 0.049275 0.007697 -0.998756
vn 0.003258 -0.033187 0.999444
vn 0.003058 -0.034077 0.999414
vn 0.011997 -0.045512 0.998892
vn 0.015060 -0.037067 0.999199
vn 0.017750 -0.049379 0.998622
vn 0.022033 -0.066865 0.997519
vn 0.025852 -0.049958 0.998417
vn 0.027296 -0.068547 0.997274
vn 0.029093 -0.044677 0.998578
vn 0.031490 -0.036864 0.998824
vn 0.034676 -0.040497 0.998578
vn 0.037944 -0.033269 0.998726
vn 0.037892 -0.037700 0.998570
vn 0.041961 -0.026107 0.998778
vn 0.043172 -0.025049 0.998754
vn 0.044908 -0.020080 0.998789
vn 0.046144 -0.018277 0.998768
vn 0.047654 -0.013891 0.998767
vn 0.048215 -0.011797 0.998767
vn 0.049060 -0.007552 0.998767
vn 0.049343 -0.005403 0.998767
vn 0.049626 0.000000 0.998768
vn 0.049626 0.000000 0.998768
vn 0.049343 0.005403 0.998767
vn 0.049060 0.007552 0.998767
vn 0.048215 0.011797 0.998767
vn 0.047654 0.013891 0.998767
vn 0.046263 0.017989 0.998767
vn 0.045433 0.019993 0.998767
vn 0.043519 0.023874 0.998767
vn 0.042435 0.025752 0.998767
vn 0.040031 0.029350 0.998767
vn 0.038711 0.031070 0.998767
vn 0.035637 0.034544 0.998768
vn 0.033806 0.035738 0.998789
vn 0.029867 0.041275 0.998701
vn 0.027294 0.040769 0.998796
vn 0.022923 0.047090 0.998627
vn 0.019110 0.052905 0.998417
vn 0.018116 0.071523 0.997274
vn 0.004200 0.030189 0.999535
vn 0.005684 0.051298 0.998667
vn -0.003744 0.033993 0.999415
vn -0.001049 0.016664 0.999861
vn -0.000000 -0.000000 1.000000
vn -0.000000 -0.000000 1.000000
vn 0.000000 0.000000 1.000000
vn 0.000000 0.000000 1.000000
vn 0.000000 -0.000000 1.000000
vn 0.000000 -0.000000 1.000000
vn 0.000000 0.000000 1.000000
vn 0.000000 0.000000 1.000000
vn 0.000086 -0.000110 1.000000
vn 0.000409 -0.000002 1.000000
vn 0.000200 -0.000038 1.000000
vn -0.000000 -0.000000 1.000000
vn 0.000722 -0.000038 1.000000
vn 0.000152 -0.000165 1.000000
vn -0.027351 0.007406 -0.999598
vn -0.012977 0.010557 -0.999860
vn -0.018845 0.005547 -0.999807
vn -0.015845 0.016890 -0.999732
vn -0.013616 0.024668 -0.999603
vn -0.011347 0.035832 -0.999294
vn -0.139236 -0.902245 -0.408127
vn -0.000000 -0.000001 -1.000000
vn -0.000000 -0.000001 -1.000000
vn -0.000000 -0.000001 -1.000000
vn -0.048215 0.011797 -0.998767
vn -0.048776 0.009702 -0.998763
vn -0.048776 0.009702 -0.998763
vn -0.047654 0.013891 -0.998767
vn -0.046263 0.017989 -0.998767
vn -0.045433 0.019993 -0.998767
vn -0.043519 0.023874 -0.998767
vn -0.042435 0.025752 -0.998767
vn -0.040031 0.029350 -0.998767
vn -0.038711 0.031070 -0.998767
vn -0.035857 0.034324 -0.998767
vn -0.032904 0.037951 -0.998738
vn -0.032627 0.042988 -0.998543
vn -0.029093 0.044677 -0.998578
vn -0.026409 0.040659 -0.998824
vn -0.023013 0.048092 -0.998578
vn -0.019110 0.052905 -0.998417
vn -0.018116 0.071523 -0.997274
vn -0.013030 0.069668 -0.997485
vn -0.005417 0.067009 -0.997738
vn 0.000000 0.108316 -0.994117
vn 0.048314 0.011934 -0.998761
vn 0.047654 0.013891 -0.998767
vn 0.046263 0.017989 -0.998767
vn 0.045433 0.019993 -0.998767
vn 0.043519 0.023874 -0.998767
vn 0.042435 0.025752 -0.998767
vn 0.040031 0.029350 -0.998767
vn 0.038711 0.031070 -0.998767
vn 0.035857 0.034324 -0.998767
vn 0.032904 0.037951 -0.998738
vn 0.032627 0.042988 -0.998543
vn 0.029093 0.044677 -0.998578
vn 0.026409 0.040659 -0.998824
vn 0.023013 0.048092 -0.998578
vn 0.019110 0.052905 -0.998417
vn 0.018116 0.071523 -0.997274
vn 0.013030 0.069669 -0.997485
vn 0.004334 0.053610 -0.998553
vn -0.000000 -0.000000 -1.000000
vn -0.000000 -0.000000 -1.000000
vn 0.000000 0.000000 -1.000000
vn -0.000000 0.000000 -1.000000
vn -0.000000 0.000000 -1.000000
vn -0.000000 -0.000001 -1.000000
vn -0.000000 0.000000 -1.000000
vn -0.000000 0.000000 -1.000000
vn -0.000000 0.000000 -1.000000
vn -0.000000 0.000000 -1.000000
vn -0.000000 0.000000 -1.000000
vn 0.000000 0.000000 -1.000000
vn -0.000000 0.000000 -1.000000
vn -0.000000 0.000000 -1.000000
vn -0.000000 0.000000 -1.000000
vn -0.000000 0.000000 -1.000000
vn 0.000000 -0.000000 -1.000000
vn 0.000002 -0.000000 -1.000000
vn 0.000001 -0.000000 -1.000000
vn -0.000000 0.000000 -1.000000
vn 0.000000 -0.000000 -1.000000
vn 0.000001 -0.000000 -1.000000
vn 0.000004 -0.000002 -1.000000
vn -0.000000 -0.000000 -1.000000
vn -0.000000 -0.000001 -1.000000
vn -0.000000 -0.000002 -1.000000
vn 0.000000 -0.000000 -1.000000
vn 0.000000 -0.000000 -1.000000
vn 0.000000 -0.000000 -1.000000
vn 0.000000 -0.000000 -1.000000
vn 0.000000 -0.000000 -1.000000
vn 0.000000 -0.000000 -1.000000
vn 0.000000 -0.000000 -1.000000
vn 0.000000 -0.000000 -1.000000
vn 0.000000 -0.000000 -1.000000
vn 0.000000 -0.000000 -1.000000
vn 0.000000 -0.000000 -1.000000
vn 0.000000 -0.000000 -1.000000
vn 0.000000 -0.000000 -1.000000
vn 0.000000 0.000000 -1.000000
vn 0.000000 -0.000000 -1.000000
vn 0.000000 -0.000000 -1.000000
vn 0.000000 0.000000 -1.000000
vn 0.000000 0.000000 -1.000000
vn 0.000000 0.000000 -1.000000
vn 0.000000 0.000000 -1.000000
vn 0.000000 0.000000 -1.000000
vn 0.000000 0.000000 -1.000000
vn 0.000000 0.000000 -1.000000
vn 0.000000 0.000000 -1.000000
vn 0.000000 0.000000 -1.000000
vn 0.000000 0.000000 -1.000000
vn 0.000000 0.000000 -1.000000
vn 0.000000 0.000000 -1.000000
vn 0.000000 0.000000 -1.000000
vn 0.000027 0.000199 -1.000000
vn 0.000069 0.000302 -1.000000
vn 0.000156 0.000206 -1.000000
vn -0.000000 0.000000 -1.000000
vn 0.000000 -0.000000 -1.000000
vn -0.000000 -0.000000 1.000000
vn 0.000000 -0.000000 1.000000
vn 0.000000 -0.000000 1.000000
vn 0.000000 0.000000 1.000000
vn -0.000000 0.000000 1.000000
vn -0.000000 0.000000 1.000000
vn -0.000077 0.000111 1.000000
vn -0.000125 0.000184 1.000000
vn -0.000308 0.000131 1.000000
vn -0.000339 0.000062 1.000000
vn -0.000118 0.000016 1.000000
vn -0.000000 -0.000000 1.000000
vn 0.000000 -0.000000 1.000000
vn -0.000000 -0.000000 1.000000
vn 0.000000 -0.000000 1.000000
vn 0.000000 -0.000000 1.000000
vn -0.000000 0.000000 1.000000
vn -0.000000 -0.000000 1.000000
vn -0.000000 -0.000000 1.000000
vn -0.000020 -0.000130 -1.000000
vn -0.000000 -0.000000 -1.000000
vn -0.000050 -0.000372 -1.000000
vn -0.000193 -0.000107 -1.000000
vn -0.000119 -0.000377 -1.000000
vn -0.004803 -0.034500 0.999393
vn 0.000000 -0.000000 1.000000
vn 0.000000 -0.000000 1.000000
vn 0.000000 0.000000 1.000000
vn 0.000000 0.000000 1.000000
vn -0.000000 -0.000000 1.000000
vn -0.002338 -0.028560 0.999589
vn -0.008027 -0.030944 0.999489
vn -0.008345 -0.060157 0.998154
vn -0.017692 -0.049811 0.998602
vn -0.022013 -0.067372 0.997485
vn -0.026516 -0.050041 0.998395
vn -0.027161 -0.067046 0.997380
vn -0.029867 -0.041275 0.998701
vn -0.033806 -0.035738 0.998789
vn -0.035637 -0.034544 0.998768
vn -0.038711 -0.031070 0.998767
vn -0.040031 -0.029350 0.998767
vn -0.042435 -0.025752 0.998767
vn -0.043519 -0.023874 0.998767
vn -0.045433 -0.019993 0.998767
vn -0.046263 -0.017989 0.998767
vn -0.047654 -0.013891 0.998767
vn -0.048215 -0.011797 0.998767
vn -0.049060 -0.007552 0.998767
vn -0.049343 -0.005403 0.998767
vn -0.049626 0.000000 0.998768
vn -0.049626 0.000000 0.998768
vn -0.049343 0.005403 0.998767
vn -0.049060 0.007552 0.998767
vn -0.048215 0.011797 0.998767
vn -0.047654 0.013891 0.998767
vn -0.046144 0.018277 0.998768
vn -0.044909 0.020080 0.998789
vn -0.043389 0.026704 0.998701
vn -0.040818 0.027221 0.998796
vn -0.037312 0.032612 0.998771
vn -0.036962 0.028601 0.998907
vn -0.032904 0.037951 0.998738
vn -0.032627 0.042988 0.998543
vn -0.029093 0.044677 0.998578
vn -0.026409 0.040659 0.998824
vn -0.023013 0.048092 0.998578
vn -0.019151 0.052596 0.998432
vn -0.018146 0.070799 0.997326
vn -0.009646 0.026972 0.999590
vn -0.000000 0.000001 1.000000
vn 0.000505 0.001846 0.999998
vn 0.001305 0.001979 0.999997
vn 0.000809 0.005005 0.999987
vn 0.001819 0.007455 0.999971
vn 0.001963 0.001328 0.999997
vn 0.002986 0.004882 0.999984
vn 0.003552 0.010123 0.999943
vn 0.002772 0.003466 0.999990
vn 0.002991 0.001376 0.999995
vn 0.003167 0.000761 0.999995
vn 0.003204 0.000500 0.999995
vn 0.003259 0.000053 0.999995
vn 0.003205 -0.000380 0.999995
vn 0.003160 -0.000747 0.999995
vn 0.003008 -0.001250 0.999995
vn 0.000000 0.000000 -1.000000
vn 0.000000 0.000000 -1.000000
vn 0.000000 0.000000 -1.000000
# 1526 normals

vt 0.878962 0.831785 0.000000
vt 0.887320 0.840801 0.000000
vt 0.878948 0.847629 0.000000
vt 0.878948 0.152371 0.000000
vt 0.862152 0.947537 0.000000
vt 0.853784 0.936551 0.000000
vt 0.862150 0.928773 0.000000
vt 0.862150 0.071227 0.000000
vt 0.870548 0.900596 0.000000
vt 0.878915 0.910023 0.000000
vt 0.870548 0.919471 0.000000
vt 0.870548 0.080529 0.000000
vt 0.862159 0.983458 0.000000
vt 0.853790 0.973311 0.000000
vt 0.862155 0.965870 0.000000
vt 0.862155 0.034130 0.000000
vt 0.870539 0.947520 0.000000
vt 0.878918 0.967138 0.000000
vt 0.870552 0.974157 0.000000
vt 0.870552 0.025843 0.000000
vt 0.862147 0.891234 0.000000
vt 0.853780 0.880395 0.000000
vt 0.862147 0.873102 0.000000
vt 0.862147 0.126898 0.000000
vt 0.862148 0.855812 0.000000
vt 0.853782 0.846000 0.000000
vt 0.862150 0.839660 0.000000
vt 0.862150 0.160340 0.000000
vt 0.870551 0.863801 0.000000
vt 0.878916 0.874318 0.000000
vt 0.870549 0.881933 0.000000
vt 0.870549 0.118068 0.000000
vt 0.862155 0.811850 0.000000
vt 0.853791 0.804798 0.000000
vt 0.862159 0.800668 0.000000
vt 0.862159 0.199332 0.000000
vt 0.887326 0.902057 0.000000
vt 0.895690 0.909315 0.000000
vt 0.887322 0.915101 0.000000
vt 0.887322 0.084899 0.000000
vt 0.853741 0.804485 0.000000
vt 0.845378 0.796821 0.000000
vt 0.853749 0.789771 0.000000
vt 0.853749 0.210229 0.000000
vt 0.887340 0.881839 0.000000
vt 0.895702 0.886665 0.000000
vt 0.887332 0.890906 0.000000
vt 0.887332 0.109094 0.000000
vt 0.853773 0.770755 0.000000
vt 0.845408 0.759729 0.000000
vt 0.853780 0.756509 0.000000
vt 0.853780 0.243491 0.000000
vt 0.887320 0.945947 0.000000
vt 0.895688 0.955881 0.000000
vt 0.887323 0.963221 0.000000
vt 0.887323 0.036779 0.000000
vt 0.853732 0.837892 0.000000
vt 0.845366 0.827485 0.000000
vt 0.853735 0.820617 0.000000
vt 0.853735 0.179383 0.000000
vt 0.853730 0.874670 0.000000
vt 0.845362 0.863594 0.000000
vt 0.853730 0.856013 0.000000
vt 0.853730 0.143987 0.000000
vt 0.853741 0.930656 0.000000
vt 0.845370 0.919992 0.000000
vt 0.853735 0.912314 0.000000
vt 0.853735 0.087686 0.000000
vt 0.900491 0.716686 0.000000
vt 0.892125 0.708997 0.000000
vt 0.900494 0.701919 0.000000
vt 0.900494 0.298081 0.000000
vt 0.401284 0.059493 0.000000
vt 0.409650 0.069529 0.000000
vt 0.401284 0.076053 0.000000
vt 0.401284 0.923947 0.000000
vt 0.853773 0.972725 0.000000
vt 0.845385 0.955344 0.000000
vt 0.853749 0.948257 0.000000
vt 0.853749 0.051743 0.000000
vt 0.862167 0.855829 0.000000
vt 0.870533 0.865791 0.000000
vt 0.862165 0.873137 0.000000
vt 0.862165 0.126863 0.000000
vt 0.862164 0.891281 0.000000
vt 0.870531 0.902191 0.000000
vt 0.862164 0.909951 0.000000
vt 0.862164 0.090049 0.000000
vt 0.900488 0.750169 0.000000
vt 0.892122 0.739745 0.000000
vt 0.900489 0.732861 0.000000
vt 0.900489 0.267139 0.000000
vt 0.862166 0.947587 0.000000
vt 0.870534 0.958518 0.000000
vt 0.862168 0.965910 0.000000
vt 0.862168 0.034090 0.000000
vt 0.892110 0.765290 0.000000
vt 0.883738 0.755649 0.000000
vt 0.892102 0.748477 0.000000
vt 0.892102 0.251523 0.000000
vt 0.878932 0.957344 0.000000
vt 0.887303 0.966404 0.000000
vt 0.878941 0.975134 0.000000
vt 0.878941 0.024866 0.000000
vt 0.862170 0.983481 0.000000
vt 0.870539 0.993490 0.000000
vt 0.862173 1.000000 0.000000
vt 0.862173 0.000000 0.000000
vt 0.903524 0.102850 0.000000
vt 0.911901 0.120185 0.000000
vt 0.903533 0.127254 0.000000
vt 0.903533 0.872746 0.000000
vt 0.892097 0.712224 0.000000
vt 0.883731 0.701184 0.000000
vt 0.892099 0.693404 0.000000
vt 0.892099 0.306596 0.000000
vt 0.878924 0.920061 0.000000
vt 0.887291 0.931191 0.000000
vt 0.878926 0.938881 0.000000
vt 0.878926 0.061119 0.000000
vt 0.878929 0.882640 0.000000
vt 0.887293 0.893470 0.000000
vt 0.878925 0.901207 0.000000
vt 0.878925 0.098793 0.000000
vt 0.830391 0.672902 0.000000
vt 0.879952 0.677705 0.000000
vt 0.830385 0.679827 0.000000
vt 0.830385 0.320173 0.000000
vt 0.056879 0.104939 0.000000
vt 0.063395 0.051145 0.000000
vt 0.066528 0.104940 0.000000
vt 0.066528 0.895060 0.000000
vt 0.049571 0.104938 0.000000
vt 0.052397 0.051143 0.000000
vt 0.056879 0.895061 0.000000
vt 0.049571 0.104941 0.000000
vt 0.000003 0.098387 0.000000
vt 0.049568 0.095794 0.000000
vt 0.049568 0.904206 0.000000
vt 0.111208 0.051145 0.000000
vt 0.103830 0.104938 0.000000
vt 0.098971 0.051139 0.000000
vt 0.098971 0.948861 0.000000
vt 0.129577 0.051139 0.000000
vt 0.122687 0.104939 0.000000
vt 0.120123 0.051144 0.000000
vt 0.120123 0.948856 0.000000
vt 0.076032 0.104941 0.000000
vt 0.082754 0.051145 0.000000
vt 0.085106 0.104940 0.000000
vt 0.085106 0.895060 0.000000
vt 0.823804 0.670843 0.000000
vt 0.823809 0.677802 0.000000
vt 0.815438 0.673629 0.000000
vt 0.815438 0.326371 0.000000
vt 0.045003 0.033244 0.000000
vt 0.045003 0.040646 0.000000
vt 0.036636 0.036178 0.000000
vt 0.036636 0.963823 0.000000
vt 0.261901 0.039681 0.000000
vt 0.261900 0.048119 0.000000
vt 0.253533 0.043095 0.000000
vt 0.253533 0.956905 0.000000
vt 0.873574 0.122443 0.000000
vt 0.873571 0.112896 0.000000
vt 0.881939 0.117323 0.000000
vt 0.881939 0.882677 0.000000
vt 0.890307 0.114846 0.000000
vt 0.890311 0.122443 0.000000
vt 0.881943 0.121387 0.000000
vt 0.881943 0.878613 0.000000
vt 0.873571 0.100629 0.000000
vt 0.873566 0.107547 0.000000
vt 0.865200 0.106325 0.000000
vt 0.865200 0.893675 0.000000
vt 0.862165 0.819492 0.000000
vt 0.862164 0.813238 0.000000
vt 0.870531 0.817746 0.000000
vt 0.870531 0.182254 0.000000
vt 0.079521 0.037201 0.000000
vt 0.079522 0.030533 0.000000
vt 0.087888 0.035404 0.000000
vt 0.087888 0.964596 0.000000
vt 0.194786 0.054161 0.000000
vt 0.194786 0.046316 0.000000
vt 0.203153 0.048914 0.000000
vt 0.203153 0.951086 0.000000
vt 0.895687 0.843951 0.000000
vt 0.895688 0.849328 0.000000
vt 0.887320 0.845388 0.000000
vt 0.887320 0.154613 0.000000
vt 0.848913 0.667660 0.000000
vt 0.848913 0.658791 0.000000
vt 0.857279 0.664900 0.000000
vt 0.857279 0.335100 0.000000
vt 0.823802 0.664540 0.000000
vt 0.815435 0.666016 0.000000
vt 0.815435 0.333984 0.000000
vt 0.261904 0.056651 0.000000
vt 0.253534 0.051676 0.000000
vt 0.261900 0.951881 0.000000
vt 0.892121 0.694709 0.000000
vt 0.892121 0.687213 0.000000
vt 0.900487 0.691512 0.000000
vt 0.900487 0.308488 0.000000
vt 0.873567 0.116501 0.000000
vt 0.873571 0.122443 0.000000
vt 0.865202 0.121285 0.000000
vt 0.865202 0.878715 0.000000
vt 0.895687 0.837812 0.000000
vt 0.887320 0.833236 0.000000
vt 0.895688 0.830846 0.000000
vt 0.895688 0.169154 0.000000
vt 0.890311 0.101328 0.000000
vt 0.890306 0.106282 0.000000
vt 0.881941 0.103435 0.000000
vt 0.881941 0.896565 0.000000
vt 0.045004 0.047892 0.000000
vt 0.036637 0.045908 0.000000
vt 0.036637 0.954092 0.000000
vt 0.079523 0.051143 0.000000
vt 0.079521 0.043696 0.000000
vt 0.087889 0.049120 0.000000
vt 0.087889 0.950880 0.000000
vt 0.832176 0.663177 0.000000
vt 0.832181 0.654955 0.000000
vt 0.840546 0.657801 0.000000
vt 0.840546 0.342199 0.000000
vt 0.873571 0.105189 0.000000
vt 0.873572 0.100676 0.000000
vt 0.881938 0.104164 0.000000
vt 0.881938 0.895836 0.000000
vt 0.261904 0.036406 0.000000
vt 0.253537 0.036381 0.000000
vt 0.253537 0.963619 0.000000
vt 0.878915 0.938236 0.000000
vt 0.870539 0.052480 0.000000
vt 0.845391 0.776729 0.000000
vt 0.853773 0.229245 0.000000
vt 0.845401 0.980053 0.000000
vt 0.853773 0.027275 0.000000
vt 0.911901 0.095551 0.000000
vt 0.903524 0.897150 0.000000
vt 0.072860 0.051145 0.000000
vt 0.076032 0.895059 0.000000
vt 0.879958 0.671733 0.000000
vt 0.830391 0.327098 0.000000
vt 0.092674 0.104927 0.000000
vt 0.113821 0.104941 0.000000
vt 0.111208 0.948855 0.000000
vt 0.131710 0.104932 0.000000
vt 0.129577 0.948861 0.000000
vt 0.870531 0.811443 0.000000
vt 0.840543 0.664466 0.000000
vt 0.840543 0.335534 0.000000
vt 0.881939 0.108027 0.000000
vt 0.203154 0.056551 0.000000
vt 0.203154 0.943449 0.000000
vt 0.087888 0.042093 0.000000
vt 0.079521 0.956304 0.000000
vt 0.881940 0.114116 0.000000
vt 0.881940 0.885884 0.000000
vt 0.881939 0.100783 0.000000
vt 0.857283 0.656018 0.000000
vt 0.253538 0.057630 0.000000
vt 0.261904 0.943349 0.000000
vt 0.887320 0.839333 0.000000
vt 0.887320 0.166764 0.000000
vt 0.900492 0.682558 0.000000
vt 0.865199 0.113941 0.000000
vt 0.865199 0.886059 0.000000
vt 0.865203 0.100917 0.000000
vt 0.865203 0.899083 0.000000
vt 0.087889 0.030308 0.000000
vt 0.862165 0.805222 0.000000
vt 0.870533 0.802460 0.000000
vt 0.870531 0.805746 0.000000
vt 0.870531 0.194254 0.000000
vt 0.881938 0.109766 0.000000
vt 0.823804 0.329157 0.000000
vt 0.815444 0.679500 0.000000
vt 0.857283 0.671585 0.000000
vt 0.848913 0.332340 0.000000
vt 0.194787 0.035853 0.000000
vt 0.203154 0.035334 0.000000
vt 0.203153 0.041345 0.000000
vt 0.203153 0.958655 0.000000
vt 0.194786 0.040189 0.000000
vt 0.830376 0.937360 0.000000
vt 0.780714 0.937361 0.000000
vt 0.780716 0.925472 0.000000
vt 0.780716 0.074528 0.000000
vt 0.830378 0.925471 0.000000
vt 0.780718 0.914913 0.000000
vt 0.780718 0.085087 0.000000
vt 0.830380 0.914912 0.000000
vt 0.780729 0.846259 0.000000
vt 0.731067 0.846266 0.000000
vt 0.731059 0.836457 0.000000
vt 0.731059 0.163543 0.000000
vt 0.780721 0.836450 0.000000
vt 0.731053 0.825124 0.000000
vt 0.731053 0.174876 0.000000
vt 0.780714 0.825117 0.000000
vt 0.739904 0.818088 0.000000
vt 0.731048 0.812703 0.000000
vt 0.731045 0.799670 0.000000
vt 0.731045 0.200330 0.000000
vt 0.739899 0.799669 0.000000
vt 0.731044 0.786527 0.000000
vt 0.731044 0.213473 0.000000
vt 0.739898 0.780821 0.000000
vt 0.780706 0.773771 0.000000
vt 0.731045 0.773778 0.000000
vt 0.731048 0.761914 0.000000
vt 0.731048 0.238086 0.000000
vt 0.780709 0.761907 0.000000
vt 0.731053 0.751390 0.000000
vt 0.731053 0.248610 0.000000
vt 0.780714 0.751383 0.000000
vt 0.731059 0.742612 0.000000
vt 0.731059 0.257388 0.000000
vt 0.780721 0.742605 0.000000
vt 0.731067 0.735916 0.000000
vt 0.731067 0.264084 0.000000
vt 0.780729 0.735909 0.000000
vt 0.750275 0.849869 0.000000
vt 0.780711 0.852986 0.000000
vt 0.780708 0.861784 0.000000
vt 0.780708 0.138216 0.000000
vt 0.750272 0.861787 0.000000
vt 0.780706 0.872324 0.000000
vt 0.780706 0.127676 0.000000
vt 0.750270 0.877508 0.000000
vt 0.731044 0.884205 0.000000
vt 0.780705 0.884200 0.000000
vt 0.780705 0.896955 0.000000
vt 0.780705 0.103045 0.000000
vt 0.731044 0.896960 0.000000
vt 0.780706 0.910100 0.000000
vt 0.780706 0.089900 0.000000
vt 0.731045 0.910105 0.000000
vt 0.780708 0.923129 0.000000
vt 0.780708 0.076871 0.000000
vt 0.731046 0.923134 0.000000
vt 0.780710 0.935542 0.000000
vt 0.780710 0.064458 0.000000
vt 0.731049 0.935546 0.000000
vt 0.771871 0.656590 0.000000
vt 0.780721 0.661304 0.000000
vt 0.780712 0.673000 0.000000
vt 0.780712 0.327000 0.000000
vt 0.771858 0.673000 0.000000
vt 0.780707 0.685649 0.000000
vt 0.780707 0.314351 0.000000
vt 0.771852 0.691438 0.000000
vt 0.731044 0.698765 0.000000
vt 0.780705 0.698766 0.000000
vt 0.780707 0.711847 0.000000
vt 0.780707 0.288153 0.000000
vt 0.731046 0.711846 0.000000
vt 0.780712 0.724388 0.000000
vt 0.780712 0.275612 0.000000
vt 0.731051 0.724387 0.000000
vt 0.780721 0.735909 0.000000
vt 0.780721 0.264091 0.000000
vt 0.731059 0.735907 0.000000
vt 0.830380 0.999999 0.000000
vt 0.780718 1.000000 0.000000
vt 0.780716 0.988697 0.000000
vt 0.780716 0.011303 0.000000
vt 0.830378 0.988696 0.000000
vt 0.811151 0.981651 0.000000
vt 0.780714 0.976295 0.000000
vt 0.780714 0.963270 0.000000
vt 0.780714 0.036730 0.000000
vt 0.811150 0.963270 0.000000
vt 0.918539 0.949772 0.000000
vt 0.918542 0.968834 0.000000
vt 0.916155 0.968834 0.000000
vt 0.916155 0.031166 0.000000
vt 0.916152 0.949772 0.000000
vt 0.905350 0.810545 0.000000
vt 0.905349 0.790298 0.000000
vt 0.907736 0.790298 0.000000
vt 0.907736 0.209702 0.000000
vt 0.907737 0.810545 0.000000
vt 0.910174 0.716315 0.000000
vt 0.910160 0.736788 0.000000
vt 0.907773 0.736788 0.000000
vt 0.907773 0.263212 0.000000
vt 0.907787 0.716315 0.000000
vt 0.161673 0.080808 0.000000
vt 0.191622 0.080809 0.000000
vt 0.191623 0.104941 0.000000
vt 0.191623 0.895059 0.000000
vt 0.161674 0.104939 0.000000
vt 0.887320 0.881833 0.000000
vt 0.887320 0.849328 0.000000
vt 0.899549 0.849334 0.000000
vt 0.899549 0.150666 0.000000
vt 0.899549 0.881839 0.000000
vt 0.780736 0.656590 0.000000
vt 0.810685 0.656590 0.000000
vt 0.810670 0.667519 0.000000
vt 0.810670 0.332481 0.000000
vt 0.780721 0.667519 0.000000
vt 0.810674 0.688976 0.000000
vt 0.810674 0.311024 0.000000
vt 0.780725 0.688976 0.000000
vt 0.810680 0.709783 0.000000
vt 0.810680 0.290217 0.000000
vt 0.780731 0.709783 0.000000
vt 0.900490 0.830354 0.000000
vt 0.870541 0.830354 0.000000
vt 0.870541 0.808616 0.000000
vt 0.870541 0.191384 0.000000
vt 0.900490 0.808617 0.000000
vt 0.870539 0.789961 0.000000
vt 0.870539 0.210039 0.000000
vt 0.900488 0.789961 0.000000
vt 0.905343 0.668921 0.000000
vt 0.905339 0.682349 0.000000
vt 0.902951 0.682350 0.000000
vt 0.902951 0.317650 0.000000
vt 0.902956 0.668921 0.000000
vt 0.913755 0.813625 0.000000
vt 0.913758 0.794200 0.000000
vt 0.916145 0.794200 0.000000
vt 0.916145 0.205800 0.000000
vt 0.916142 0.813625 0.000000
vt 0.913698 0.878101 0.000000
vt 0.913702 0.898462 0.000000
vt 0.911315 0.898462 0.000000
vt 0.911315 0.101538 0.000000
vt 0.911311 0.878101 0.000000
vt 0.865188 0.230665 0.000000
vt 0.835239 0.230665 0.000000
vt 0.835228 0.211078 0.000000
vt 0.835228 0.788922 0.000000
vt 0.865177 0.211078 0.000000
vt 0.835240 0.197838 0.000000
vt 0.835240 0.802162 0.000000
vt 0.865189 0.197837 0.000000
vt 0.835248 0.178927 0.000000
vt 0.835248 0.821073 0.000000
vt 0.865197 0.178927 0.000000
vt 0.835236 0.163149 0.000000
vt 0.835236 0.836851 0.000000
vt 0.865185 0.163149 0.000000
vt 0.122623 0.051139 0.000000
vt 0.092674 0.051139 0.000000
vt 0.092678 0.034024 0.000000
vt 0.092678 0.965976 0.000000
vt 0.122627 0.034024 0.000000
vt 0.092675 0.016169 0.000000
vt 0.092675 0.983831 0.000000
vt 0.122624 0.016169 0.000000
vt 0.036636 0.015379 0.000000
vt 0.036636 0.047883 0.000000
vt 0.018357 0.047892 0.000000
vt 0.018357 0.952108 0.000000
vt 0.018357 0.015387 0.000000
vt 0.865197 0.251956 0.000000
vt 0.835248 0.251956 0.000000
vt 0.835248 0.748044 0.000000
vt 0.918537 0.929895 0.000000
vt 0.916152 0.050228 0.000000
vt 0.916150 0.929895 0.000000
vt 0.913751 0.878618 0.000000
vt 0.913751 0.856198 0.000000
vt 0.916139 0.856198 0.000000
vt 0.916139 0.143802 0.000000
vt 0.916138 0.878618 0.000000
vt 0.913708 0.781485 0.000000
vt 0.913702 0.798986 0.000000
vt 0.911315 0.798986 0.000000
vt 0.911315 0.201014 0.000000
vt 0.911321 0.781485 0.000000
vt 0.905335 0.698047 0.000000
vt 0.902948 0.698047 0.000000
vt 0.902948 0.301953 0.000000
vt 0.742036 0.053506 0.000000
vt 0.712087 0.053511 0.000000
vt 0.712087 0.031258 0.000000
vt 0.712087 0.968742 0.000000
vt 0.742036 0.031253 0.000000
vt 0.895146 0.210732 0.000000
vt 0.865197 0.210732 0.000000
vt 0.865203 0.191363 0.000000
vt 0.865203 0.808638 0.000000
vt 0.895152 0.191363 0.000000
vt 0.865203 0.169538 0.000000
vt 0.865203 0.830462 0.000000
vt 0.895152 0.169538 0.000000
vt 0.865177 0.096700 0.000000
vt 0.835228 0.096702 0.000000
vt 0.835228 0.075289 0.000000
vt 0.835228 0.924711 0.000000
vt 0.865177 0.075287 0.000000
vt 0.835228 0.053414 0.000000
vt 0.835228 0.946586 0.000000
vt 0.865177 0.053412 0.000000
vt 0.865181 0.055004 0.000000
vt 0.895130 0.055004 0.000000
vt 0.895133 0.076712 0.000000
vt 0.895133 0.923288 0.000000
vt 0.865184 0.076712 0.000000
vt 0.895126 0.096702 0.000000
vt 0.895126 0.903298 0.000000
vt 0.865177 0.096702 0.000000
vt 0.742035 0.074304 0.000000
vt 0.712086 0.074308 0.000000
vt 0.712086 0.925692 0.000000
vt 0.905350 0.751871 0.000000
vt 0.905352 0.734348 0.000000
vt 0.907739 0.734348 0.000000
vt 0.907739 0.265652 0.000000
vt 0.907737 0.751871 0.000000
vt 0.910144 0.825896 0.000000
vt 0.910150 0.848067 0.000000
vt 0.907763 0.848067 0.000000
vt 0.907763 0.151933 0.000000
vt 0.907756 0.825896 0.000000
vt 0.918536 0.909544 0.000000
vt 0.916150 0.070105 0.000000
vt 0.916149 0.909544 0.000000
vt 0.913752 0.834409 0.000000
vt 0.916140 0.834409 0.000000
vt 0.916140 0.165591 0.000000
vt 0.191623 0.080820 0.000000
vt 0.221572 0.080821 0.000000
vt 0.221573 0.104941 0.000000
vt 0.221573 0.895059 0.000000
vt 0.191624 0.104940 0.000000
vt 0.251527 0.056999 0.000000
vt 0.221578 0.056994 0.000000
vt 0.221578 0.036685 0.000000
vt 0.221578 0.963315 0.000000
vt 0.251527 0.036690 0.000000
vt 0.221573 0.017795 0.000000
vt 0.221573 0.982205 0.000000
vt 0.251521 0.017800 0.000000
vt 0.801937 0.074308 0.000000
vt 0.771988 0.074305 0.000000
vt 0.771988 0.052873 0.000000
vt 0.771988 0.947127 0.000000
vt 0.801937 0.052876 0.000000
vt 0.771988 0.032101 0.000000
vt 0.771988 0.967899 0.000000
vt 0.801937 0.032103 0.000000
vt 0.018357 0.015387 0.000000
vt 0.000000 0.047879 0.000000
vt 0.000000 0.952122 0.000000
vt 0.000000 0.015374 0.000000
vt 0.903519 0.215520 0.000000
vt 0.903519 0.183015 0.000000
vt 0.920726 0.183012 0.000000
vt 0.920726 0.816988 0.000000
vt 0.920726 0.215517 0.000000
vt 0.191624 0.056551 0.000000
vt 0.221573 0.056551 0.000000
vt 0.221573 0.943449 0.000000
vt 0.910150 0.758358 0.000000
vt 0.910144 0.780654 0.000000
vt 0.907756 0.780654 0.000000
vt 0.907756 0.219346 0.000000
vt 0.907763 0.758358 0.000000
vt 0.918542 0.812803 0.000000
vt 0.918539 0.830351 0.000000
vt 0.916152 0.830352 0.000000
vt 0.916152 0.169649 0.000000
vt 0.916155 0.812804 0.000000
vt 0.783103 0.779464 0.000000
vt 0.783112 0.759978 0.000000
vt 0.785500 0.759978 0.000000
vt 0.785500 0.240022 0.000000
vt 0.785491 0.779464 0.000000
vt 0.905349 0.770628 0.000000
vt 0.907737 0.248129 0.000000
vt 0.907736 0.770628 0.000000
vt 0.203154 0.024046 0.000000
vt 0.221573 0.024025 0.000000
vt 0.221573 0.975975 0.000000
vt 0.221573 0.056530 0.000000
vt 0.832102 0.000000 0.000000
vt 0.832102 0.032505 0.000000
vt 0.817538 0.032516 0.000000
vt 0.817538 0.967484 0.000000
vt 0.817538 0.000011 0.000000
vt 0.903519 0.248025 0.000000
vt 0.920987 0.215524 0.000000
vt 0.920987 0.784476 0.000000
vt 0.920987 0.248028 0.000000
vt 0.865199 0.122443 0.000000
vt 0.895148 0.122462 0.000000
vt 0.895151 0.142376 0.000000
vt 0.895151 0.857624 0.000000
vt 0.865202 0.142358 0.000000
vt 0.895151 0.163149 0.000000
vt 0.895151 0.836851 0.000000
vt 0.865202 0.163131 0.000000
vt 0.895136 0.341610 0.000000
vt 0.865188 0.341610 0.000000
vt 0.865186 0.320546 0.000000
vt 0.865186 0.679454 0.000000
vt 0.895135 0.320546 0.000000
vt 0.865186 0.300004 0.000000
vt 0.865186 0.699997 0.000000
vt 0.895135 0.300004 0.000000
vt 0.261904 0.025125 0.000000
vt 0.281473 0.025122 0.000000
vt 0.281473 0.057626 0.000000
vt 0.281473 0.942374 0.000000
vt 0.261904 0.057630 0.000000
vt 0.913696 0.837384 0.000000
vt 0.913696 0.857625 0.000000
vt 0.911309 0.857625 0.000000
vt 0.911309 0.142375 0.000000
vt 0.911309 0.837384 0.000000
vt 0.905329 0.777679 0.000000
vt 0.905330 0.800091 0.000000
vt 0.902943 0.800091 0.000000
vt 0.902943 0.199909 0.000000
vt 0.902942 0.777679 0.000000
vt 0.900496 0.866481 0.000000
vt 0.900494 0.843815 0.000000
vt 0.902881 0.843815 0.000000
vt 0.902881 0.156186 0.000000
vt 0.902883 0.866481 0.000000
vt 0.916142 0.186375 0.000000
vt 0.251521 0.081203 0.000000
vt 0.221573 0.081195 0.000000
vt 0.221575 0.056999 0.000000
vt 0.221575 0.943001 0.000000
vt 0.251524 0.057006 0.000000
vt 0.865199 0.210732 0.000000
vt 0.895148 0.210732 0.000000
vt 0.895146 0.230133 0.000000
vt 0.895146 0.769867 0.000000
vt 0.865197 0.230133 0.000000
vt 0.895146 0.251956 0.000000
vt 0.895146 0.748044 0.000000
vt 0.865197 0.251956 0.000000
vt 0.371335 0.060939 0.000000
vt 0.401284 0.060935 0.000000
vt 0.401284 0.083063 0.000000
vt 0.401284 0.916937 0.000000
vt 0.371335 0.083066 0.000000
vt 0.401281 0.104937 0.000000
vt 0.401281 0.895063 0.000000
vt 0.371332 0.104941 0.000000
vt 0.131712 0.016381 0.000000
vt 0.161661 0.016378 0.000000
vt 0.161661 0.037475 0.000000
vt 0.161661 0.962525 0.000000
vt 0.131712 0.037478 0.000000
vt 0.161658 0.054379 0.000000
vt 0.161658 0.945621 0.000000
vt 0.131710 0.054382 0.000000
vt 0.251524 0.104941 0.000000
vt 0.221575 0.104933 0.000000
vt 0.221575 0.895067 0.000000
vt 0.910142 0.803296 0.000000
vt 0.907754 0.803296 0.000000
vt 0.907754 0.196704 0.000000
vt 0.905332 0.715746 0.000000
vt 0.905330 0.735142 0.000000
vt 0.902943 0.735143 0.000000
vt 0.902943 0.264857 0.000000
vt 0.902945 0.715746 0.000000
vt 0.783103 0.860506 0.000000
vt 0.783098 0.840477 0.000000
vt 0.785485 0.840477 0.000000
vt 0.785485 0.159523 0.000000
vt 0.785491 0.860506 0.000000
vt 0.907736 0.229372 0.000000
vt 0.281478 0.083021 0.000000
vt 0.311427 0.083005 0.000000
vt 0.311422 0.104925 0.000000
vt 0.311422 0.895075 0.000000
vt 0.281473 0.104941 0.000000
vt 0.895128 0.055004 0.000000
vt 0.865179 0.055002 0.000000
vt 0.865180 0.034709 0.000000
vt 0.865180 0.965291 0.000000
vt 0.895128 0.034711 0.000000
vt 0.865177 0.015868 0.000000
vt 0.865177 0.984132 0.000000
vt 0.895126 0.015870 0.000000
vt 0.903524 0.084487 0.000000
vt 0.903524 0.051982 0.000000
vt 0.920487 0.052001 0.000000
vt 0.920487 0.947999 0.000000
vt 0.920487 0.084506 0.000000
vt 0.835231 0.251960 0.000000
vt 0.865180 0.251956 0.000000
vt 0.865186 0.271208 0.000000
vt 0.865186 0.728792 0.000000
vt 0.835237 0.271212 0.000000
vt 0.865182 0.286686 0.000000
vt 0.865182 0.713314 0.000000
vt 0.835233 0.286690 0.000000
vt 0.865177 0.295423 0.000000
vt 0.865177 0.704577 0.000000
vt 0.835228 0.295426 0.000000
vt 0.281478 0.059927 0.000000
vt 0.311427 0.059911 0.000000
vt 0.311427 0.940089 0.000000
vt 0.913698 0.817726 0.000000
vt 0.911309 0.162616 0.000000
vt 0.911311 0.817726 0.000000
vt 0.918536 0.868812 0.000000
vt 0.918536 0.889066 0.000000
vt 0.916149 0.889066 0.000000
vt 0.916149 0.110934 0.000000
vt 0.916149 0.868812 0.000000
vt 0.900501 0.778905 0.000000
vt 0.900508 0.759532 0.000000
vt 0.902895 0.759532 0.000000
vt 0.902895 0.240468 0.000000
vt 0.902888 0.778905 0.000000
vt 0.905362 0.890347 0.000000
vt 0.905358 0.871267 0.000000
vt 0.907745 0.871267 0.000000
vt 0.907745 0.128733 0.000000
vt 0.907749 0.890347 0.000000
vt 0.835233 0.318039 0.000000
vt 0.865182 0.318035 0.000000
vt 0.865186 0.341606 0.000000
vt 0.865186 0.658394 0.000000
vt 0.835237 0.341610 0.000000
vt 0.161673 0.017378 0.000000
vt 0.191622 0.017387 0.000000
vt 0.191632 0.035096 0.000000
vt 0.191632 0.964904 0.000000
vt 0.161683 0.035087 0.000000
vt 0.191632 0.056540 0.000000
vt 0.191632 0.943460 0.000000
vt 0.161683 0.056531 0.000000
vt 0.341382 0.060682 0.000000
vt 0.371331 0.060682 0.000000
vt 0.371332 0.082762 0.000000
vt 0.371332 0.917238 0.000000
vt 0.341383 0.082762 0.000000
vt 0.371332 0.104941 0.000000
vt 0.371332 0.895059 0.000000
vt 0.341383 0.104941 0.000000
vt 0.341382 0.060656 0.000000
vt 0.341382 0.028152 0.000000
vt 0.352873 0.028167 0.000000
vt 0.352873 0.971833 0.000000
vt 0.352873 0.060672 0.000000
vt 0.368426 0.028177 0.000000
vt 0.368426 0.971823 0.000000
vt 0.368426 0.060682 0.000000
vt 0.907756 0.174104 0.000000
vt 0.905329 0.755905 0.000000
vt 0.902942 0.755906 0.000000
vt 0.902942 0.244094 0.000000
vt 0.900494 0.821410 0.000000
vt 0.902881 0.821410 0.000000
vt 0.902881 0.178591 0.000000
vt 0.900527 0.952070 0.000000
vt 0.900517 0.932184 0.000000
vt 0.902904 0.932183 0.000000
vt 0.902904 0.067817 0.000000
vt 0.902915 0.952069 0.000000
vt 0.281473 0.080942 0.000000
vt 0.251524 0.080945 0.000000
vt 0.251524 0.057633 0.000000
vt 0.251524 0.942367 0.000000
vt 0.281473 0.057630 0.000000
vt 0.865195 0.258788 0.000000
vt 0.895144 0.258788 0.000000
vt 0.895145 0.279405 0.000000
vt 0.895145 0.720595 0.000000
vt 0.865196 0.279405 0.000000
vt 0.895135 0.300004 0.000000
vt 0.895135 0.699997 0.000000
vt 0.865186 0.300004 0.000000
vt 0.281474 0.020589 0.000000
vt 0.311423 0.020584 0.000000
vt 0.311423 0.040744 0.000000
vt 0.311423 0.959256 0.000000
vt 0.281474 0.040750 0.000000
vt 0.311422 0.059906 0.000000
vt 0.311422 0.940094 0.000000
vt 0.281473 0.059911 0.000000
vt 0.341375 0.060569 0.000000
vt 0.311427 0.060571 0.000000
vt 0.311432 0.040816 0.000000
vt 0.311432 0.959184 0.000000
vt 0.341381 0.040813 0.000000
vt 0.311432 0.020277 0.000000
vt 0.311432 0.979723 0.000000
vt 0.341381 0.020274 0.000000
vt 0.281473 0.104938 0.000000
vt 0.251524 0.104941 0.000000
vt 0.251524 0.895059 0.000000
vt 0.911311 0.182274 0.000000
vt 0.918537 0.849128 0.000000
vt 0.916149 0.131188 0.000000
vt 0.916150 0.849128 0.000000
vt 0.783098 0.799606 0.000000
vt 0.785491 0.220536 0.000000
vt 0.785485 0.799606 0.000000
vt 0.913761 0.776468 0.000000
vt 0.916149 0.776468 0.000000
vt 0.916149 0.223532 0.000000
vt 0.049572 0.034336 0.000000
vt 0.079521 0.034327 0.000000
vt 0.079519 0.051134 0.000000
vt 0.079519 0.948866 0.000000
vt 0.049571 0.051143 0.000000
vt 0.903524 0.051967 0.000000
vt 0.903524 0.019462 0.000000
vt 0.920109 0.019477 0.000000
vt 0.920109 0.980523 0.000000
vt 0.920109 0.051982 0.000000
vt 0.341382 0.104933 0.000000
vt 0.311434 0.104941 0.000000
vt 0.311427 0.084428 0.000000
vt 0.311427 0.915572 0.000000
vt 0.341375 0.084421 0.000000
vt 0.311430 0.071590 0.000000
vt 0.311430 0.928410 0.000000
vt 0.341379 0.071582 0.000000
vt 0.311434 0.060579 0.000000
vt 0.311434 0.939421 0.000000
vt 0.341382 0.060571 0.000000
vt 0.865199 0.163136 0.000000
vt 0.835250 0.163149 0.000000
vt 0.835241 0.141403 0.000000
vt 0.835241 0.858597 0.000000
vt 0.865190 0.141390 0.000000
vt 0.835228 0.122709 0.000000
vt 0.835228 0.877291 0.000000
vt 0.865177 0.122696 0.000000
vt 0.049572 0.015387 0.000000
vt 0.079521 0.015378 0.000000
vt 0.079521 0.984622 0.000000
vt 0.913751 0.729438 0.000000
vt 0.913738 0.739275 0.000000
vt 0.911351 0.739275 0.000000
vt 0.911351 0.260725 0.000000
vt 0.911363 0.729439 0.000000
vt 0.780714 0.950124 0.000000
vt 0.780714 0.049876 0.000000
vt 0.811150 0.944416 0.000000
vt 0.902942 0.222321 0.000000
vt 0.900496 0.799649 0.000000
vt 0.902883 0.799649 0.000000
vt 0.902883 0.200351 0.000000
vt 0.905352 0.831022 0.000000
vt 0.907737 0.189455 0.000000
vt 0.907739 0.831022 0.000000
vt 0.865189 0.111039 0.000000
vt 0.835240 0.111051 0.000000
vt 0.835250 0.096714 0.000000
vt 0.835250 0.903286 0.000000
vt 0.865199 0.096702 0.000000
vt 0.831887 0.074308 0.000000
vt 0.801939 0.074308 0.000000
vt 0.801937 0.054007 0.000000
vt 0.801937 0.945993 0.000000
vt 0.831886 0.054007 0.000000
vt 0.801939 0.032516 0.000000
vt 0.801939 0.967484 0.000000
vt 0.831888 0.032516 0.000000
vt 0.131724 0.054392 0.000000
vt 0.161673 0.054382 0.000000
vt 0.161665 0.069968 0.000000
vt 0.161665 0.930032 0.000000
vt 0.131716 0.069978 0.000000
vt 0.161658 0.087021 0.000000
vt 0.161658 0.912979 0.000000
vt 0.131710 0.087031 0.000000
vt 0.161673 0.104931 0.000000
vt 0.161673 0.895069 0.000000
vt 0.131724 0.104941 0.000000
vt 0.817538 0.000011 0.000000
vt 0.817538 0.032516 0.000000
vt 0.801937 0.032512 0.000000
vt 0.801937 0.967488 0.000000
vt 0.801937 0.000008 0.000000
vt 0.913761 0.986755 0.000000
vt 0.913758 0.966917 0.000000
vt 0.916145 0.966917 0.000000
vt 0.916145 0.033083 0.000000
vt 0.916149 0.986755 0.000000
vt 0.916150 0.150872 0.000000
vt 0.783096 0.820060 0.000000
vt 0.785485 0.200394 0.000000
vt 0.785483 0.820060 0.000000
vt 0.900554 0.986755 0.000000
vt 0.900540 0.970365 0.000000
vt 0.902927 0.970364 0.000000
vt 0.902927 0.029636 0.000000
vt 0.902942 0.986755 0.000000
vt 0.771988 0.053554 0.000000
vt 0.742039 0.053567 0.000000
vt 0.742039 0.031357 0.000000
vt 0.742039 0.968643 0.000000
vt 0.771988 0.031345 0.000000
vt 0.835228 0.017318 0.000000
vt 0.865177 0.017314 0.000000
vt 0.865177 0.036698 0.000000
vt 0.865177 0.963303 0.000000
vt 0.835228 0.036702 0.000000
vt 0.865175 0.053408 0.000000
vt 0.865175 0.946592 0.000000
vt 0.835226 0.053412 0.000000
vt 0.883729 0.786981 0.000000
vt 0.853780 0.786985 0.000000
vt 0.853782 0.765598 0.000000
vt 0.853782 0.234402 0.000000
vt 0.883731 0.765593 0.000000
vt 0.853782 0.743740 0.000000
vt 0.853782 0.256260 0.000000
vt 0.883731 0.743735 0.000000
vt 0.401281 0.060935 0.000000
vt 0.371332 0.060935 0.000000
vt 0.371334 0.041139 0.000000
vt 0.371334 0.958861 0.000000
vt 0.401283 0.041138 0.000000
vt 0.371334 0.020592 0.000000
vt 0.371334 0.979408 0.000000
vt 0.401283 0.020591 0.000000
vt 0.771985 0.074296 0.000000
vt 0.742036 0.074308 0.000000
vt 0.742036 0.925692 0.000000
vt 0.910160 0.869431 0.000000
vt 0.907773 0.869431 0.000000
vt 0.907773 0.130569 0.000000
vt 0.161674 0.056540 0.000000
vt 0.191623 0.056542 0.000000
vt 0.191623 0.943458 0.000000
vt 0.913717 0.937456 0.000000
vt 0.913726 0.955420 0.000000
vt 0.911339 0.955421 0.000000
vt 0.911339 0.044579 0.000000
vt 0.911329 0.937456 0.000000
vt 0.840546 0.671585 0.000000
vt 0.840546 0.655740 0.000000
vt 0.848913 0.655731 0.000000
vt 0.848913 0.344269 0.000000
vt 0.848913 0.671576 0.000000
vt 0.862164 0.999999 0.000000
vt 0.853797 1.000000 0.000000
vt 0.853797 0.000000 0.000000
vt 0.878937 0.864678 0.000000
vt 0.887320 0.159199 0.000000
vt 0.887304 0.864678 0.000000
vt 0.870555 0.990698 0.000000
vt 0.878918 0.032862 0.000000
vt 0.878924 1.000000 0.000000
vt 0.853790 0.026689 0.000000
vt 0.862148 0.909897 0.000000
vt 0.853784 0.063449 0.000000
vt 0.853781 0.909898 0.000000
vt 0.878915 0.061764 0.000000
vt 0.853780 0.119605 0.000000
vt 0.870553 0.846511 0.000000
vt 0.878920 0.846511 0.000000
vt 0.878920 0.153489 0.000000
vt 0.870551 0.830354 0.000000
vt 0.878924 0.830359 0.000000
vt 0.878924 0.169641 0.000000
vt 0.853781 0.090102 0.000000
vt 0.878916 0.125682 0.000000
vt 0.862152 0.824922 0.000000
vt 0.853785 0.824923 0.000000
vt 0.853785 0.175077 0.000000
vt 0.862164 0.791567 0.000000
vt 0.853791 0.195202 0.000000
vt 0.853800 0.786985 0.000000
vt 0.845363 0.756509 0.000000
vt 0.845362 0.745327 0.000000
vt 0.853729 0.745322 0.000000
vt 0.853729 0.254678 0.000000
vt 0.853730 0.756504 0.000000
vt 0.845363 0.736226 0.000000
vt 0.853730 0.732860 0.000000
vt 0.853730 0.267140 0.000000
vt 0.853782 0.154000 0.000000
vt 0.895702 0.113335 0.000000
vt 0.887320 0.929815 0.000000
vt 0.895690 0.090685 0.000000
vt 0.895687 0.929810 0.000000
vt 0.845391 0.223271 0.000000
vt 0.887328 0.981342 0.000000
vt 0.895688 0.044119 0.000000
vt 0.895695 0.981337 0.000000
vt 0.887329 1.000000 0.000000
vt 0.895695 0.018663 0.000000
vt 0.895702 0.999994 0.000000
vt 0.845362 0.136406 0.000000
vt 0.895687 0.070190 0.000000
vt 0.845366 0.172515 0.000000
vt 0.401286 0.041892 0.000000
vt 0.401291 0.023549 0.000000
vt 0.409657 0.023554 0.000000
vt 0.409657 0.976446 0.000000
vt 0.409653 0.041896 0.000000
vt 0.409653 0.958104 0.000000
vt 0.853732 0.893545 0.000000
vt 0.845370 0.080008 0.000000
vt 0.845365 0.893546 0.000000
vt 0.845385 0.044656 0.000000
vt 0.845365 0.106454 0.000000
vt 0.401286 0.091287 0.000000
vt 0.409650 0.930471 0.000000
vt 0.409653 0.091292 0.000000
vt 0.401290 0.104936 0.000000
vt 0.409653 0.908708 0.000000
vt 0.409657 0.104941 0.000000
vt 0.862169 0.839654 0.000000
vt 0.862172 0.824887 0.000000
vt 0.870539 0.824887 0.000000
vt 0.870539 0.175113 0.000000
vt 0.870536 0.839653 0.000000
vt 0.853780 0.993701 0.000000
vt 0.845419 1.000000 0.000000
vt 0.845401 0.019947 0.000000
vt 0.870533 0.134209 0.000000
vt 0.900488 0.768314 0.000000
vt 0.892121 0.768314 0.000000
vt 0.892121 0.231686 0.000000
vt 0.900494 0.786985 0.000000
vt 0.892121 0.786984 0.000000
vt 0.892121 0.213016 0.000000
vt 0.870536 0.160347 0.000000
vt 0.892122 0.260255 0.000000
vt 0.862164 0.928828 0.000000
vt 0.870531 0.928827 0.000000
vt 0.870531 0.071173 0.000000
vt 0.870534 0.041482 0.000000
vt 0.911309 0.986755 0.000000
vt 0.902942 0.986755 0.000000
vt 0.902942 0.908301 0.000000
vt 0.902942 0.091699 0.000000
vt 0.911309 0.908292 0.000000
vt 0.903529 0.163147 0.000000
vt 0.903532 0.144825 0.000000
vt 0.911899 0.144827 0.000000
vt 0.911899 0.855173 0.000000
vt 0.911896 0.163149 0.000000
vt 0.911901 0.879815 0.000000
vt 0.870531 0.097809 0.000000
vt 0.892121 0.780838 0.000000
vt 0.883759 0.786985 0.000000
vt 0.883759 0.213015 0.000000
vt 0.892098 0.730687 0.000000
vt 0.883738 0.244351 0.000000
vt 0.883731 0.730685 0.000000
vt 0.887320 0.991947 0.000000
vt 0.887320 0.008053 0.000000
vt 0.878950 1.000000 0.000000
vt 0.892106 0.674550 0.000000
vt 0.883731 0.298816 0.000000
vt 0.883739 0.674547 0.000000
vt 0.892121 0.655981 0.000000
vt 0.883739 0.325453 0.000000
vt 0.883748 0.655980 0.000000
vt 0.887293 0.106530 0.000000
vt 0.883731 0.269315 0.000000
vt 0.887291 0.068809 0.000000
vt 0.887304 0.135322 0.000000
vt 0.815435 0.716459 0.000000
vt 0.815419 0.734354 0.000000
vt 0.800494 0.734354 0.000000
vt 0.800494 0.265646 0.000000
vt 0.800510 0.716459 0.000000
vt 0.830375 0.896228 0.000000
vt 0.830380 0.914911 0.000000
vt 0.815454 0.914912 0.000000
vt 0.815454 0.085088 0.000000
vt 0.815449 0.896230 0.000000
vt 0.830370 0.876364 0.000000
vt 0.815449 0.103770 0.000000
vt 0.815445 0.876366 0.000000
vt 0.830366 0.855658 0.000000
vt 0.815445 0.123634 0.000000
vt 0.815441 0.855660 0.000000
vt 0.830364 0.834465 0.000000
vt 0.815441 0.144340 0.000000
vt 0.815438 0.834466 0.000000
vt 0.830362 0.813146 0.000000
vt 0.815438 0.165534 0.000000
vt 0.815436 0.813148 0.000000
vt 0.830361 0.792067 0.000000
vt 0.815436 0.186852 0.000000
vt 0.815435 0.792069 0.000000
vt 0.830361 0.771589 0.000000
vt 0.815435 0.207931 0.000000
vt 0.815435 0.771590 0.000000
vt 0.830362 0.752061 0.000000
vt 0.815435 0.228410 0.000000
vt 0.815436 0.752062 0.000000
vt 0.830364 0.733818 0.000000
vt 0.815436 0.247938 0.000000
vt 0.815438 0.733819 0.000000
vt 0.830366 0.717172 0.000000
vt 0.815438 0.266181 0.000000
vt 0.815441 0.717174 0.000000
vt 0.830370 0.702408 0.000000
vt 0.815441 0.282826 0.000000
vt 0.815445 0.702410 0.000000
vt 0.830375 0.689778 0.000000
vt 0.815445 0.297590 0.000000
vt 0.815449 0.689780 0.000000
vt 0.830380 0.679500 0.000000
vt 0.815449 0.310220 0.000000
vt 0.815454 0.679501 0.000000
vt 0.830423 0.742348 0.000000
vt 0.830437 0.732108 0.000000
vt 0.845362 0.732106 0.000000
vt 0.845362 0.267894 0.000000
vt 0.845349 0.742346 0.000000
vt 0.830411 0.754943 0.000000
vt 0.845349 0.257654 0.000000
vt 0.845337 0.754940 0.000000
vt 0.830401 0.769675 0.000000
vt 0.845337 0.245060 0.000000
vt 0.845327 0.769673 0.000000
vt 0.830393 0.786293 0.000000
vt 0.845327 0.230327 0.000000
vt 0.845318 0.786291 0.000000
vt 0.830386 0.804514 0.000000
vt 0.845318 0.213709 0.000000
vt 0.845312 0.804511 0.000000
vt 0.830382 0.824024 0.000000
vt 0.845312 0.195489 0.000000
vt 0.845307 0.824022 0.000000
vt 0.830380 0.844490 0.000000
vt 0.845307 0.175978 0.000000
vt 0.845305 0.844488 0.000000
vt 0.830380 0.865562 0.000000
vt 0.845305 0.155512 0.000000
vt 0.845305 0.865560 0.000000
vt 0.830382 0.886880 0.000000
vt 0.845305 0.134440 0.000000
vt 0.845307 0.886878 0.000000
vt 0.830386 0.908079 0.000000
vt 0.845307 0.113122 0.000000
vt 0.845312 0.908077 0.000000
vt 0.830393 0.928795 0.000000
vt 0.845312 0.091923 0.000000
vt 0.845318 0.928793 0.000000
vt 0.830401 0.948675 0.000000
vt 0.845318 0.071207 0.000000
vt 0.845327 0.948673 0.000000
vt 0.830411 0.967378 0.000000
vt 0.845327 0.051327 0.000000
vt 0.845337 0.967376 0.000000
vt 0.830423 0.984585 0.000000
vt 0.845337 0.032624 0.000000
vt 0.845349 0.984582 0.000000
vt 0.830437 1.000000 0.000000
vt 0.845349 0.015418 0.000000
vt 0.845362 0.999998 0.000000
vt 0.785534 0.733811 0.000000
vt 0.785538 0.717133 0.000000
vt 0.800463 0.717133 0.000000
vt 0.800463 0.282867 0.000000
vt 0.800460 0.733811 0.000000
vt 0.785532 0.752080 0.000000
vt 0.800460 0.266189 0.000000
vt 0.800457 0.752080 0.000000
vt 0.785530 0.771629 0.000000
vt 0.800457 0.247920 0.000000
vt 0.800455 0.771628 0.000000
vt 0.785528 0.792121 0.000000
vt 0.800455 0.228372 0.000000
vt 0.800454 0.792121 0.000000
vt 0.785528 0.813208 0.000000
vt 0.800454 0.207879 0.000000
vt 0.800453 0.813208 0.000000
vt 0.785528 0.834528 0.000000
vt 0.800453 0.186792 0.000000
vt 0.800454 0.834527 0.000000
vt 0.785530 0.855716 0.000000
vt 0.800454 0.165473 0.000000
vt 0.800455 0.855715 0.000000
vt 0.785532 0.876409 0.000000
vt 0.800455 0.144285 0.000000
vt 0.800457 0.876409 0.000000
vt 0.785534 0.896255 0.000000
vt 0.800457 0.123591 0.000000
vt 0.800460 0.896254 0.000000
vt 0.785538 0.914912 0.000000
vt 0.800460 0.103746 0.000000
vt 0.800463 0.914912 0.000000
vt 0.815419 0.897352 0.000000
vt 0.815435 0.914912 0.000000
vt 0.800510 0.914912 0.000000
vt 0.800510 0.085088 0.000000
vt 0.800494 0.897352 0.000000
vt 0.815406 0.878363 0.000000
vt 0.800494 0.102648 0.000000
vt 0.800480 0.878362 0.000000
vt 0.815396 0.858270 0.000000
vt 0.800480 0.121638 0.000000
vt 0.800471 0.858270 0.000000
vt 0.815391 0.837418 0.000000
vt 0.800471 0.141730 0.000000
vt 0.800465 0.837417 0.000000
vt 0.815389 0.816162 0.000000
vt 0.800465 0.162583 0.000000
vt 0.800463 0.816162 0.000000
vt 0.815391 0.794867 0.000000
vt 0.800463 0.183838 0.000000
vt 0.800465 0.794866 0.000000
vt 0.815396 0.773896 0.000000
vt 0.800465 0.205134 0.000000
vt 0.800471 0.773896 0.000000
vt 0.815406 0.753610 0.000000
vt 0.800471 0.226104 0.000000
vt 0.800480 0.753610 0.000000
vt 0.800480 0.246390 0.000000
vt 0.823803 0.658850 0.000000
vt 0.815436 0.658328 0.000000
vt 0.815441 0.655077 0.000000
vt 0.815441 0.344923 0.000000
vt 0.823809 0.654749 0.000000
vt 0.913708 0.918361 0.000000
vt 0.911321 0.918361 0.000000
vt 0.911321 0.081639 0.000000
vt 0.905354 0.718360 0.000000
vt 0.905358 0.704179 0.000000
vt 0.907745 0.704178 0.000000
vt 0.907745 0.295822 0.000000
vt 0.907742 0.718359 0.000000
vt 0.905349 0.657992 0.000000
vt 0.902956 0.331079 0.000000
vt 0.902962 0.657992 0.000000
vt 0.910191 0.697288 0.000000
vt 0.907787 0.283685 0.000000
vt 0.907804 0.697288 0.000000
vt 0.913752 0.923814 0.000000
vt 0.913751 0.901286 0.000000
vt 0.916139 0.901286 0.000000
vt 0.916139 0.098714 0.000000
vt 0.916140 0.923814 0.000000
vt 0.902945 0.284254 0.000000
vt 0.911329 0.062544 0.000000
vt 0.905362 0.692048 0.000000
vt 0.907749 0.692047 0.000000
vt 0.907749 0.307953 0.000000
vt 0.916149 0.090456 0.000000
vt 0.905344 0.888428 0.000000
vt 0.905349 0.908291 0.000000
vt 0.902962 0.908292 0.000000
vt 0.902962 0.091708 0.000000
vt 0.902956 0.888428 0.000000
vt 0.913755 0.945817 0.000000
vt 0.916140 0.076186 0.000000
vt 0.916142 0.945817 0.000000
vt 0.783141 0.914912 0.000000
vt 0.783125 0.898045 0.000000
vt 0.785512 0.898045 0.000000
vt 0.785512 0.101955 0.000000
vt 0.785528 0.914912 0.000000
vt 0.907763 0.241642 0.000000
vt 0.905367 0.682175 0.000000
vt 0.907754 0.682174 0.000000
vt 0.907754 0.317826 0.000000
vt 0.783125 0.741483 0.000000
vt 0.785512 0.741483 0.000000
vt 0.785512 0.258517 0.000000
vt 0.900527 0.726199 0.000000
vt 0.900540 0.712808 0.000000
vt 0.902927 0.712808 0.000000
vt 0.902927 0.287192 0.000000
vt 0.902915 0.726198 0.000000
vt 0.911311 0.121899 0.000000
vt 0.916142 0.054183 0.000000
vt 0.900501 0.889020 0.000000
vt 0.902883 0.133520 0.000000
vt 0.902888 0.889020 0.000000
vt 0.783112 0.879806 0.000000
vt 0.785500 0.879806 0.000000
vt 0.785500 0.120194 0.000000
vt 0.913738 0.971948 0.000000
vt 0.911351 0.971948 0.000000
vt 0.911351 0.028052 0.000000
vt 0.916138 0.121382 0.000000
vt 0.783141 0.724294 0.000000
vt 0.785528 0.724294 0.000000
vt 0.785528 0.275706 0.000000
vt 0.900517 0.741863 0.000000
vt 0.902915 0.273802 0.000000
vt 0.902904 0.741863 0.000000
vt 0.905335 0.845292 0.000000
vt 0.905339 0.867308 0.000000
vt 0.902951 0.867308 0.000000
vt 0.902951 0.132692 0.000000
vt 0.902948 0.845292 0.000000
vt 0.907742 0.281641 0.000000
vt 0.900508 0.911047 0.000000
vt 0.902888 0.110980 0.000000
vt 0.902895 0.911046 0.000000
vt 0.785491 0.139494 0.000000
vt 0.913751 0.986755 0.000000
vt 0.911363 0.986755 0.000000
vt 0.911363 0.013245 0.000000
vt 0.913726 0.751372 0.000000
vt 0.911339 0.751372 0.000000
vt 0.911339 0.248628 0.000000
vt 0.905367 0.908292 0.000000
vt 0.907749 0.109653 0.000000
vt 0.907754 0.908292 0.000000
vt 0.902904 0.258137 0.000000
vt 0.905332 0.822758 0.000000
vt 0.902948 0.154708 0.000000
vt 0.902945 0.822758 0.000000
vt 0.910174 0.889621 0.000000
vt 0.910191 0.908292 0.000000
vt 0.907804 0.908292 0.000000
vt 0.907804 0.091708 0.000000
vt 0.907787 0.889621 0.000000
vt 0.902895 0.088954 0.000000
vt 0.900554 0.701920 0.000000
vt 0.902942 0.701919 0.000000
vt 0.902942 0.298081 0.000000
vt 0.918545 0.796784 0.000000
vt 0.916155 0.187196 0.000000
vt 0.916158 0.796784 0.000000
vt 0.913717 0.765522 0.000000
vt 0.911329 0.765523 0.000000
vt 0.911329 0.234477 0.000000
vt 0.905354 0.851379 0.000000
vt 0.907742 0.851379 0.000000
vt 0.907742 0.148621 0.000000
vt 0.918545 0.986755 0.000000
vt 0.916158 0.986755 0.000000
vt 0.916158 0.013245 0.000000
vt 0.902945 0.177242 0.000000
vt 0.907787 0.110379 0.000000
vt 0.902915 0.047931 0.000000
vt 0.785483 0.179940 0.000000
vt 0.902956 0.111572 0.000000
vt 0.911321 0.218515 0.000000
vt 0.907739 0.168978 0.000000
vt 0.902888 0.221095 0.000000
vt 0.895151 0.011307 0.000000
vt 0.903524 0.011297 0.000000
vt 0.903524 0.084506 0.000000
vt 0.903524 0.915494 0.000000
vt 0.895157 0.084485 0.000000
vt 0.895151 0.084506 0.000000
vt 0.903524 0.084508 0.000000
vt 0.903524 0.163130 0.000000
vt 0.903524 0.836870 0.000000
vt 0.895157 0.163149 0.000000
vt 0.763478 1.000000 0.000000
vt 0.763491 0.942236 0.000000
vt 0.771858 0.942137 0.000000
vt 0.771858 0.057863 0.000000
vt 0.771845 0.999999 0.000000
vt 0.748266 0.799667 0.000000
vt 0.748265 0.780916 0.000000
vt 0.780705 0.786519 0.000000
vt 0.780705 0.213481 0.000000
vt 0.780706 0.799663 0.000000
vt 0.763491 0.673000 0.000000
vt 0.763485 0.691353 0.000000
vt 0.731046 0.685648 0.000000
vt 0.731046 0.314352 0.000000
vt 0.731051 0.672999 0.000000
vt 0.911315 0.671284 0.000000
vt 0.919681 0.671206 0.000000
vt 0.919682 0.729438 0.000000
vt 0.919682 0.270562 0.000000
vt 0.911309 0.729438 0.000000
vt 0.748271 0.818215 0.000000
vt 0.780706 0.200337 0.000000
vt 0.780709 0.812696 0.000000
vt 0.819518 0.981815 0.000000
vt 0.819517 0.963270 0.000000
vt 0.830375 0.963269 0.000000
vt 0.830375 0.036731 0.000000
vt 0.830376 0.976294 0.000000
vt 0.741905 0.861788 0.000000
vt 0.741903 0.877403 0.000000
vt 0.731045 0.872329 0.000000
vt 0.731045 0.127671 0.000000
vt 0.731046 0.861789 0.000000
vt 0.741909 0.849737 0.000000
vt 0.731046 0.138211 0.000000
vt 0.731049 0.852991 0.000000
vt 0.895150 0.258788 0.000000
vt 0.903517 0.258847 0.000000
vt 0.903517 0.337465 0.000000
vt 0.903517 0.662535 0.000000
vt 0.895145 0.337469 0.000000
vt 0.819517 0.944504 0.000000
vt 0.830375 0.950123 0.000000
vt 0.830375 0.049877 0.000000
vt 0.911885 0.337469 0.000000
vt 0.903517 0.337430 0.000000
vt 0.903518 0.264559 0.000000
vt 0.903518 0.735441 0.000000
vt 0.911885 0.264554 0.000000
vt 0.763504 0.656748 0.000000
vt 0.731051 0.327001 0.000000
vt 0.731059 0.661303 0.000000
vt 0.903519 0.248028 0.000000
vt 0.895152 0.247936 0.000000
vt 0.895152 0.830462 0.000000
vt 0.903519 0.169538 0.000000
vt 0.049566 0.066275 0.000000
vt 0.049565 0.075624 0.000000
vt 0.000000 0.075629 0.000000
vt 0.000000 0.924371 0.000000
vt 0.000000 0.065164 0.000000
vt 0.049571 0.047892 0.000000
vt 0.049567 0.055119 0.000000
vt 0.000002 0.054297 0.000000
vt 0.000002 0.945703 0.000000
vt 0.000004 0.049133 0.000000
vt 0.072860 0.948855 0.000000
vt 0.049566 0.086558 0.000000
vt 0.000001 0.085338 0.000000
vt 0.000001 0.914662 0.000000
vt 0.000003 0.901613 0.000000
vt 0.830391 0.729420 0.000000
vt 0.830385 0.720959 0.000000
vt 0.879950 0.722019 0.000000
vt 0.879950 0.277981 0.000000
vt 0.879958 0.732106 0.000000
vt 0.830380 0.707902 0.000000
vt 0.879946 0.709121 0.000000
vt 0.879946 0.290879 0.000000
vt 0.122687 0.895061 0.000000
vt 0.830380 0.698193 0.000000
vt 0.879945 0.698188 0.000000
vt 0.879945 0.301812 0.000000
vt 0.830381 0.687735 0.000000
vt 0.879946 0.688844 0.000000
vt 0.879946 0.311156 0.000000
vt 0.092674 0.104938 0.000000
vt 0.082754 0.948855 0.000000
vt 0.090550 0.051143 0.000000
vt 0.000000 0.934836 0.000000
vt 0.879952 0.322295 0.000000
vt 0.895687 0.156049 0.000000
vt 0.900492 0.701343 0.000000
vt 0.892126 0.701919 0.000000
vt 0.892121 0.305291 0.000000
vt 0.890307 0.885154 0.000000
vt 0.823802 0.335460 0.000000
vt 0.873571 0.894811 0.000000
vt 0.122627 0.044924 0.000000
vt 0.130994 0.044918 0.000000
vt 0.130995 0.050610 0.000000
vt 0.130995 0.949390 0.000000
vt 0.122628 0.051139 0.000000
vt 0.036637 0.029327 0.000000
vt 0.045004 0.028476 0.000000
vt 0.045003 0.966756 0.000000
vt 0.862165 0.194778 0.000000
vt 0.870533 0.824442 0.000000
vt 0.862166 0.824887 0.000000
vt 0.862165 0.180508 0.000000
vt 0.832177 0.669350 0.000000
vt 0.823810 0.654749 0.000000
vt 0.832176 0.656394 0.000000
vt 0.832176 0.662026 0.000000
vt 0.832176 0.337974 0.000000
vt 0.823809 0.662694 0.000000
vt 0.130995 0.032351 0.000000
vt 0.130994 0.038852 0.000000
vt 0.122627 0.038234 0.000000
vt 0.122627 0.961766 0.000000
vt 0.122628 0.031585 0.000000
vt 0.122627 0.955076 0.000000
vt 0.865652 0.671044 0.000000
vt 0.857285 0.671585 0.000000
vt 0.857283 0.665514 0.000000
vt 0.857283 0.334486 0.000000
vt 0.865650 0.665058 0.000000
vt 0.857284 0.659235 0.000000
vt 0.857284 0.340765 0.000000
vt 0.865652 0.658625 0.000000
vt 0.079521 0.962799 0.000000
vt 0.832176 0.670938 0.000000
vt 0.832176 0.329062 0.000000
vt 0.823809 0.671585 0.000000
vt 0.780714 0.846266 0.000000
vt 0.780714 0.153734 0.000000
vt 0.750275 0.150131 0.000000
vt 0.731052 0.846271 0.000000
vt 0.741909 0.150263 0.000000
vt 0.731052 0.153729 0.000000
vt 0.830378 0.011304 0.000000
vt 0.819518 0.018185 0.000000
vt 0.811151 0.018349 0.000000
vt 0.367661 0.632289 0.000000
vt 0.356887 0.650716 0.000000
vt 0.353935 0.615858 0.000000
vt 0.353935 0.384142 0.000000
vt 0.341815 0.663267 0.000000
vt 0.356887 0.349285 0.000000
vt 0.338797 0.600961 0.000000
vt 0.341815 0.336733 0.000000
vt 0.412339 0.739211 0.000000
vt 0.394519 0.749322 0.000000
vt 0.408021 0.717533 0.000000
vt 0.408021 0.282467 0.000000
vt 0.401774 0.696417 0.000000
vt 0.394519 0.250678 0.000000
vt 0.381684 0.697330 0.000000
vt 0.375684 0.752013 0.000000
vt 0.364132 0.705221 0.000000
vt 0.375684 0.247987 0.000000
vt 0.375684 0.800457 0.000000
vt 0.365864 0.776235 0.000000
vt 0.375684 0.199543 0.000000
vt 0.364498 0.753612 0.000000
vt 0.365864 0.223765 0.000000
vt 0.360422 0.731376 0.000000
vt 0.364498 0.246388 0.000000
vt 0.354240 0.683450 0.000000
vt 0.360422 0.268624 0.000000
vt 0.353708 0.709907 0.000000
vt 0.353708 0.290093 0.000000
vt 0.344469 0.689573 0.000000
vt 0.332864 0.670722 0.000000
vt 0.344469 0.310427 0.000000
vt 0.332864 0.329278 0.000000
vt 0.321819 0.612655 0.000000
vt 0.319090 0.653677 0.000000
vt 0.310254 0.629013 0.000000
vt 0.319090 0.346323 0.000000
vt 0.303385 0.638728 0.000000
vt 0.291658 0.615527 0.000000
vt 0.303385 0.361272 0.000000
vt 0.286017 0.626133 0.000000
vt 0.271600 0.604791 0.000000
vt 0.286017 0.373867 0.000000
vt 0.267282 0.616105 0.000000
vt 0.412339 0.813260 0.000000
vt 0.408021 0.834937 0.000000
vt 0.394519 0.803148 0.000000
vt 0.394519 0.196852 0.000000
vt 0.401774 0.856053 0.000000
vt 0.408021 0.165063 0.000000
vt 0.381684 0.855140 0.000000
vt 0.401774 0.143947 0.000000
vt 0.381684 0.144860 0.000000
vt 0.364132 0.847250 0.000000
vt 0.364132 0.152750 0.000000
vt 0.364498 0.798858 0.000000
vt 0.360422 0.821095 0.000000
vt 0.354240 0.869020 0.000000
vt 0.353708 0.842563 0.000000
vt 0.354240 0.130980 0.000000
vt 0.341815 0.889203 0.000000
vt 0.344469 0.862897 0.000000
vt 0.341815 0.110797 0.000000
vt 0.332863 0.881748 0.000000
vt 0.338797 0.951509 0.000000
vt 0.321819 0.939815 0.000000
vt 0.338797 0.048491 0.000000
vt 0.319090 0.898793 0.000000
vt 0.321819 0.060185 0.000000
vt 0.310254 0.923457 0.000000
vt 0.303385 0.913742 0.000000
vt 0.310254 0.076543 0.000000
vt 0.291658 0.936943 0.000000
vt 0.286017 0.926338 0.000000
vt 0.291658 0.063057 0.000000
vt 0.271600 0.947679 0.000000
vt 0.267282 0.936365 0.000000
vt 0.271600 0.052321 0.000000
vt 0.279711 0.988533 0.000000
vt 0.260255 0.995314 0.000000
vt 0.278870 0.966728 0.000000
vt 0.278870 0.033272 0.000000
vt 0.260255 0.004686 0.000000
vt 0.247501 0.943653 0.000000
vt 0.240283 1.000000 0.000000
vt 0.227014 0.948076 0.000000
vt 0.240283 0.000000 0.000000
vt 0.230966 0.980660 0.000000
vt 0.228486 0.960217 0.000000
vt 0.230966 0.019341 0.000000
vt 0.206169 0.961805 0.000000
vt 0.228486 0.039783 0.000000
vt 0.206169 0.949558 0.000000
vt 0.206169 0.038195 0.000000
vt 0.185325 0.948076 0.000000
vt 0.183852 0.960217 0.000000
vt 0.164837 0.943653 0.000000
vt 0.183852 0.039783 0.000000
vt 0.181373 0.980660 0.000000
vt 0.172056 1.000000 0.000000
vt 0.181373 0.019341 0.000000
vt 0.152083 0.995314 0.000000
vt 0.172056 0.000000 0.000000
vt 0.145057 0.936365 0.000000
vt 0.152083 0.004686 0.000000
vt 0.132628 0.988533 0.000000
vt 0.140739 0.947679 0.000000
vt 0.132628 0.011467 0.000000
vt 0.133469 0.966728 0.000000
vt 0.367661 0.920182 0.000000
vt 0.353935 0.936612 0.000000
vt 0.356887 0.901755 0.000000
vt 0.356887 0.098245 0.000000
vt 0.353935 0.063388 0.000000
vt 0.377147 0.776235 0.000000
vt 0.279711 0.563937 0.000000
vt 0.278870 0.585742 0.000000
vt 0.260256 0.557156 0.000000
vt 0.260256 0.442844 0.000000
vt 0.278870 0.414258 0.000000
vt 0.271600 0.395209 0.000000
vt 0.247501 0.608817 0.000000
vt 0.267282 0.383895 0.000000
vt 0.240283 0.552470 0.000000
vt 0.247501 0.391183 0.000000
vt 0.227014 0.604394 0.000000
vt 0.230966 0.571811 0.000000
vt 0.227014 0.395606 0.000000
vt 0.228487 0.592253 0.000000
vt 0.206169 0.590665 0.000000
vt 0.206169 0.602912 0.000000
vt 0.183852 0.592253 0.000000
vt 0.206169 0.397088 0.000000
vt 0.185325 0.604394 0.000000
vt 0.164837 0.608818 0.000000
vt 0.185325 0.395606 0.000000
vt 0.181373 0.571811 0.000000
vt 0.164837 0.391182 0.000000
vt 0.172056 0.552470 0.000000
vt 0.152083 0.557156 0.000000
vt 0.145057 0.616105 0.000000
vt 0.132628 0.563937 0.000000
vt 0.145057 0.383895 0.000000
vt 0.140739 0.604791 0.000000
vt 0.133469 0.585742 0.000000
vt 0.140739 0.395209 0.000000
vt 0.073542 0.600961 0.000000
vt 0.070524 0.663267 0.000000
vt 0.058404 0.615858 0.000000
vt 0.058404 0.384142 0.000000
vt 0.055452 0.650715 0.000000
vt 0.070524 0.336733 0.000000
vt 0.044678 0.632288 0.000000
vt 0.055452 0.349285 0.000000
vt 0.126322 0.626133 0.000000
vt 0.120681 0.615527 0.000000
vt 0.126322 0.373867 0.000000
vt 0.108954 0.638728 0.000000
vt 0.102085 0.629013 0.000000
vt 0.108954 0.361272 0.000000
vt 0.093248 0.653677 0.000000
vt 0.090520 0.612655 0.000000
vt 0.093248 0.346323 0.000000
vt 0.079475 0.670722 0.000000
vt 0.079475 0.329278 0.000000
vt 0.067870 0.689573 0.000000
vt 0.058099 0.683450 0.000000
vt 0.067870 0.310427 0.000000
vt 0.058631 0.709907 0.000000
vt 0.051917 0.731376 0.000000
vt 0.058631 0.290093 0.000000
vt 0.048207 0.705221 0.000000
vt 0.051917 0.268624 0.000000
vt 0.073542 0.153432 0.000000
vt 0.090520 0.165125 0.000000
vt 0.058403 0.168328 0.000000
vt 0.058403 0.831672 0.000000
vt 0.102085 0.181483 0.000000
vt 0.090520 0.834875 0.000000
vt 0.044678 0.184759 0.000000
vt 0.102085 0.818517 0.000000
vt 0.206169 0.143136 0.000000
vt 0.228486 0.144723 0.000000
vt 0.206169 0.184373 0.000000
vt 0.206169 0.815627 0.000000
vt 0.271600 0.157261 0.000000
vt 0.228486 0.855277 0.000000
vt 0.291658 0.167997 0.000000
vt 0.271600 0.842739 0.000000
vt 0.310254 0.181483 0.000000
vt 0.291658 0.832003 0.000000
vt 0.338797 0.153432 0.000000
vt 0.353935 0.168328 0.000000
vt 0.321819 0.165125 0.000000
vt 0.321819 0.834875 0.000000
vt 0.353935 0.831672 0.000000
vt 0.367661 0.184759 0.000000
vt 0.367661 0.815241 0.000000
vt 0.233679 0.187209 0.000000
vt 0.356887 0.203186 0.000000
vt 0.266484 0.199758 0.000000
vt 0.356887 0.796814 0.000000
vt 0.295178 0.221095 0.000000
vt 0.341815 0.215738 0.000000
vt 0.354240 0.235921 0.000000
vt 0.341815 0.784262 0.000000
vt 0.311671 0.240842 0.000000
vt 0.354240 0.764079 0.000000
vt 0.364132 0.257691 0.000000
vt 0.326346 0.266255 0.000000
vt 0.364132 0.742309 0.000000
vt 0.140739 0.157261 0.000000
vt 0.148630 0.198273 0.000000
vt 0.120681 0.167997 0.000000
vt 0.120681 0.832003 0.000000
vt 0.148630 0.801727 0.000000
vt 0.055452 0.203186 0.000000
vt 0.125215 0.214199 0.000000
vt 0.070524 0.215738 0.000000
vt 0.125215 0.785801 0.000000
vt 0.107021 0.232100 0.000000
vt 0.058098 0.235921 0.000000
vt 0.107021 0.767900 0.000000
vt 0.087362 0.263243 0.000000
vt 0.048207 0.257691 0.000000
vt 0.087362 0.736757 0.000000
vt 0.240282 0.104941 0.000000
vt 0.260255 0.109626 0.000000
vt 0.230966 0.124281 0.000000
vt 0.230966 0.875719 0.000000
vt 0.279711 0.116407 0.000000
vt 0.260255 0.890374 0.000000
vt 0.278870 0.138212 0.000000
vt 0.279711 0.883593 0.000000
vt 0.278870 0.861788 0.000000
vt 0.268038 0.328705 0.000000
vt 0.290428 0.330390 0.000000
vt 0.265657 0.347394 0.000000
vt 0.265657 0.652606 0.000000
vt 0.294247 0.338285 0.000000
vt 0.290428 0.669610 0.000000
vt 0.299339 0.341326 0.000000
vt 0.294247 0.661715 0.000000
vt 0.305015 0.341639 0.000000
vt 0.299339 0.658674 0.000000
vt 0.010565 0.248887 0.000000
vt 0.030655 0.249800 0.000000
vt 0.004317 0.270003 0.000000
vt 0.004317 0.729997 0.000000
vt 0.030655 0.750200 0.000000
vt 0.048207 0.742309 0.000000
vt 0.077718 0.291350 0.000000
vt 0.000000 0.291681 0.000000
vt 0.077718 0.708650 0.000000
vt 0.074325 0.309866 0.000000
vt 0.036655 0.304484 0.000000
vt 0.074325 0.690134 0.000000
vt 0.017820 0.301792 0.000000
vt 0.036655 0.695516 0.000000
vt 0.035192 0.328705 0.000000
vt 0.106787 0.315771 0.000000
vt 0.146651 0.310160 0.000000
vt 0.101475 0.318544 0.000000
vt 0.106787 0.684229 0.000000
vt 0.097276 0.325187 0.000000
vt 0.101475 0.681456 0.000000
vt 0.074325 0.347544 0.000000
vt 0.097276 0.674813 0.000000
vt 0.036655 0.352927 0.000000
vt 0.074325 0.652456 0.000000
vt 0.077718 0.366061 0.000000
vt 0.017820 0.355618 0.000000
vt 0.077718 0.633939 0.000000
vt 0.000000 0.365730 0.000000
vt 0.004317 0.387407 0.000000
vt 0.085993 0.391155 0.000000
vt 0.048207 0.399720 0.000000
vt 0.085993 0.608845 0.000000
vt 0.010565 0.408524 0.000000
vt 0.048207 0.600280 0.000000
vt 0.030655 0.407610 0.000000
vt 0.100667 0.416569 0.000000
vt 0.058098 0.421490 0.000000
vt 0.100667 0.583431 0.000000
vt 0.117160 0.436316 0.000000
vt 0.070524 0.441673 0.000000
vt 0.117160 0.563684 0.000000
vt 0.145855 0.457652 0.000000
vt 0.055452 0.454225 0.000000
vt 0.145855 0.542348 0.000000
vt 0.044678 0.472652 0.000000
vt 0.178660 0.470202 0.000000
vt 0.206169 0.473037 0.000000
vt 0.178660 0.529798 0.000000
vt 0.102085 0.475928 0.000000
vt 0.206169 0.526963 0.000000
vt 0.058403 0.489082 0.000000
vt 0.102085 0.524072 0.000000
vt 0.090520 0.492286 0.000000
vt 0.073542 0.503979 0.000000
vt 0.090520 0.507714 0.000000
vt 0.310254 0.475928 0.000000
vt 0.120681 0.489413 0.000000
vt 0.120681 0.510587 0.000000
vt 0.291658 0.489413 0.000000
vt 0.310254 0.524072 0.000000
vt 0.140739 0.500149 0.000000
vt 0.291658 0.510587 0.000000
vt 0.271600 0.500149 0.000000
vt 0.133469 0.519199 0.000000
vt 0.271600 0.499851 0.000000
vt 0.183852 0.512687 0.000000
vt 0.181373 0.533130 0.000000
vt 0.183852 0.487313 0.000000
vt 0.132627 0.541004 0.000000
vt 0.181373 0.466870 0.000000
vt 0.172056 0.552470 0.000000
vt 0.152083 0.547784 0.000000
vt 0.172056 0.447530 0.000000
vt 0.228486 0.512687 0.000000
vt 0.206169 0.514275 0.000000
vt 0.206169 0.485725 0.000000
vt 0.278870 0.519199 0.000000
vt 0.228486 0.487313 0.000000
vt 0.230966 0.533130 0.000000
vt 0.278870 0.480801 0.000000
vt 0.279711 0.541004 0.000000
vt 0.240282 0.552470 0.000000
vt 0.279711 0.458996 0.000000
vt 0.260255 0.547784 0.000000
vt 0.324977 0.394168 0.000000
vt 0.364132 0.399720 0.000000
vt 0.311671 0.416569 0.000000
vt 0.311671 0.583431 0.000000
vt 0.354240 0.421490 0.000000
vt 0.364132 0.600280 0.000000
vt 0.300202 0.430763 0.000000
vt 0.354240 0.578510 0.000000
vt 0.341815 0.441673 0.000000
vt 0.287124 0.443212 0.000000
vt 0.341815 0.558327 0.000000
vt 0.356887 0.454225 0.000000
vt 0.263709 0.459138 0.000000
vt 0.356887 0.545775 0.000000
vt 0.367661 0.472652 0.000000
vt 0.230644 0.470857 0.000000
vt 0.367661 0.527348 0.000000
vt 0.353935 0.489082 0.000000
vt 0.321819 0.492286 0.000000
vt 0.353935 0.510918 0.000000
vt 0.338797 0.503979 0.000000
vt 0.401774 0.248887 0.000000
vt 0.408021 0.270003 0.000000
vt 0.381683 0.249800 0.000000
vt 0.381683 0.750200 0.000000
vt 0.408021 0.729997 0.000000
vt 0.334621 0.291350 0.000000
vt 0.412339 0.291681 0.000000
vt 0.338014 0.309866 0.000000
vt 0.412339 0.708319 0.000000
vt 0.375684 0.304484 0.000000
vt 0.394519 0.301792 0.000000
vt 0.377147 0.328705 0.000000
vt 0.375684 0.695516 0.000000
vt 0.314650 0.330961 0.000000
vt 0.377147 0.671295 0.000000
vt 0.375684 0.352927 0.000000
vt 0.311286 0.338084 0.000000
vt 0.375684 0.647073 0.000000
vt 0.338014 0.347544 0.000000
vt 0.338014 0.652456 0.000000
vt 0.334621 0.366061 0.000000
vt 0.394519 0.355618 0.000000
vt 0.412339 0.365730 0.000000
vt 0.394519 0.644382 0.000000
vt 0.408021 0.387407 0.000000
vt 0.412339 0.634270 0.000000
vt 0.408021 0.612593 0.000000
vt 0.401774 0.408524 0.000000
vt 0.381683 0.407610 0.000000
vt 0.401774 0.591476 0.000000
vt 0.144301 0.328705 0.000000
vt 0.112463 0.316085 0.000000
vt 0.146651 0.689840 0.000000
vt 0.112463 0.683915 0.000000
vt 0.117555 0.319126 0.000000
vt 0.144301 0.671295 0.000000
vt 0.121465 0.327390 0.000000
vt 0.047841 0.753612 0.000000
vt 0.048207 0.294779 0.000000
vt 0.030655 0.697330 0.000000
vt 0.047841 0.246388 0.000000
vt 0.046475 0.776235 0.000000
vt 0.036655 0.752013 0.000000
vt 0.046475 0.223765 0.000000
vt 0.017820 0.749322 0.000000
vt 0.036655 0.247987 0.000000
vt 0.010565 0.696417 0.000000
vt 0.017820 0.250678 0.000000
vt 0.000000 0.739211 0.000000
vt 0.004317 0.717533 0.000000
vt 0.000000 0.260789 0.000000
vt 0.036655 0.800457 0.000000
vt 0.035192 0.776235 0.000000
vt 0.035192 0.223765 0.000000
vt 0.126322 0.926338 0.000000
vt 0.126322 0.073662 0.000000
vt 0.120681 0.936943 0.000000
vt 0.140739 0.052321 0.000000
vt 0.108954 0.913742 0.000000
vt 0.120681 0.063057 0.000000
vt 0.102085 0.923457 0.000000
vt 0.093248 0.898793 0.000000
vt 0.102085 0.076543 0.000000
vt 0.090520 0.939815 0.000000
vt 0.079475 0.881748 0.000000
vt 0.090520 0.060185 0.000000
vt 0.073542 0.951509 0.000000
vt 0.070524 0.889203 0.000000
vt 0.073542 0.048491 0.000000
vt 0.067870 0.862897 0.000000
vt 0.070524 0.110797 0.000000
vt 0.058099 0.869020 0.000000
vt 0.058631 0.842563 0.000000
vt 0.058099 0.130980 0.000000
vt 0.051917 0.821095 0.000000
vt 0.048207 0.847250 0.000000
vt 0.047841 0.798858 0.000000
vt 0.048207 0.152750 0.000000
vt 0.030655 0.855140 0.000000
vt 0.030655 0.144860 0.000000
vt 0.036655 0.199543 0.000000
vt 0.017820 0.803148 0.000000
vt 0.010565 0.856053 0.000000
vt 0.000000 0.813260 0.000000
vt 0.010565 0.143947 0.000000
vt 0.004317 0.834937 0.000000
vt 0.058403 0.936612 0.000000
vt 0.055452 0.901755 0.000000
vt 0.058403 0.063388 0.000000
vt 0.044678 0.920182 0.000000
vt 0.800975 0.255717 0.000000
vt 0.794173 0.247652 0.000000
vt 0.821482 0.232185 0.000000
vt 0.821482 0.767815 0.000000
vt 0.786068 0.242265 0.000000
vt 0.794173 0.752348 0.000000
vt 0.755697 0.210527 0.000000
vt 0.786068 0.757735 0.000000
vt 0.767593 0.207959 0.000000
vt 0.755697 0.789473 0.000000
vt 0.779721 0.207959 0.000000
vt 0.767593 0.792041 0.000000
vt 0.812906 0.222878 0.000000
vt 0.779721 0.792041 0.000000
vt 0.791617 0.210527 0.000000
vt 0.802822 0.215564 0.000000
vt 0.791617 0.789473 0.000000
vt 0.767880 0.240095 0.000000
vt 0.776827 0.239854 0.000000
vt 0.776827 0.760146 0.000000
vt 0.830376 0.062640 0.000000
vt 0.819517 0.055496 0.000000
vt 0.811150 0.055584 0.000000
vt 0.780714 0.062639 0.000000
vt 0.739904 0.181912 0.000000
vt 0.748271 0.181785 0.000000
vt 0.739898 0.219179 0.000000
vt 0.731045 0.226222 0.000000
vt 0.780706 0.226229 0.000000
vt 0.731044 0.115795 0.000000
vt 0.741903 0.122597 0.000000
vt 0.780714 0.946861 0.000000
vt 0.731052 0.946866 0.000000
vt 0.763491 0.057764 0.000000
vt 0.771852 0.308562 0.000000
vt 0.780705 0.301234 0.000000
vt 0.731044 0.301235 0.000000
vt 0.755697 0.205391 0.000000
vt 0.766763 0.175582 0.000000
vt 0.766763 0.824418 0.000000
vt 0.791617 0.205391 0.000000
vt 0.802822 0.200353 0.000000
vt 0.812906 0.193040 0.000000
vt 0.776827 0.176064 0.000000
vt 0.785558 0.173933 0.000000
vt 0.776827 0.823936 0.000000
vt 0.821482 0.183732 0.000000
vt 0.785558 0.826067 0.000000
vt 0.796217 0.166493 0.000000
vt 0.828220 0.172787 0.000000
vt 0.796217 0.833507 0.000000
vt 0.803442 0.155193 0.000000
vt 0.832862 0.160626 0.000000
vt 0.803442 0.844807 0.000000
vt 0.805841 0.144574 0.000000
vt 0.835228 0.147715 0.000000
vt 0.805841 0.855426 0.000000
vt 0.805619 0.134863 0.000000
vt 0.802178 0.124587 0.000000
vt 0.805619 0.865137 0.000000
vt 0.835228 0.134552 0.000000
vt 0.802178 0.875413 0.000000
vt 0.797023 0.116648 0.000000
vt 0.788902 0.110178 0.000000
vt 0.797023 0.883352 0.000000
vt 0.744492 0.081913 0.000000
vt 0.788902 0.889822 0.000000
vt 0.755697 0.076876 0.000000
vt 0.744492 0.918087 0.000000
vt 0.832862 0.121641 0.000000
vt 0.755697 0.923124 0.000000
vt 0.767593 0.074308 0.000000
vt 0.828220 0.109480 0.000000
vt 0.767593 0.925692 0.000000
vt 0.779721 0.074308 0.000000
vt 0.821482 0.098535 0.000000
vt 0.779721 0.925692 0.000000
vt 0.791616 0.076876 0.000000
vt 0.812906 0.089227 0.000000
vt 0.791616 0.923124 0.000000
vt 0.802822 0.081913 0.000000
vt 0.756089 0.111484 0.000000
vt 0.767880 0.106444 0.000000
vt 0.767880 0.893556 0.000000
vt 0.779984 0.106612 0.000000
vt 0.744492 0.334004 0.000000
vt 0.734408 0.326691 0.000000
vt 0.755697 0.339042 0.000000
vt 0.755697 0.660958 0.000000
vt 0.767593 0.341610 0.000000
vt 0.734408 0.673309 0.000000
vt 0.725832 0.317383 0.000000
vt 0.779721 0.341610 0.000000
vt 0.725832 0.682617 0.000000
vt 0.719094 0.306438 0.000000
vt 0.791616 0.339042 0.000000
vt 0.719094 0.693562 0.000000
vt 0.714452 0.294276 0.000000
vt 0.802822 0.334004 0.000000
vt 0.714452 0.705724 0.000000
vt 0.712086 0.281366 0.000000
vt 0.760703 0.307111 0.000000
vt 0.712086 0.718634 0.000000
vt 0.812906 0.326691 0.000000
vt 0.760703 0.692889 0.000000
vt 0.773087 0.310030 0.000000
vt 0.783045 0.308372 0.000000
vt 0.773087 0.689970 0.000000
vt 0.821482 0.317383 0.000000
vt 0.783045 0.691628 0.000000
vt 0.791225 0.304434 0.000000
vt 0.798656 0.297051 0.000000
vt 0.791225 0.695566 0.000000
vt 0.828220 0.306438 0.000000
vt 0.798656 0.702949 0.000000
vt 0.803442 0.288844 0.000000
vt 0.832862 0.294276 0.000000
vt 0.803442 0.711157 0.000000
vt 0.806132 0.275402 0.000000
vt 0.835228 0.281366 0.000000
vt 0.806132 0.724598 0.000000
vt 0.804604 0.264595 0.000000
vt 0.804604 0.735405 0.000000
vt 0.835228 0.268203 0.000000
vt 0.800975 0.744283 0.000000
vt 0.832862 0.255292 0.000000
vt 0.828220 0.243130 0.000000
vt 0.712086 0.268203 0.000000
vt 0.750291 0.299270 0.000000
vt 0.750291 0.700730 0.000000
vt 0.745136 0.291330 0.000000
vt 0.712086 0.731798 0.000000
vt 0.741695 0.281054 0.000000
vt 0.714452 0.255292 0.000000
vt 0.741473 0.271344 0.000000
vt 0.714452 0.744708 0.000000
vt 0.743872 0.260725 0.000000
vt 0.719094 0.243131 0.000000
vt 0.751097 0.249424 0.000000
vt 0.719094 0.756869 0.000000
vt 0.725832 0.232185 0.000000
vt 0.758412 0.243829 0.000000
vt 0.725832 0.767815 0.000000
vt 0.734408 0.222878 0.000000
vt 0.734408 0.777122 0.000000
vt 0.744492 0.215564 0.000000
vt 0.744492 0.784436 0.000000
vt 0.827898 0.344283 0.000000
vt 0.864741 0.353830 0.000000
vt 0.809671 0.349584 0.000000
vt 0.809671 0.650416 0.000000
vt 0.847346 0.353830 0.000000
vt 0.864741 0.646170 0.000000
vt 0.823055 0.357743 0.000000
vt 0.847346 0.646170 0.000000
vt 0.792236 0.357422 0.000000
vt 0.823055 0.642257 0.000000
vt 0.797227 0.368405 0.000000
vt 0.775894 0.367663 0.000000
vt 0.797227 0.631595 0.000000
vt 0.774986 0.383201 0.000000
vt 0.760922 0.380131 0.000000
vt 0.774986 0.616799 0.000000
vt 0.747579 0.394613 0.000000
vt 0.751285 0.408492 0.000000
vt 0.736091 0.410862 0.000000
vt 0.751285 0.591508 0.000000
vt 0.733545 0.440964 0.000000
vt 0.726655 0.428600 0.000000
vt 0.733545 0.559036 0.000000
vt 0.719434 0.447522 0.000000
vt 0.725616 0.469695 0.000000
vt 0.714549 0.467306 0.000000
vt 0.725616 0.530305 0.000000
vt 0.712086 0.487612 0.000000
vt 0.722811 0.496173 0.000000
vt 0.712086 0.508093 0.000000
vt 0.722811 0.503827 0.000000
vt 0.726951 0.533656 0.000000
vt 0.714549 0.528399 0.000000
vt 0.726951 0.466344 0.000000
vt 0.719434 0.548183 0.000000
vt 0.736775 0.561689 0.000000
vt 0.726655 0.567105 0.000000
vt 0.736775 0.438311 0.000000
vt 0.750407 0.585828 0.000000
vt 0.736091 0.584843 0.000000
vt 0.750407 0.414172 0.000000
vt 0.773709 0.611551 0.000000
vt 0.747578 0.601092 0.000000
vt 0.773709 0.388449 0.000000
vt 0.760922 0.615574 0.000000
vt 0.797226 0.627300 0.000000
vt 0.775893 0.628042 0.000000
vt 0.797226 0.372700 0.000000
vt 0.813297 0.634525 0.000000
vt 0.843973 0.563711 0.000000
vt 0.827950 0.593927 0.000000
vt 0.827605 0.557390 0.000000
vt 0.827605 0.442610 0.000000
vt 0.827950 0.406073 0.000000
vt 0.833722 0.589888 0.000000
vt 0.843973 0.436289 0.000000
vt 0.839585 0.589406 0.000000
vt 0.825381 0.601087 0.000000
vt 0.826740 0.609006 0.000000
vt 0.825381 0.398913 0.000000
vt 0.832993 0.614640 0.000000
vt 0.826740 0.390994 0.000000
vt 0.827898 0.651422 0.000000
vt 0.832993 0.385360 0.000000
vt 0.827898 0.348578 0.000000
vt 0.792236 0.638283 0.000000
vt 0.809670 0.646121 0.000000
vt 0.884188 0.344283 0.000000
vt 0.877048 0.381555 0.000000
vt 0.865479 0.341610 0.000000
vt 0.865479 0.658390 0.000000
vt 0.877048 0.618445 0.000000
vt 0.846608 0.341610 0.000000
vt 0.871258 0.382097 0.000000
vt 0.866143 0.385470 0.000000
vt 0.871258 0.617903 0.000000
vt 0.863341 0.390996 0.000000
vt 0.866143 0.614530 0.000000
vt 0.850761 0.430882 0.000000
vt 0.863341 0.609004 0.000000
vt 0.863228 0.398450 0.000000
vt 0.867951 0.405393 0.000000
vt 0.863228 0.601550 0.000000
vt 0.873782 0.407666 0.000000
vt 0.867951 0.594607 0.000000
vt 0.868113 0.431994 0.000000
vt 0.873782 0.592334 0.000000
vt 0.172056 0.104941 0.000000
vt 0.181373 0.124281 0.000000
vt 0.152083 0.109626 0.000000
vt 0.152083 0.890374 0.000000
vt 0.132627 0.116407 0.000000
vt 0.181373 0.875719 0.000000
vt 0.133469 0.138212 0.000000
vt 0.183852 0.144723 0.000000
vt 0.183852 0.855277 0.000000
vt 0.181695 0.186554 0.000000
vt 0.181695 0.813446 0.000000
vt 0.712086 0.480769 0.000000
vt 0.712086 0.502092 0.000000
vt 0.709522 0.459628 0.000000
vt 0.709522 0.540372 0.000000
vt 0.704437 0.439032 0.000000
vt 0.712086 0.497908 0.000000
vt 0.709522 0.523233 0.000000
vt 0.696919 0.419332 0.000000
vt 0.709522 0.476767 0.000000
vt 0.704437 0.543830 0.000000
vt 0.687095 0.400865 0.000000
vt 0.704437 0.456170 0.000000
vt 0.694910 0.481991 0.000000
vt 0.692640 0.463273 0.000000
vt 0.694910 0.518009 0.000000
vt 0.688138 0.445037 0.000000
vt 0.692640 0.536727 0.000000
vt 0.675135 0.383948 0.000000
vt 0.688138 0.554963 0.000000
vt 0.681481 0.427594 0.000000
vt 0.672784 0.411244 0.000000
vt 0.681481 0.572406 0.000000
vt 0.661243 0.368870 0.000000
vt 0.672784 0.588756 0.000000
vt 0.662194 0.396266 0.000000
vt 0.645657 0.355890 0.000000
vt 0.662194 0.603734 0.000000
vt 0.649894 0.382916 0.000000
vt 0.636094 0.371423 0.000000
vt 0.649894 0.617084 0.000000
vt 0.628642 0.345228 0.000000
vt 0.636094 0.628577 0.000000
vt 0.621029 0.361983 0.000000
vt 0.610491 0.337068 0.000000
vt 0.621029 0.638017 0.000000
vt 0.604958 0.354758 0.000000
vt 0.591514 0.331549 0.000000
vt 0.604958 0.645242 0.000000
vt 0.588156 0.349872 0.000000
vt 0.572036 0.328766 0.000000
vt 0.588156 0.650128 0.000000
vt 0.570909 0.347405 0.000000
vt 0.583272 0.554583 0.000000
vt 0.579957 0.591437 0.000000
vt 0.566259 0.558436 0.000000
vt 0.566259 0.441564 0.000000
vt 0.573621 0.584367 0.000000
vt 0.579957 0.408563 0.000000
vt 0.565698 0.583643 0.000000
vt 0.573621 0.415633 0.000000
vt 0.696919 0.563530 0.000000
vt 0.694910 0.500870 0.000000
vt 0.696919 0.436470 0.000000
vt 0.692640 0.519588 0.000000
vt 0.687095 0.581996 0.000000
vt 0.688138 0.537825 0.000000
vt 0.687095 0.418004 0.000000
vt 0.681481 0.555267 0.000000
vt 0.675135 0.598913 0.000000
vt 0.672784 0.571617 0.000000
vt 0.675135 0.401087 0.000000
vt 0.661243 0.613991 0.000000
vt 0.662194 0.586595 0.000000
vt 0.661243 0.386009 0.000000
vt 0.649894 0.599945 0.000000
vt 0.645657 0.626972 0.000000
vt 0.636094 0.611438 0.000000
vt 0.645657 0.373028 0.000000
vt 0.628642 0.637633 0.000000
vt 0.621029 0.620878 0.000000
vt 0.628642 0.362367 0.000000
vt 0.610491 0.645793 0.000000
vt 0.604958 0.628103 0.000000
vt 0.610491 0.354207 0.000000
vt 0.591514 0.651312 0.000000
vt 0.588156 0.632989 0.000000
vt 0.591514 0.348688 0.000000
vt 0.572036 0.654095 0.000000
vt 0.580352 0.599481 0.000000
vt 0.572036 0.345905 0.000000
vt 0.580352 0.400519 0.000000
vt 0.576945 0.606215 0.000000
vt 0.569656 0.609665 0.000000
vt 0.553516 0.635456 0.000000
vt 0.552389 0.654095 0.000000
vt 0.495783 0.312304 0.000000
vt 0.503392 0.295552 0.000000
vt 0.513934 0.320464 0.000000
vt 0.513934 0.679536 0.000000
vt 0.532911 0.325983 0.000000
vt 0.503392 0.704448 0.000000
vt 0.552389 0.328766 0.000000
vt 0.519467 0.302774 0.000000
vt 0.572036 0.328766 0.000000
vt 0.519467 0.697226 0.000000
vt 0.536269 0.307660 0.000000
vt 0.553515 0.310124 0.000000
vt 0.536269 0.692340 0.000000
vt 0.591514 0.325983 0.000000
vt 0.553515 0.689876 0.000000
vt 0.570910 0.310124 0.000000
vt 0.610491 0.320464 0.000000
vt 0.570910 0.689876 0.000000
vt 0.588156 0.307660 0.000000
vt 0.613167 0.299616 0.000000
vt 0.588156 0.692340 0.000000
vt 0.628642 0.312304 0.000000
vt 0.613167 0.700384 0.000000
vt 0.645657 0.301642 0.000000
vt 0.636094 0.286109 0.000000
vt 0.661243 0.288662 0.000000
vt 0.636094 0.713891 0.000000
vt 0.649894 0.274616 0.000000
vt 0.675135 0.273584 0.000000
vt 0.649894 0.725384 0.000000
vt 0.662194 0.261266 0.000000
vt 0.687095 0.256667 0.000000
vt 0.662194 0.738734 0.000000
vt 0.672783 0.246288 0.000000
vt 0.681481 0.229938 0.000000
vt 0.672783 0.753712 0.000000
vt 0.696919 0.238201 0.000000
vt 0.681481 0.770062 0.000000
vt 0.688138 0.212495 0.000000
vt 0.704437 0.218500 0.000000
vt 0.688138 0.787505 0.000000
vt 0.692640 0.194259 0.000000
vt 0.709522 0.197904 0.000000
vt 0.692640 0.805741 0.000000
vt 0.694910 0.175541 0.000000
vt 0.712086 0.176763 0.000000
vt 0.694910 0.824459 0.000000
vt 0.694910 0.156662 0.000000
vt 0.712086 0.155440 0.000000
vt 0.694910 0.843338 0.000000
vt 0.692640 0.137944 0.000000
vt 0.709522 0.134299 0.000000
vt 0.692640 0.862056 0.000000
vt 0.685228 0.110798 0.000000
vt 0.704437 0.113702 0.000000
vt 0.685228 0.889202 0.000000
vt 0.672783 0.085915 0.000000
vt 0.696919 0.094002 0.000000
vt 0.672783 0.914085 0.000000
vt 0.662194 0.070937 0.000000
vt 0.649894 0.057587 0.000000
vt 0.662194 0.929063 0.000000
vt 0.687095 0.075536 0.000000
vt 0.649894 0.942413 0.000000
vt 0.621033 0.036651 0.000000
vt 0.628642 0.019899 0.000000
vt 0.621033 0.963349 0.000000
vt 0.675135 0.058619 0.000000
vt 0.628642 0.980101 0.000000
vt 0.661243 0.043541 0.000000
vt 0.645657 0.030560 0.000000
vt 0.596585 0.110269 0.000000
vt 0.626887 0.086096 0.000000
vt 0.609445 0.122723 0.000000
vt 0.609445 0.877277 0.000000
vt 0.626887 0.913904 0.000000
vt 0.618702 0.091171 0.000000
vt 0.596585 0.889731 0.000000
vt 0.611275 0.089431 0.000000
vt 0.629200 0.078968 0.000000
vt 0.627844 0.071280 0.000000
vt 0.629200 0.921032 0.000000
vt 0.621432 0.065561 0.000000
vt 0.627844 0.928720 0.000000
vt 0.621432 0.934439 0.000000
vt 0.605165 0.075324 0.000000
vt 0.580795 0.102182 0.000000
vt 0.580795 0.897818 0.000000
vt 0.605165 0.924676 0.000000
vt 0.606330 0.084188 0.000000
vt 0.606330 0.915812 0.000000
vt 0.609367 0.067618 0.000000
vt 0.615755 0.064878 0.000000
vt 0.552389 0.328766 0.000000
vt 0.552389 0.671234 0.000000
vt 0.557489 0.373871 0.000000
vt 0.570909 0.652595 0.000000
vt 0.550498 0.375050 0.000000
vt 0.557489 0.626129 0.000000
vt 0.532911 0.331549 0.000000
vt 0.550498 0.624950 0.000000
vt 0.545204 0.380621 0.000000
vt 0.543815 0.386746 0.000000
vt 0.545204 0.619379 0.000000
vt 0.536269 0.349872 0.000000
vt 0.543815 0.613254 0.000000
vt 0.541292 0.428232 0.000000
vt 0.519467 0.354759 0.000000
vt 0.536269 0.650128 0.000000
vt 0.513934 0.337068 0.000000
vt 0.519467 0.645242 0.000000
vt 0.503396 0.361983 0.000000
vt 0.495783 0.345228 0.000000
vt 0.503396 0.638017 0.000000
vt 0.488331 0.371423 0.000000
vt 0.478769 0.355890 0.000000
vt 0.488331 0.628577 0.000000
vt 0.474531 0.382916 0.000000
vt 0.463182 0.368870 0.000000
vt 0.474531 0.617084 0.000000
vt 0.462231 0.396266 0.000000
vt 0.449290 0.383948 0.000000
vt 0.462231 0.603734 0.000000
vt 0.451642 0.411244 0.000000
vt 0.442944 0.427594 0.000000
vt 0.451642 0.588756 0.000000
vt 0.437330 0.400865 0.000000
vt 0.442944 0.572406 0.000000
vt 0.436287 0.445037 0.000000
vt 0.427507 0.419332 0.000000
vt 0.436287 0.554963 0.000000
vt 0.431785 0.463273 0.000000
vt 0.429515 0.481991 0.000000
vt 0.431785 0.536727 0.000000
vt 0.419988 0.439032 0.000000
vt 0.429515 0.518009 0.000000
vt 0.429515 0.500870 0.000000
vt 0.536269 0.632989 0.000000
vt 0.536269 0.367011 0.000000
vt 0.532911 0.651312 0.000000
vt 0.552389 0.345905 0.000000
vt 0.519467 0.628103 0.000000
vt 0.532911 0.348688 0.000000
vt 0.513934 0.645793 0.000000
vt 0.503396 0.620878 0.000000
vt 0.513934 0.354207 0.000000
vt 0.495783 0.637633 0.000000
vt 0.488331 0.611438 0.000000
vt 0.495783 0.362367 0.000000
vt 0.478769 0.626972 0.000000
vt 0.474531 0.599945 0.000000
vt 0.478769 0.373028 0.000000
vt 0.463182 0.613991 0.000000
vt 0.462231 0.586595 0.000000
vt 0.463182 0.386009 0.000000
vt 0.451642 0.571617 0.000000
vt 0.449290 0.598913 0.000000
vt 0.442944 0.555267 0.000000
vt 0.449290 0.401087 0.000000
vt 0.437330 0.581996 0.000000
vt 0.436287 0.537825 0.000000
vt 0.437330 0.418004 0.000000
vt 0.431785 0.519588 0.000000
vt 0.427507 0.563530 0.000000
vt 0.427507 0.436470 0.000000
vt 0.414903 0.459628 0.000000
vt 0.419988 0.543830 0.000000
vt 0.412339 0.480769 0.000000
vt 0.419988 0.456170 0.000000
vt 0.414903 0.523233 0.000000
vt 0.412339 0.502092 0.000000
vt 0.414903 0.476767 0.000000
vt 0.557901 0.400084 0.000000
vt 0.558166 0.424426 0.000000
vt 0.549793 0.398432 0.000000
vt 0.549793 0.601568 0.000000
vt 0.558166 0.575574 0.000000
vt 0.545006 0.392778 0.000000
vt 0.541292 0.571768 0.000000
vt 0.618064 0.975316 0.000000
vt 0.623024 0.991173 0.000000
vt 0.599836 0.980617 0.000000
vt 0.599836 0.019383 0.000000
vt 0.602846 0.997041 0.000000
vt 0.623024 0.008827 0.000000
vt 0.581127 0.983290 0.000000
vt 0.602846 0.002959 0.000000
vt 0.582136 1.000000 0.000000
vt 0.562256 0.983290 0.000000
vt 0.582136 0.000000 0.000000
vt 0.561247 1.000000 0.000000
vt 0.902416 0.349584 0.000000
vt 0.898789 0.361180 0.000000
vt 0.902416 0.650416 0.000000
vt 0.919850 0.357422 0.000000
vt 0.936193 0.367663 0.000000
vt 0.919850 0.642578 0.000000
vt 0.882474 0.384298 0.000000
vt 0.898789 0.638820 0.000000
vt 0.886106 0.389222 0.000000
vt 0.886974 0.396841 0.000000
vt 0.884482 0.438315 0.000000
vt 0.884447 0.402729 0.000000
vt 0.884482 0.561685 0.000000
vt 0.879910 0.406671 0.000000
vt 0.847346 0.641875 0.000000
vt 0.849114 0.598136 0.000000
vt 0.861326 0.564823 0.000000
vt 0.861326 0.435177 0.000000
vt 0.849114 0.401864 0.000000
vt 0.844938 0.592088 0.000000
vt 0.844938 0.407912 0.000000
vt 0.848454 0.608341 0.000000
vt 0.847346 0.358125 0.000000
vt 0.841339 0.615052 0.000000
vt 0.884188 0.651422 0.000000
vt 0.865479 0.654095 0.000000
vt 0.884188 0.348578 0.000000
vt 0.846608 0.654095 0.000000
vt 0.865479 0.345905 0.000000
vt 0.951164 0.380131 0.000000
vt 0.914860 0.368405 0.000000
vt 0.951164 0.619869 0.000000
vt 0.938377 0.384154 0.000000
vt 0.964508 0.394614 0.000000
vt 0.961679 0.409878 0.000000
vt 0.964508 0.605386 0.000000
vt 0.975996 0.410862 0.000000
vt 0.985431 0.428600 0.000000
vt 0.975996 0.589138 0.000000
vt 0.975312 0.434016 0.000000
vt 0.985431 0.571400 0.000000
vt 0.992653 0.447522 0.000000
vt 0.985136 0.462049 0.000000
vt 0.992653 0.552478 0.000000
vt 0.997537 0.467306 0.000000
vt 0.989275 0.499532 0.000000
vt 0.997537 0.532694 0.000000
vt 1.000000 0.487612 0.000000
vt 1.000000 0.508093 0.000000
vt 1.000000 0.512388 0.000000
vt 0.986471 0.526010 0.000000
vt 1.000000 0.491907 0.000000
vt 0.997537 0.528399 0.000000
vt 0.978541 0.554741 0.000000
vt 0.997537 0.471601 0.000000
vt 0.992653 0.548183 0.000000
vt 0.985431 0.567105 0.000000
vt 0.992653 0.451817 0.000000
vt 0.960801 0.587213 0.000000
vt 0.985431 0.432895 0.000000
vt 0.975996 0.584843 0.000000
vt 0.964508 0.601092 0.000000
vt 0.975996 0.415157 0.000000
vt 0.937100 0.612504 0.000000
vt 0.964508 0.398908 0.000000
vt 0.951164 0.615574 0.000000
vt 0.914860 0.627300 0.000000
vt 0.951164 0.384426 0.000000
vt 0.936193 0.628042 0.000000
vt 0.919850 0.638283 0.000000
vt 0.936193 0.371958 0.000000
vt 0.889032 0.637962 0.000000
vt 0.919850 0.361717 0.000000
vt 0.902416 0.646121 0.000000
vt 0.864741 0.641875 0.000000
vt 0.902416 0.353879 0.000000
vt 0.575479 0.425972 0.000000
vt 0.567794 0.384581 0.000000
vt 0.564651 0.377537 0.000000
vt 0.567794 0.615419 0.000000
vt 0.564651 0.622463 0.000000
vt 0.567533 0.390883 0.000000
vt 0.575479 0.574029 0.000000
vt 0.567533 0.609117 0.000000
vt 0.564182 0.396539 0.000000
vt 0.303506 0.315371 0.000000
vt 0.296760 0.317244 0.000000
vt 0.265498 0.309959 0.000000
vt 0.265498 0.690041 0.000000
vt 0.296760 0.682756 0.000000
vt 0.292350 0.321635 0.000000
vt 0.292350 0.678365 0.000000
vt 0.314150 0.324677 0.000000
vt 0.338014 0.690134 0.000000
vt 0.311043 0.319126 0.000000
vt 0.314150 0.675323 0.000000
vt 0.311043 0.680875 0.000000
vt 0.303506 0.684629 0.000000
vt 0.500774 0.264215 0.000000
vt 0.508619 0.266867 0.000000
vt 0.514200 0.265109 0.000000
vt 0.508619 0.733133 0.000000
vt 0.518611 0.260718 0.000000
vt 0.514200 0.734891 0.000000
vt 0.543630 0.230021 0.000000
vt 0.518611 0.739282 0.000000
vt 0.520365 0.254705 0.000000
vt 0.519452 0.248285 0.000000
vt 0.520365 0.745295 0.000000
vt 0.515973 0.243521 0.000000
vt 0.519452 0.751715 0.000000
vt 0.527840 0.221934 0.000000
vt 0.515973 0.756479 0.000000
vt 0.097932 0.333752 0.000000
vt 0.101475 0.338866 0.000000
vt 0.097932 0.666248 0.000000
vt 0.108296 0.342039 0.000000
vt 0.101475 0.661134 0.000000
vt 0.146841 0.347452 0.000000
vt 0.108296 0.657961 0.000000
vt 0.119260 0.336032 0.000000
vt 0.119260 0.663968 0.000000
vt 0.115042 0.340167 0.000000
vt 0.146841 0.652548 0.000000
vt 0.548946 0.556890 0.000000
vt 0.548946 0.443110 0.000000
vt 0.560279 0.586903 0.000000
vt 0.565698 0.416357 0.000000
vt 0.556490 0.593829 0.000000
vt 0.560279 0.413097 0.000000
vt 0.563559 0.608469 0.000000
vt 0.563559 0.391531 0.000000
vt 0.558139 0.603528 0.000000
vt 0.553516 0.364544 0.000000
vt 0.474531 0.274616 0.000000
vt 0.500774 0.735785 0.000000
vt 0.496098 0.255332 0.000000
vt 0.474531 0.725384 0.000000
vt 0.498020 0.246577 0.000000
vt 0.514980 0.209480 0.000000
vt 0.503639 0.241394 0.000000
vt 0.514980 0.790520 0.000000
vt 0.510989 0.240747 0.000000
vt 0.478769 0.301642 0.000000
vt 0.463182 0.288662 0.000000
vt 0.495783 0.687696 0.000000
vt 0.463182 0.711338 0.000000
vt 0.449290 0.273584 0.000000
vt 0.437330 0.256667 0.000000
vt 0.449290 0.726416 0.000000
vt 0.437330 0.743333 0.000000
vt 0.427507 0.238201 0.000000
vt 0.462231 0.261266 0.000000
vt 0.427507 0.761799 0.000000
vt 0.419988 0.218500 0.000000
vt 0.451642 0.246288 0.000000
vt 0.419988 0.781500 0.000000
vt 0.439197 0.221405 0.000000
vt 0.414903 0.197904 0.000000
vt 0.431785 0.194259 0.000000
vt 0.414903 0.802096 0.000000
vt 0.412339 0.176763 0.000000
vt 0.429515 0.175541 0.000000
vt 0.412339 0.823237 0.000000
vt 0.412339 0.155440 0.000000
vt 0.429515 0.156662 0.000000
vt 0.412339 0.844560 0.000000
vt 0.414903 0.134299 0.000000
vt 0.431785 0.137944 0.000000
vt 0.414903 0.865701 0.000000
vt 0.419988 0.113702 0.000000
vt 0.436287 0.119708 0.000000
vt 0.419988 0.886298 0.000000
vt 0.427507 0.094002 0.000000
vt 0.442944 0.102265 0.000000
vt 0.427507 0.905998 0.000000
vt 0.437330 0.075536 0.000000
vt 0.451641 0.085915 0.000000
vt 0.437330 0.924464 0.000000
vt 0.462231 0.070937 0.000000
vt 0.449290 0.058619 0.000000
vt 0.474531 0.057587 0.000000
vt 0.449290 0.941381 0.000000
vt 0.463182 0.043541 0.000000
vt 0.488331 0.046094 0.000000
vt 0.463182 0.956459 0.000000
vt 0.478769 0.030561 0.000000
vt 0.511258 0.032587 0.000000
vt 0.478769 0.969439 0.000000
vt 0.495783 0.019899 0.000000
vt 0.536269 0.024543 0.000000
vt 0.495783 0.980101 0.000000
vt 0.513934 0.011739 0.000000
vt 0.532911 0.006220 0.000000
vt 0.513934 0.988261 0.000000
vt 0.553515 0.022079 0.000000
vt 0.532911 0.993780 0.000000
vt 0.570910 0.022079 0.000000
vt 0.552389 0.003437 0.000000
vt 0.588156 0.024543 0.000000
vt 0.552389 0.996563 0.000000
vt 0.572036 0.003437 0.000000
vt 0.604958 0.029429 0.000000
vt 0.572036 0.996563 0.000000
vt 0.591514 0.006220 0.000000
vt 0.591514 0.993780 0.000000
vt 0.610491 0.011739 0.000000
vt 0.744492 0.200353 0.000000
vt 0.734408 0.193040 0.000000
vt 0.755697 0.794609 0.000000
vt 0.725832 0.183732 0.000000
vt 0.734408 0.806960 0.000000
vt 0.725832 0.816268 0.000000
vt 0.719094 0.172787 0.000000
vt 0.714453 0.160626 0.000000
vt 0.719094 0.827213 0.000000
vt 0.755142 0.170096 0.000000
vt 0.714453 0.839374 0.000000
vt 0.712086 0.147715 0.000000
vt 0.712086 0.134552 0.000000
vt 0.755142 0.829904 0.000000
vt 0.748658 0.163400 0.000000
vt 0.712086 0.865448 0.000000
vt 0.743437 0.154050 0.000000
vt 0.741183 0.140515 0.000000
vt 0.714452 0.121641 0.000000
vt 0.742710 0.130944 0.000000
vt 0.714452 0.878359 0.000000
vt 0.719094 0.109480 0.000000
vt 0.746972 0.121038 0.000000
vt 0.719094 0.890520 0.000000
vt 0.725832 0.098535 0.000000
vt 0.725832 0.901465 0.000000
vt 0.734408 0.089227 0.000000
vt 0.734408 0.910773 0.000000
vt 0.704472 0.730754 0.000000
vt 0.714917 0.750389 0.000000
vt 0.691756 0.712767 0.000000
vt 0.691756 0.287233 0.000000
vt 0.676985 0.696736 0.000000
vt 0.714917 0.249611 0.000000
vt 0.722911 0.771335 0.000000
vt 0.728317 0.793234 0.000000
vt 0.722911 0.228665 0.000000
vt 0.660413 0.682934 0.000000
vt 0.728317 0.206766 0.000000
vt 0.691644 0.740057 0.000000
vt 0.680156 0.723808 0.000000
vt 0.691644 0.259943 0.000000
vt 0.642322 0.671599 0.000000
vt 0.680156 0.276192 0.000000
vt 0.666812 0.709326 0.000000
vt 0.651841 0.696858 0.000000
vt 0.666812 0.290674 0.000000
vt 0.623023 0.662922 0.000000
vt 0.651841 0.303142 0.000000
vt 0.635498 0.686617 0.000000
vt 0.602846 0.657055 0.000000
vt 0.635498 0.313383 0.000000
vt 0.618064 0.678779 0.000000
vt 0.599836 0.673478 0.000000
vt 0.618064 0.321221 0.000000
vt 0.582136 0.654095 0.000000
vt 0.599836 0.326522 0.000000
vt 0.581127 0.670805 0.000000
vt 0.561247 0.654095 0.000000
vt 0.581127 0.329195 0.000000
vt 0.562256 0.670805 0.000000
vt 0.540536 0.657055 0.000000
vt 0.562256 0.329195 0.000000
vt 0.543546 0.673478 0.000000
vt 0.520359 0.662923 0.000000
vt 0.543546 0.326522 0.000000
vt 0.525319 0.678779 0.000000
vt 0.501060 0.671599 0.000000
vt 0.525319 0.321221 0.000000
vt 0.507884 0.686617 0.000000
vt 0.482970 0.682935 0.000000
vt 0.507884 0.313383 0.000000
vt 0.491542 0.696858 0.000000
vt 0.466397 0.696736 0.000000
vt 0.491542 0.303142 0.000000
vt 0.476570 0.709326 0.000000
vt 0.463227 0.723809 0.000000
vt 0.476570 0.290674 0.000000
vt 0.451627 0.712768 0.000000
vt 0.463227 0.276191 0.000000
vt 0.451739 0.740058 0.000000
vt 0.438910 0.730754 0.000000
vt 0.451739 0.259942 0.000000
vt 0.442303 0.757795 0.000000
vt 0.428466 0.750389 0.000000
vt 0.442303 0.242205 0.000000
vt 0.435082 0.776717 0.000000
vt 0.420472 0.771335 0.000000
vt 0.435082 0.223283 0.000000
vt 0.430198 0.796501 0.000000
vt 0.415065 0.793234 0.000000
vt 0.430198 0.203499 0.000000
vt 0.427734 0.816807 0.000000
vt 0.412339 0.815712 0.000000
vt 0.427734 0.183193 0.000000
vt 0.427734 0.837288 0.000000
vt 0.430198 0.857595 0.000000
vt 0.427734 0.162712 0.000000
vt 0.412339 0.838384 0.000000
vt 0.430198 0.142405 0.000000
vt 0.435082 0.877378 0.000000
vt 0.415065 0.860861 0.000000
vt 0.435082 0.122622 0.000000
vt 0.442303 0.896300 0.000000
vt 0.451739 0.914038 0.000000
vt 0.442303 0.103700 0.000000
vt 0.543547 0.980617 0.000000
vt 0.543547 0.019383 0.000000
vt 0.540537 0.997041 0.000000
vt 0.561247 0.000000 0.000000
vt 0.525319 0.975316 0.000000
vt 0.540537 0.002959 0.000000
vt 0.520359 0.991173 0.000000
vt 0.507884 0.967478 0.000000
vt 0.520359 0.008827 0.000000
vt 0.491542 0.957238 0.000000
vt 0.501060 0.982497 0.000000
vt 0.476570 0.944769 0.000000
vt 0.501060 0.017503 0.000000
vt 0.482970 0.971161 0.000000
vt 0.463227 0.930287 0.000000
vt 0.482970 0.028839 0.000000
vt 0.420472 0.882761 0.000000
vt 0.466398 0.957359 0.000000
vt 0.451627 0.941328 0.000000
vt 0.466398 0.042641 0.000000
vt 0.428466 0.903707 0.000000
vt 0.451627 0.058672 0.000000
vt 0.438910 0.923341 0.000000
vt 0.731044 0.815712 0.000000
vt 0.701079 0.757795 0.000000
vt 0.701079 0.242205 0.000000
vt 0.708301 0.776717 0.000000
vt 0.731044 0.184288 0.000000
vt 0.713185 0.796501 0.000000
vt 0.731044 0.838383 0.000000
vt 0.715648 0.816807 0.000000
vt 0.731044 0.161617 0.000000
vt 0.728317 0.860861 0.000000
vt 0.715648 0.837288 0.000000
vt 0.728317 0.139139 0.000000
vt 0.713185 0.857594 0.000000
vt 0.722911 0.882761 0.000000
vt 0.708301 0.877378 0.000000
vt 0.722911 0.117239 0.000000
vt 0.714917 0.903707 0.000000
vt 0.701079 0.896300 0.000000
vt 0.714917 0.096293 0.000000
vt 0.704472 0.923341 0.000000
vt 0.691644 0.914038 0.000000
vt 0.704472 0.076659 0.000000
vt 0.691756 0.941328 0.000000
vt 0.680156 0.930287 0.000000
vt 0.691756 0.058672 0.000000
vt 0.676985 0.957359 0.000000
vt 0.666812 0.944769 0.000000
vt 0.676985 0.042641 0.000000
vt 0.660413 0.971161 0.000000
vt 0.651841 0.957238 0.000000
vt 0.660413 0.028839 0.000000
vt 0.635499 0.967478 0.000000
vt 0.642322 0.982497 0.000000
vt 0.642322 0.017503 0.000000
# 2831 texture coordinates

o Gear_000_Material_0
usemtl default
f 1/3/3 2/2/2 3/1/1
f 4/7/6 5/6/5 6/5/4
f 7/11/9 8/10/8 9/9/7
f 10/15/12 11/14/11 12/13/10
f 13/19/15 14/18/14 15/17/13
f 16/23/18 17/22/17 18/21/16
f 19/27/21 20/26/20 21/25/19
f 22/31/24 23/30/23 24/29/22
f 25/35/27 26/34/26 27/33/25
f 28/39/30 29/38/29 30/37/28
f 31/43/33 32/42/32 33/41/31
f 34/47/36 35/46/35 36/45/34
f 37/51/39 38/50/38 39/49/37
f 40/55/42 41/54/41 42/53/40
f 43/59/45 44/58/44 45/57/43
f 46/63/48 47/62/47 48/61/46
f 49/67/51 50/66/50 51/65/49
f 52/71/54 53/70/53 54/69/52
f 55/75/57 56/74/56 57/73/55
f 58/79/60 59/78/59 60/77/58
f 61/83/63 62/82/62 63/81/61
f 64/87/66 65/86/65 66/85/64
f 67/91/69 68/90/68 69/89/67
f 70/95/72 71/94/71 72/93/70
f 73/99/75 74/98/74 75/97/73
f 76/103/78 77/102/77 78/101/76
f 79/107/81 80/106/80 81/105/79
f 82/111/84 83/110/83 84/109/82
f 85/115/87 86/114/86 87/113/85
f 88/119/90 89/118/89 90/117/88
f 91/123/93 92/122/92 93/121/91
f 94/127/96 95/126/95 96/125/94
f 97/131/99 98/130/98 99/129/97
f 99/129/97 100/134/101 101/133/100
f 102/138/104 103/137/103 104/136/102
f 105/142/107 106/141/106 107/140/105
f 108/146/110 109/145/109 110/144/108
f 111/150/113 112/149/112 113/148/111
f 114/154/114 115/153/114 116/152/114
f 117/158/115 118/157/115 119/156/115
f 120/162/116 121/161/116 122/160/116
f 123/166/117 124/165/117 125/164/117
f 126/170/118 127/169/118 128/168/118
f 129/174/119 130/173/119 131/172/119
f 132/178/120 133/177/120 134/176/120
f 135/182/121 136/181/121 137/180/121
f 138/186/122 139/185/122 140/184/122
f 141/190/123 142/189/123 143/188/123
f 144/194/124 145/193/124 146/192/124
f 147/197/125 148/152/125 149/196/125
f 150/161/126 151/200/126 152/199/126
f 153/204/127 154/203/127 155/202/127
f 156/208/128 157/207/128 158/206/128
f 159/212/129 160/211/129 161/210/129
f 162/216/130 163/215/130 164/214/130
f 165/219/131 166/218/131 167/157/131
f 168/223/132 169/222/132 170/221/132
f 171/227/133 172/226/133 173/225/133
f 174/231/134 175/230/134 176/229/134
f 177/234/135 178/160/135 179/233/135
f 15/17/13 14/18/14 180/236/136
f 39/49/37 38/50/38 181/238/137
f 60/77/58 59/78/59 182/240/138
f 84/109/82 83/110/83 183/242/139
f 113/148/111 112/149/112 184/244/140
f 96/125/94 95/126/95 185/246/141
f 99/129/97 98/130/98 100/134/101
f 105/142/107 186/248/142 106/141/106
f 107/140/105 106/141/106 187/249/143
f 110/144/108 109/145/109 188/251/144
f 189/178/145 190/253/145 191/177/145
f 192/254/146 193/227/146 194/225/146
f 195/216/147 196/256/147 197/215/147
f 198/257/148 199/186/148 200/184/148
f 201/222/149 202/223/149 203/259/149
f 204/261/150 205/170/150 206/168/150
f 207/158/151 208/219/151 209/157/151
f 210/161/152 211/162/152 212/200/152
f 213/231/153 214/263/153 215/230/153
f 216/194/154 217/264/154 218/193/154
f 219/199/155 220/200/155 221/265/155
f 222/211/156 223/267/156 224/210/156
f 225/204/157 226/269/157 227/203/157
f 228/270/158 229/208/158 230/206/158
f 231/272/159 232/174/159 233/172/159
f 234/182/160 235/274/160 236/181/160
f 237/277/161 238/276/161 239/275/161
f 240/166/162 241/279/162 242/165/162
f 243/152/163 244/197/163 245/154/163
f 246/234/164 247/162/164 248/160/164
f 249/154/165 250/281/165 251/153/165
f 252/192/166 253/282/166 254/194/166
f 255/286/167 256/285/168 257/284/167
f 255/286/167 257/284/167 258/288/169
f 259/291/172 260/290/171 261/289/170
f 259/291/172 261/289/170 262/293/173
f 263/294/174 259/291/172 262/293/173
f 263/294/174 262/293/173 264/296/174
f 265/299/176 266/298/175 267/297/175
f 265/299/176 267/297/175 268/301/177
f 269/302/178 265/299/176 268/301/177
f 269/302/178 268/301/177 270/304/179
f 271/307/182 272/306/181 273/305/180
f 271/307/182 273/305/180 274/309/183
f 275/310/184 271/307/182 274/309/183
f 275/310/184 274/309/183 276/312/185
f 277/315/188 278/314/187 279/313/186
f 277/315/188 279/313/186 280/317/189
f 281/318/190 277/315/188 280/317/189
f 281/318/190 280/317/189 282/320/191
f 283/321/192 281/318/190 282/320/191
f 283/321/192 282/320/191 284/323/193
f 285/324/194 283/321/192 284/323/193
f 285/324/194 284/323/193 286/326/194
f 287/329/197 288/328/196 289/327/195
f 287/329/197 289/327/195 290/331/198
f 291/332/199 287/329/197 290/331/198
f 291/332/199 290/331/198 292/334/200
f 293/337/203 294/336/202 295/335/201
f 293/337/203 295/335/201 296/339/204
f 297/340/205 293/337/203 296/339/204
f 297/340/205 296/339/204 298/342/206
f 299/343/207 297/340/205 298/342/206
f 299/343/207 298/342/206 300/345/208
f 301/346/209 299/343/207 300/345/208
f 301/346/209 300/345/208 302/348/210
f 303/351/213 304/350/212 305/349/211
f 303/351/213 305/349/211 306/353/214
f 307/354/215 303/351/213 306/353/214
f 307/354/215 306/353/214 308/356/216
f 309/359/219 310/358/218 311/357/217
f 309/359/219 311/357/217 312/361/220
f 313/362/221 309/359/219 312/361/220
f 313/362/221 312/361/220 314/364/222
f 315/365/223 313/362/221 314/364/222
f 315/365/223 314/364/222 316/367/224
f 317/370/227 318/369/226 319/368/225
f 317/370/227 319/368/225 320/372/228
f 321/375/231 322/374/230 323/373/229
f 321/375/231 323/373/229 324/377/232
f 325/380/235 326/379/234 327/378/233
f 325/380/235 327/378/233 328/382/236
f 329/385/239 330/384/238 331/383/237
f 329/385/239 331/383/237 332/387/240
f 333/390/243 334/389/242 335/388/241
f 333/390/243 335/388/241 336/392/244
f 337/395/246 338/394/245 339/393/245
f 337/395/246 339/393/245 340/397/246
f 341/400/247 342/399/248 343/398/247
f 341/400/247 343/398/247 344/402/248
f 345/405/249 346/404/250 347/403/249
f 345/405/249 347/403/249 348/407/250
f 349/408/253 350/405/252 351/407/251
f 349/408/253 351/407/251 352/410/254
f 353/411/255 349/408/253 352/410/254
f 353/411/255 352/410/254 354/413/256
f 355/416/258 356/415/257 357/414/257
f 355/416/258 357/414/257 358/418/259
f 359/419/260 355/416/258 358/418/259
f 359/419/260 358/418/259 360/421/261
f 361/424/264 362/423/263 363/422/262
f 361/424/264 363/422/262 364/426/265
f 365/429/268 366/428/267 367/427/266
f 365/429/268 367/427/266 368/431/269
f 369/434/272 370/433/271 371/432/270
f 369/434/272 371/432/270 372/436/273
f 373/439/276 374/438/275 375/437/274
f 373/439/276 375/437/274 376/441/276
f 377/442/279 378/439/278 379/441/277
f 377/442/279 379/441/277 380/444/280
f 381/445/281 377/442/279 380/444/280
f 381/445/281 380/444/280 382/447/282
f 383/448/283 384/445/284 385/447/283
f 383/448/283 385/447/283 386/450/285
f 387/453/286 388/452/287 389/451/286
f 387/453/286 389/451/286 390/455/288
f 391/456/289 392/453/289 393/455/289
f 391/456/289 393/455/289 394/458/289
f 395/461/290 396/460/291 397/459/290
f 395/461/290 397/459/290 398/463/292
f 399/465/294 400/464/293 375/437/274
f 399/465/294 375/437/274 374/438/275
f 328/382/236 327/378/233 401/467/295
f 328/382/236 401/467/295 402/469/296
f 403/472/299 404/471/298 405/470/297
f 403/472/299 405/470/297 406/474/300
f 407/477/303 408/476/302 409/475/301
f 407/477/303 409/475/301 410/479/304
f 411/481/306 412/480/305 362/423/263
f 411/481/306 362/423/263 361/424/264
f 413/485/309 414/484/308 415/483/307
f 413/485/309 415/483/307 416/487/310
f 417/490/313 418/489/312 419/488/311
f 417/490/313 419/488/311 420/492/314
f 421/493/315 417/490/313 420/492/314
f 421/493/315 420/492/314 422/495/316
f 423/498/319 424/497/318 425/496/317
f 423/498/319 425/496/317 426/500/320
f 427/501/321 423/498/319 426/500/320
f 427/501/321 426/500/320 428/503/322
f 429/506/324 430/505/323 431/504/323
f 429/506/324 431/504/323 432/508/325
f 433/509/326 429/506/324 432/508/325
f 433/509/326 432/508/325 434/511/326
f 435/513/328 436/512/327 415/483/307
f 435/513/328 415/483/307 414/484/308
f 437/517/331 438/516/330 439/515/329
f 437/517/331 439/515/329 440/519/332
f 441/522/335 442/521/334 443/520/333
f 441/522/335 443/520/333 444/524/336
f 402/469/296 401/467/295 445/525/337
f 402/469/296 445/525/337 446/527/338
f 447/529/340 448/528/339 404/471/298
f 447/529/340 404/471/298 403/472/299
f 449/533/342 450/532/341 451/531/341
f 449/533/342 451/531/341 452/535/342
f 453/538/344 454/537/343 455/536/343
f 453/538/344 455/536/343 456/540/345
f 457/541/346 453/538/344 456/540/345
f 457/541/346 456/540/345 458/543/346
f 459/546/349 460/545/348 461/544/347
f 459/546/349 461/544/347 462/548/350
f 463/549/351 459/546/349 462/548/350
f 463/549/351 462/548/350 464/551/352
f 465/553/353 466/461/353 467/552/353
f 465/553/353 467/552/353 468/555/353
f 469/558/354 470/557/355 471/556/354
f 469/558/354 471/556/354 472/560/356
f 473/562/357 474/561/357 451/531/341
f 473/562/357 451/531/341 450/532/341
f 475/566/360 476/565/359 477/564/358
f 475/566/360 477/564/358 478/568/361
f 479/571/364 480/570/363 481/569/362
f 479/571/364 481/569/362 482/573/365
f 483/576/368 484/575/367 485/574/366
f 483/576/368 485/574/366 486/578/369
f 440/519/332 439/515/329 487/579/370
f 440/519/332 487/579/370 488/581/371
f 489/583/372 490/582/373 491/257/372
f 489/583/372 491/257/372 492/585/374
f 493/588/375 494/587/376 495/586/375
f 493/588/375 495/586/375 496/590/377
f 497/592/378 498/556/378 499/591/378
f 497/592/378 499/591/378 500/594/378
f 501/597/381 502/596/380 503/595/379
f 501/597/381 503/595/379 504/599/382
f 505/600/383 501/597/381 504/599/382
f 505/600/383 504/599/382 506/602/384
f 507/605/386 508/604/385 509/603/385
f 507/605/386 509/603/385 510/607/387
f 511/608/388 507/605/386 510/607/387
f 511/608/388 510/607/387 512/610/388
f 513/613/389 514/612/390 515/611/389
f 513/613/389 515/611/389 516/615/391
f 517/618/394 518/617/393 519/616/392
f 517/618/394 519/616/392 520/620/395
f 521/623/398 522/622/397 523/621/396
f 521/623/398 523/621/396 524/625/399
f 525/628/402 526/627/401 527/626/400
f 525/628/402 527/626/400 528/630/403
f 368/431/269 367/427/266 448/528/339
f 368/431/269 448/528/339 447/529/340
f 529/634/406 530/633/405 531/632/404
f 529/634/406 531/632/404 532/636/407
f 533/639/410 534/638/409 535/637/408
f 533/639/410 535/637/408 536/641/411
f 537/642/412 533/639/410 536/641/411
f 537/642/412 536/641/411 538/644/412
f 539/647/415 540/646/414 541/645/413
f 539/647/415 541/645/413 542/649/416
f 543/650/417 539/647/415 542/649/416
f 543/650/417 542/649/416 544/652/418
f 545/655/420 546/654/419 547/653/419
f 545/655/420 547/653/419 548/657/421
f 549/658/422 545/655/420 548/657/421
f 549/658/422 548/657/421 550/660/422
f 551/662/423 552/661/423 531/632/404
f 551/662/423 531/632/404 530/633/405
f 553/665/425 554/664/424 476/565/359
f 553/665/425 476/565/359 475/566/360
f 555/669/428 556/668/427 557/667/426
f 555/669/428 557/667/426 558/671/429
f 559/674/432 560/673/431 561/672/430
f 559/674/432 561/672/430 562/676/433
f 488/581/371 487/579/370 330/384/238
f 488/581/371 330/384/238 329/385/239
f 563/680/435 564/679/434 565/678/434
f 563/680/435 565/678/434 566/682/435
f 567/685/437 568/684/436 569/683/436
f 567/685/437 569/683/436 570/687/438
f 571/688/439 567/685/437 570/687/438
f 571/688/439 570/687/438 572/690/439
f 573/693/440 574/692/441 575/691/440
f 573/693/440 575/691/440 576/695/442
f 577/698/443 578/697/444 579/696/443
f 577/698/443 579/696/443 580/700/445
f 581/701/448 582/698/447 583/700/446
f 581/701/448 583/700/446 584/703/449
f 585/704/450 581/701/448 584/703/449
f 585/704/450 584/703/449 586/706/451
f 587/708/452 588/707/452 565/678/434
f 587/708/452 565/678/434 564/679/434
f 520/620/395 519/616/392 589/710/453
f 520/620/395 589/710/453 590/712/454
f 591/715/457 592/714/456 593/713/455
f 591/715/457 593/713/455 594/717/458
f 595/720/461 596/719/460 597/718/459
f 595/720/461 597/718/459 598/722/462
f 599/725/465 600/724/464 601/723/463
f 599/725/465 601/723/463 602/727/466
f 603/730/469 604/729/468 605/728/467
f 603/730/469 605/728/467 606/732/470
f 607/735/473 608/734/472 609/733/471
f 607/735/473 609/733/471 610/737/474
f 611/738/475 607/735/473 610/737/474
f 611/738/475 610/737/474 612/740/475
f 613/743/478 614/742/477 615/741/476
f 613/743/478 615/741/476 616/745/479
f 617/746/480 613/743/478 616/745/479
f 617/746/480 616/745/479 618/748/481
f 619/751/484 620/750/483 621/749/482
f 619/751/484 621/749/482 622/753/485
f 623/754/486 619/751/484 622/753/485
f 623/754/486 622/753/485 624/756/487
f 625/704/489 626/706/488 605/728/467
f 625/704/489 605/728/467 604/729/468
f 444/524/336 443/520/333 554/664/424
f 444/524/336 554/664/424 553/665/425
f 627/759/491 628/758/490 556/668/427
f 627/759/491 556/668/427 555/669/428
f 629/762/493 630/761/492 526/627/401
f 629/762/493 526/627/401 525/628/402
f 631/766/496 632/765/495 633/764/494
f 631/766/496 633/764/494 634/768/497
f 635/771/500 636/770/499 637/769/498
f 635/771/500 637/769/498 638/773/501
f 639/776/504 640/775/503 641/774/502
f 639/776/504 641/774/502 642/778/505
f 643/779/506 639/776/504 642/778/505
f 643/779/506 642/778/505 644/781/506
f 645/784/509 646/783/508 647/782/507
f 645/784/509 647/782/507 648/786/510
f 649/787/511 645/784/509 648/786/510
f 649/787/511 648/786/510 650/789/512
f 651/792/515 652/791/514 653/790/513
f 651/792/515 653/790/513 654/794/516
f 655/795/517 651/792/515 654/794/516
f 655/795/517 654/794/516 656/797/518
f 657/799/519 658/798/519 637/769/498
f 657/799/519 637/769/498 636/770/499
f 590/712/454 589/710/453 408/476/302
f 590/712/454 408/476/302 407/477/303
f 594/717/458 593/713/455 659/802/520
f 594/717/458 659/802/520 660/804/521
f 486/578/369 485/574/366 661/805/522
f 486/578/369 661/805/522 662/807/523
f 663/809/525 664/808/524 366/428/267
f 663/809/525 366/428/267 365/429/268
f 665/813/527 666/812/526 667/811/526
f 665/813/527 667/811/526 668/815/528
f 669/818/529 670/817/529 671/816/529
f 669/818/529 671/816/529 672/820/529
f 673/823/530 674/822/530 675/821/530
f 673/823/530 675/821/530 676/825/530
f 677/826/533 678/823/532 679/825/531
f 677/826/533 679/825/531 680/828/534
f 681/829/535 677/826/533 680/828/534
f 681/829/535 680/828/534 682/831/536
f 683/834/538 684/833/537 685/832/537
f 683/834/538 685/832/537 686/836/539
f 687/837/540 683/834/538 686/836/539
f 687/837/540 686/836/539 688/839/541
f 689/841/542 690/840/542 667/811/526
f 689/841/542 667/811/526 666/812/526
f 691/845/545 692/844/544 693/843/543
f 691/845/545 693/843/543 694/847/543
f 695/848/546 321/375/231 324/377/232
f 695/848/546 324/377/232 696/850/547
f 524/625/399 523/621/396 628/758/490
f 524/625/399 628/758/490 627/759/491
f 697/853/549 698/852/548 630/761/492
f 697/853/549 630/761/492 629/762/493
f 332/387/240 331/383/237 699/855/550
f 332/387/240 699/855/550 700/857/551
f 701/860/554 702/859/553 703/858/552
f 701/860/554 703/858/552 704/862/555
f 705/865/557 706/864/556 707/863/556
f 705/865/557 707/863/556 708/867/558
f 709/868/559 705/865/557 708/867/558
f 709/868/559 708/867/558 710/870/559
f 711/873/562 712/872/561 713/871/560
f 711/873/562 713/871/560 714/875/563
f 715/876/564 711/873/562 714/875/563
f 715/876/564 714/875/563 716/878/565
f 717/879/566 718/876/566 719/878/566
f 717/879/566 719/878/566 720/881/566
f 721/884/567 722/883/568 723/882/567
f 721/884/567 723/882/567 724/886/569
f 725/837/571 726/839/570 703/858/552
f 725/837/571 703/858/552 702/859/553
f 727/889/574 728/888/573 729/887/572
f 727/889/574 729/887/572 730/891/575
f 660/804/521 659/802/520 480/570/363
f 660/804/521 480/570/363 479/571/364
f 662/807/523 661/805/522 731/893/576
f 662/807/523 731/893/576 732/895/577
f 733/898/580 734/897/579 735/896/578
f 733/898/580 735/896/578 736/900/581
f 737/903/584 738/902/583 739/901/582
f 737/903/584 739/901/582 740/905/585
f 741/908/588 742/907/587 743/906/586
f 741/908/588 743/906/586 744/910/589
f 745/911/590 741/908/588 744/910/589
f 745/911/590 744/910/589 746/913/590
f 747/916/593 748/915/592 749/914/591
f 747/916/593 749/914/591 750/918/594
f 751/919/595 747/916/593 750/918/594
f 751/919/595 750/918/594 752/921/596
f 753/924/598 754/923/597 755/922/597
f 753/924/598 755/922/597 756/926/599
f 757/927/600 753/924/598 756/926/599
f 757/927/600 756/926/599 758/929/600
f 759/931/602 760/930/601 739/901/582
f 759/931/602 739/901/582 738/902/583
f 761/934/604 762/933/603 442/521/334
f 761/934/604 442/521/334 441/522/335
f 763/937/605 764/936/605 339/393/245
f 763/937/605 339/393/245 338/394/245
f 765/941/608 766/940/607 767/939/606
f 765/941/608 767/939/606 768/943/609
f 769/946/610 770/945/610 771/944/610
f 769/946/610 771/944/610 772/948/610
f 773/950/612 774/949/611 12/13/10
f 773/950/612 12/13/10 11/14/11
f 2/2/2 1/3/3 775/952/613
f 2/2/2 775/952/613 776/954/614
f 14/18/14 13/19/15 777/955/615
f 14/18/14 777/955/615 778/957/616
f 11/14/11 10/15/12 6/5/4
f 11/14/11 6/5/4 5/6/5
f 5/6/5 4/7/6 779/959/617
f 5/6/5 779/959/617 780/961/618
f 180/236/136 8/10/8 7/11/9
f 180/236/136 7/11/9 15/17/13
f 17/22/17 16/23/18 21/25/19
f 17/22/17 21/25/19 20/26/20
f 781/965/620 782/964/619 24/29/22
f 781/965/620 24/29/22 23/30/23
f 783/968/622 784/967/621 782/964/619
f 783/968/622 782/964/619 781/965/620
f 780/961/618 779/959/617 18/21/16
f 780/961/618 18/21/16 17/22/17
f 23/30/23 22/31/24 9/9/7
f 23/30/23 9/9/7 8/10/8
f 785/973/624 786/972/623 27/33/25
f 785/973/624 27/33/25 26/34/26
f 26/34/26 25/35/27 787/975/625
f 26/34/26 787/975/625 788/977/626
f 789/980/629 790/979/628 791/978/627
f 789/980/629 791/978/627 792/982/627
f 793/984/631 794/983/630 790/979/628
f 793/984/631 790/979/628 789/980/629
f 20/26/20 19/27/21 786/972/623
f 20/26/20 786/972/623 785/973/624
f 35/46/35 34/47/36 30/37/28
f 35/46/35 30/37/28 29/38/29
f 29/38/29 28/39/30 795/988/632
f 29/38/29 795/988/632 796/990/633
f 181/238/137 32/42/32 31/43/33
f 181/238/137 31/43/33 39/49/37
f 41/54/41 40/55/42 797/992/634
f 41/54/41 797/992/634 798/994/635
f 798/994/635 797/992/634 799/995/636
f 798/994/635 799/995/636 800/997/637
f 47/62/47 46/63/48 45/57/43
f 47/62/47 45/57/43 44/58/44
f 796/990/633 795/988/632 42/53/40
f 796/990/633 42/53/40 41/54/41
f 44/58/44 43/59/45 33/41/31
f 44/58/44 33/41/31 32/42/32
f 801/1003/639 802/1002/639 803/1001/638
f 801/1003/639 803/1001/638 804/1005/640
f 804/1005/640 803/1001/638 57/73/55
f 804/1005/640 57/73/55 56/74/56
f 50/66/50 49/67/51 805/1007/641
f 50/66/50 805/1007/641 806/1009/642
f 59/78/59 58/79/60 51/65/49
f 59/78/59 51/65/49 50/66/50
f 806/1009/642 805/1007/641 48/61/46
f 806/1009/642 48/61/46 47/62/47
f 56/74/56 55/75/57 807/1012/643
f 56/74/56 807/1012/643 808/1014/644
f 808/1014/644 807/1012/643 809/1015/645
f 808/1014/644 809/1015/645 810/1017/646
f 811/1020/648 812/1019/648 813/1018/647
f 811/1020/648 813/1018/647 814/1022/649
f 182/240/138 815/1024/651 816/1023/650
f 182/240/138 816/1023/650 60/77/58
f 62/82/62 61/83/63 66/85/64
f 62/82/62 66/85/64 65/86/65
f 817/1028/653 818/1027/652 69/89/67
f 817/1028/653 69/89/67 68/90/68
f 819/1031/655 820/1030/654 818/1027/652
f 819/1031/655 818/1027/652 817/1028/653
f 814/1022/649 813/1018/647 63/81/61
f 814/1022/649 63/81/61 62/82/62
f 68/90/68 67/91/69 54/69/52
f 68/90/68 54/69/52 53/70/53
f 821/1036/657 822/1035/656 72/93/70
f 821/1036/657 72/93/70 71/94/71
f 71/94/71 70/95/72 81/105/79
f 71/94/71 81/105/79 80/106/80
f 823/1041/658 824/1040/659 825/1039/658
f 823/1041/658 825/1039/658 826/1043/660
f 827/1046/663 828/1045/662 829/1044/661
f 827/1046/663 829/1044/661 830/1048/664
f 83/110/83 82/111/84 828/1045/662
f 83/110/83 828/1045/662 827/1046/663
f 65/86/65 64/87/66 822/1035/656
f 65/86/65 822/1035/656 821/1036/657
f 831/1052/666 832/1051/665 75/97/73
f 831/1052/666 75/97/73 74/98/74
f 74/98/74 73/99/75 833/1054/667
f 74/98/74 833/1054/667 834/1056/668
f 835/1057/669 77/102/77 76/103/78
f 835/1057/669 76/103/78 836/1059/670
f 86/114/86 85/115/87 837/1060/671
f 86/114/86 837/1060/671 838/1062/672
f 838/1062/672 837/1060/671 839/1063/673
f 838/1062/672 839/1063/673 840/1065/674
f 92/122/92 91/123/93 90/117/88
f 92/122/92 90/117/88 89/118/89
f 834/1056/668 833/1054/667 87/113/85
f 834/1056/668 87/113/85 86/114/86
f 89/118/89 88/119/90 78/101/76
f 89/118/89 78/101/76 77/102/77
f 776/954/614 775/952/613 93/121/91
f 776/954/614 93/121/91 92/122/92
f 841/1072/677 842/1071/676 843/1070/675
f 841/1072/677 843/1070/675 844/1074/675
f 845/1077/679 846/1076/679 847/1075/678
f 845/1077/679 847/1075/678 848/1079/680
f 848/1079/680 847/1075/678 849/1080/681
f 848/1079/680 849/1080/681 850/1082/682
f 850/1082/682 849/1080/681 851/1083/683
f 850/1082/682 851/1083/683 852/1085/684
f 852/1085/684 851/1083/683 853/1086/685
f 852/1085/684 853/1086/685 854/1088/686
f 854/1088/686 853/1086/685 855/1089/687
f 854/1088/686 855/1089/687 856/1091/688
f 856/1091/688 855/1089/687 857/1092/689
f 856/1091/688 857/1092/689 858/1094/690
f 858/1094/690 857/1092/689 859/1095/691
f 858/1094/690 859/1095/691 860/1097/692
f 860/1097/692 859/1095/691 861/1098/693
f 860/1097/692 861/1098/693 862/1100/694
f 862/1100/694 861/1098/693 863/1101/695
f 862/1100/694 863/1101/695 864/1103/696
f 864/1103/696 863/1101/695 865/1104/697
f 864/1103/696 865/1104/697 866/1106/698
f 866/1106/698 865/1104/697 867/1107/699
f 866/1106/698 867/1107/699 868/1109/700
f 868/1109/700 867/1107/699 869/1110/701
f 868/1109/700 869/1110/701 870/1112/702
f 870/1112/702 869/1110/701 871/1113/703
f 870/1112/702 871/1113/703 872/1115/704
f 873/1118/706 874/1117/706 875/1116/705
f 873/1118/706 875/1116/705 876/1120/707
f 876/1120/707 875/1116/705 877/1121/708
f 876/1120/707 877/1121/708 878/1123/709
f 878/1123/709 877/1121/708 879/1124/710
f 878/1123/709 879/1124/710 880/1126/711
f 880/1126/711 879/1124/710 881/1127/712
f 880/1126/711 881/1127/712 882/1129/713
f 882/1129/713 881/1127/712 883/1130/714
f 882/1129/713 883/1130/714 884/1132/715
f 884/1132/715 883/1130/714 885/1133/716
f 884/1132/715 885/1133/716 886/1135/717
f 886/1135/717 885/1133/716 887/1136/718
f 886/1135/717 887/1136/718 888/1138/719
f 888/1138/719 887/1136/718 889/1139/720
f 888/1138/719 889/1139/720 890/1141/721
f 890/1141/721 889/1139/720 891/1142/722
f 890/1141/721 891/1142/722 892/1144/723
f 892/1144/723 891/1142/722 893/1145/724
f 892/1144/723 893/1145/724 894/1147/725
f 894/1147/725 893/1145/724 895/1148/726
f 894/1147/725 895/1148/726 896/1150/727
f 896/1150/727 895/1148/726 897/1151/728
f 896/1150/727 897/1151/728 898/1153/729
f 898/1153/729 897/1151/728 899/1154/730
f 898/1153/729 899/1154/730 900/1156/731
f 900/1156/731 899/1154/730 901/1157/732
f 900/1156/731 901/1157/732 902/1159/733
f 902/1159/733 901/1157/732 903/1160/734
f 902/1159/733 903/1160/734 904/1162/734
f 905/1165/735 906/1164/735 907/1163/647
f 905/1165/735 907/1163/647 908/1167/736
f 908/1167/736 907/1163/647 909/1168/737
f 908/1167/736 909/1168/737 910/1170/738
f 910/1170/738 909/1168/737 911/1171/739
f 910/1170/738 911/1171/739 912/1173/740
f 912/1173/740 911/1171/739 913/1174/741
f 912/1173/740 913/1174/741 914/1176/742
f 914/1176/742 913/1174/741 915/1177/743
f 914/1176/742 915/1177/743 916/1179/744
f 916/1179/744 915/1177/743 917/1180/745
f 916/1179/744 917/1180/745 918/1182/746
f 918/1182/746 917/1180/745 919/1183/747
f 918/1182/746 919/1183/747 920/1185/748
f 920/1185/748 919/1183/747 921/1186/749
f 920/1185/748 921/1186/749 922/1188/750
f 922/1188/750 921/1186/749 923/1189/751
f 922/1188/750 923/1189/751 924/1191/752
f 924/1191/752 923/1189/751 925/1192/753
f 924/1191/752 925/1192/753 926/1194/753
f 927/1197/755 928/1196/755 929/1195/754
f 927/1197/755 929/1195/754 930/1199/756
f 930/1199/756 929/1195/754 931/1200/757
f 930/1199/756 931/1200/757 932/1202/758
f 932/1202/758 931/1200/757 933/1203/759
f 932/1202/758 933/1203/759 934/1205/760
f 934/1205/760 933/1203/759 935/1206/761
f 934/1205/760 935/1206/761 936/1208/762
f 936/1208/762 935/1206/761 937/1209/763
f 936/1208/762 937/1209/763 938/1211/764
f 938/1211/764 937/1209/763 939/1212/765
f 938/1211/764 939/1212/765 940/1214/766
f 940/1214/766 939/1212/765 941/1215/767
f 940/1214/766 941/1215/767 942/1217/768
f 942/1217/768 941/1215/767 943/1218/769
f 942/1217/768 943/1218/769 944/1220/770
f 944/1220/770 943/1218/769 842/1071/676
f 944/1220/770 842/1071/676 841/1072/677
f 945/1224/771 946/1223/772 947/1222/771
f 945/1224/771 947/1222/771 948/1226/773
f 949/1228/775 950/1227/774 370/433/271
f 949/1228/775 370/433/271 369/434/272
f 951/1232/778 952/1231/777 953/1230/776
f 951/1232/778 953/1230/776 954/1234/779
f 364/426/265 363/422/262 955/1235/780
f 364/426/265 955/1235/780 956/1237/781
f 336/392/244 335/388/241 957/1238/782
f 336/392/244 957/1238/782 958/1240/783
f 959/1243/786 960/1242/785 961/1241/784
f 959/1243/786 961/1241/784 962/1245/787
f 558/671/429 557/667/426 412/480/305
f 558/671/429 412/480/305 411/481/306
f 768/943/609 767/939/606 950/1227/774
f 768/943/609 950/1227/774 949/1228/775
f 963/1249/789 964/1248/788 952/1231/777
f 963/1249/789 952/1231/777 951/1232/778
f 446/527/338 445/525/337 592/714/456
f 446/527/338 592/714/456 591/715/457
f 965/1254/792 966/1253/791 967/1252/790
f 965/1254/792 967/1252/790 968/1256/793
f 962/1245/787 961/1241/784 969/1257/794
f 962/1245/787 969/1257/794 970/1259/795
f 971/1262/798 972/1261/797 973/1260/796
f 971/1262/798 973/1260/796 974/1264/799
f 478/568/361 477/564/358 334/389/242
f 478/568/361 334/389/242 333/390/243
f 975/1267/800 976/1266/800 964/1248/788
f 975/1267/800 964/1248/788 963/1249/789
f 977/1270/802 978/1269/801 484/575/367
f 977/1270/802 484/575/367 483/576/368
f 979/1274/805 980/1273/804 981/1272/803
f 979/1274/805 981/1272/803 982/1276/806
f 372/436/273 371/432/270 518/617/393
f 372/436/273 518/617/393 517/618/394
f 970/1259/795 969/1257/794 728/888/573
f 970/1259/795 728/888/573 727/889/574
f 528/630/403 527/626/400 983/1279/807
f 528/630/403 983/1279/807 984/1281/808
f 985/1283/810 986/1282/809 972/1261/797
f 985/1283/810 972/1261/797 971/1262/798
f 987/1286/812 988/1285/811 766/940/607
f 987/1286/812 766/940/607 765/941/608
f 406/474/300 405/470/297 960/1242/785
f 406/474/300 960/1242/785 959/1243/786
f 989/1290/813 990/1289/813 978/1269/801
f 989/1290/813 978/1269/801 977/1270/802
f 982/1276/806 981/1272/803 991/1292/814
f 982/1276/806 991/1292/814 992/1294/815
f 993/1297/818 994/1296/817 995/1295/816
f 993/1297/818 995/1295/816 996/1299/819
f 954/1234/779 953/1230/776 438/516/330
f 954/1234/779 438/516/330 437/517/331
f 984/1281/808 983/1279/807 997/1301/820
f 984/1281/808 997/1301/820 998/1303/821
f 562/676/433 561/672/430 986/1282/809
f 562/676/433 986/1282/809 985/1283/810
f 999/1306/822 1000/1305/822 988/1285/811
f 999/1306/822 988/1285/811 987/1286/812
f 1001/1309/824 1002/1308/823 692/844/544
f 1001/1309/824 692/844/544 691/845/545
f 602/727/466 601/723/463 1003/1311/825
f 602/727/466 1003/1311/825 1004/1313/825
f 992/1294/815 991/1292/814 596/719/460
f 992/1294/815 596/719/460 595/720/461
f 996/1299/819 995/1295/816 1005/1315/826
f 996/1299/819 1005/1315/826 1006/1317/827
f 1007/1320/829 1008/1319/829 1009/1318/828
f 1007/1320/829 1009/1318/828 1010/1322/830
f 998/1303/821 997/1301/820 632/765/495
f 998/1303/821 632/765/495 631/766/496
f 1011/1325/831 1012/1324/831 980/1273/804
f 1011/1325/831 980/1273/804 979/1274/805
f 482/573/365 481/569/362 1013/1327/832
f 482/573/365 1013/1327/832 1014/1329/832
f 1015/1331/834 1016/1330/833 1002/1308/823
f 1015/1331/834 1002/1308/823 1001/1309/824
f 1017/1334/836 1018/1333/835 600/724/464
f 1017/1334/836 600/724/464 599/725/465
f 1019/1337/837 1020/1336/837 326/379/234
f 1019/1337/837 326/379/234 325/380/235
f 1006/1317/827 1005/1315/826 522/622/397
f 1006/1317/827 522/622/397 521/623/398
f 1010/1322/830 1009/1318/828 762/933/603
f 1010/1322/830 762/933/603 761/934/604
f 634/768/497 633/764/494 734/897/579
f 634/768/497 734/897/579 733/898/580
f 732/895/577 731/893/576 560/673/431
f 732/895/577 560/673/431 559/674/432
f 968/1256/793 967/1252/790 994/1296/817
f 968/1256/793 994/1296/817 993/1297/818
f 410/479/304 409/475/301 1016/1330/833
f 410/479/304 1016/1330/833 1015/1331/834
f 700/857/551 699/855/550 1018/1333/835
f 700/857/551 1018/1333/835 1017/1334/836
f 598/722/462 597/718/459 698/852/548
f 598/722/462 698/852/548 697/853/549
f 1021/1349/838 1022/1348/839 1023/1347/838
f 1021/1349/838 1023/1347/838 1024/1351/840
f 1025/1354/841 1026/1353/842 1027/1352/841
f 1025/1354/841 1027/1352/841 1028/1356/843
f 1029/1359/844 1030/1358/845 1031/1357/844
f 1029/1359/844 1031/1357/844 1032/1361/846
f 1033/1364/849 1034/1363/848 1035/1362/847
f 1033/1364/849 1035/1362/847 1036/1366/850
f 1037/1369/853 1038/1368/852 1039/1367/851
f 1037/1369/853 1039/1367/851 1040/1371/854
f 1041/1374/855 1042/1373/856 1043/1372/855
f 1041/1374/855 1043/1372/855 1044/1376/857
f 1036/1366/850 1035/1362/847 1045/1377/858
f 1036/1366/850 1045/1377/858 1046/1379/859
f 1047/1382/862 1048/1381/861 1049/1380/860
f 1047/1382/862 1049/1380/860 1050/1384/863
f 1051/1387/866 1052/1386/865 1053/1385/864
f 1051/1387/866 1053/1385/864 1054/1389/867
f 1054/1389/867 1053/1385/864 1055/1390/868
f 1054/1389/867 1055/1390/868 1056/1392/869
f 1057/1395/870 1058/1394/871 1059/1393/870
f 1057/1395/870 1059/1393/870 1060/1397/872
f 1061/1399/874 1062/1398/873 1048/1381/861
f 1061/1399/874 1048/1381/861 1047/1382/862
f 1063/1403/875 1064/1402/876 1065/1401/875
f 1063/1403/875 1065/1401/875 1066/1405/877
f 1040/1371/854 1039/1367/851 1067/1406/878
f 1040/1371/854 1067/1406/878 1068/1408/879
f 1069/495/880 1070/1410/881 1071/1409/880
f 1069/495/880 1071/1409/880 1072/1412/882
f 1073/1415/885 1074/1414/884 1075/1413/883
f 1073/1415/885 1075/1413/883 1076/1417/886
f 1077/1420/889 1078/1419/888 1079/1418/887
f 1077/1420/889 1079/1418/887 1080/1422/890
f 184/244/140 98/130/98 97/131/99
f 184/244/140 97/131/99 113/148/111
f 1081/1425/892 1082/1424/891 1074/1414/884
f 1081/1425/892 1074/1414/884 1073/1415/885
f 103/137/103 102/138/104 1082/1424/891
f 103/137/103 1082/1424/891 1081/1425/892
f 1083/1430/895 1084/1429/894 1085/1428/893
f 1083/1430/895 1085/1428/893 1086/1432/896
f 1087/1434/898 1088/1433/897 1084/1429/894
f 1087/1434/898 1084/1429/894 1083/1430/895
f 109/145/109 108/146/110 107/140/105
f 109/145/109 107/140/105 187/249/143
f 1089/1438/900 1090/1437/899 1088/1433/897
f 1089/1438/900 1088/1433/897 1087/1434/898
f 1091/1441/902 1092/1440/901 1090/1437/899
f 1091/1441/902 1090/1437/899 1089/1438/900
f 112/149/112 111/150/113 1093/1443/903
f 112/149/112 1093/1443/903 1094/1445/904
f 1076/1417/886 1075/1413/883 1078/1419/888
f 1076/1417/886 1078/1419/888 1077/1420/889
f 95/126/95 94/127/96 1092/1440/901
f 95/126/95 1092/1440/901 1091/1441/902
f 1095/188/905 1096/210/906 1097/267/905
f 1095/188/905 1097/267/905 1098/190/907
f 1099/202/908 1100/1450/909 1101/1449/908
f 1099/202/908 1101/1449/908 1102/204/910
f 1103/168/911 1104/215/912 1105/256/911
f 1103/168/911 1105/256/911 1106/261/913
f 1107/196/914 1108/1222/915 1109/1223/914
f 1107/196/914 1109/1223/914 1110/197/916
f 1111/229/917 1112/165/918 1113/279/917
f 1111/229/917 1113/279/917 1114/231/919
f 1115/1457/920 1116/1456/921 1117/1455/920
f 1115/1457/920 1117/1455/920 1118/1459/922
f 1119/156/923 1120/1461/924 1121/1460/923
f 1119/156/923 1121/1460/923 1122/158/925
f 1123/270/926 1124/206/927 1125/173/926
f 1123/270/926 1125/173/926 1126/174/928
f 1127/275/929 1128/177/930 1129/253/929
f 1127/275/929 1129/253/929 1130/277/931
f 1131/286/932 1132/288/933 1133/185/932
f 1131/286/932 1133/185/932 1134/186/934
f 1135/176/935 1136/1465/936 1137/1464/935
f 1135/176/935 1137/1464/935 1138/178/937
f 1139/254/938 1140/225/939 1141/1467/938
f 1139/254/938 1141/1467/938 1142/944/940
f 1143/1470/941 1144/1469/942 1145/1468/941
f 1143/1470/941 1145/1468/941 1146/1472/943
f 1147/1475/944 1148/1474/945 1149/1473/944
f 1147/1475/944 1149/1473/944 1150/1477/946
f 1151/1455/947 1152/1456/948 1153/1474/947
f 1151/1455/947 1153/1474/947 1154/1475/949
f 1155/1481/950 1156/1480/951 1157/1479/950
f 1155/1481/950 1157/1479/950 1158/1483/952
f 1159/1484/953 1160/1481/954 1161/1483/953
f 1159/1484/953 1161/1483/953 1162/1486/955
f 1163/180/956 1164/222/957 1165/259/956
f 1163/180/956 1165/259/956 1166/182/958
f 1167/1488/959 1168/1470/960 1169/1472/959
f 1167/1488/959 1169/1472/959 1170/1490/961
f 1171/1491/962 289/327/195 288/328/196
f 289/327/195 1171/1491/962 1055/1390/868
f 1055/1390/868 1172/1494/963 1056/1392/869
f 1172/1494/963 1055/1390/868 1171/1491/962
f 320/372/228 1049/1380/860 317/370/227
f 1049/1380/860 320/372/228 1050/1384/863
f 317/370/227 323/373/229 322/374/230
f 323/373/229 317/370/227 1049/1380/860
f 1216/1502/966 1214/1501/965 1215/1500/964
f 1214/1501/965 1216/1502/966 1213/1504/967
f 1213/1504/967 1216/1502/966 1217/1506/968
f 1208/1510/971 1206/1509/970 1207/1508/969
f 1206/1509/970 1208/1510/971 1209/1512/972
f 1206/1509/970 1209/1512/972 1210/1514/973
f 1206/1509/970 1210/1514/973 1205/1515/973
f 1205/1515/973 1210/1514/973 1211/1516/974
f 1205/1515/973 1211/1516/974 1203/1518/973
f 1203/1518/973 1211/1516/974 1268/1519/973
f 1268/1519/973 1211/1516/974 1267/1521/975
f 1267/1521/975 1211/1516/974 1266/1523/976
f 1266/1523/976 1211/1516/974 1212/1525/977
f 1266/1523/976 1212/1525/977 1265/1527/978
f 1265/1527/978 1212/1525/977 1213/1504/967
f 1265/1527/978 1213/1504/967 1264/1529/973
f 1264/1529/973 1213/1504/967 1263/1530/979
f 1263/1530/979 1213/1504/967 1217/1506/968
f 1263/1530/979 1217/1506/968 1218/1533/980
f 1263/1530/979 1218/1533/980 1262/1534/981
f 1262/1534/981 1218/1533/980 1219/1535/982
f 1262/1534/981 1219/1535/982 1261/1537/983
f 1261/1537/983 1219/1535/982 1220/1538/984
f 1261/1537/983 1220/1538/984 1260/1540/985
f 1260/1540/985 1220/1538/984 1221/1541/986
f 1260/1540/985 1221/1541/986 1259/1543/987
f 1202/1546/990 1200/1545/989 1201/1544/988
f 1200/1545/989 1202/1546/990 1199/1548/991
f 1199/1548/991 1202/1546/990 1198/1550/973
f 1198/1550/973 1202/1546/990 1203/1518/973
f 1198/1550/973 1203/1518/973 1197/1553/992
f 1197/1553/992 1203/1518/973 1268/1519/973
f 1197/1553/992 1268/1519/973 1269/1555/993
f 1197/1553/992 1269/1555/993 1270/1556/994
f 1197/1553/992 1270/1556/994 1196/1557/995
f 1196/1557/995 1270/1556/994 1271/1558/996
f 1196/1557/995 1271/1558/996 1195/1560/997
f 1195/1560/997 1271/1558/996 1272/1561/973
f 1195/1560/997 1272/1561/973 1273/1563/998
f 1195/1560/997 1273/1563/998 1191/1564/999
f 1191/1564/999 1273/1563/998 1190/1565/1000
f 1190/1565/1000 1273/1563/998 1274/1567/1001
f 1190/1565/1000 1274/1567/1001 1189/1569/1002
f 1189/1569/1002 1274/1567/1001 1275/1570/1003
f 1189/1569/1002 1275/1570/1003 1188/1572/1004
f 1188/1572/1004 1275/1570/1003 1276/1573/1005
f 1188/1572/1004 1276/1573/1005 1187/1575/1006
f 1187/1575/1006 1276/1573/1005 1277/1576/1007
f 1186/1580/1010 1184/1579/1009 1185/1578/1008
f 1184/1579/1009 1186/1580/1010 1187/1575/1006
f 1184/1579/1009 1187/1575/1006 1277/1576/1007
f 1184/1579/1009 1277/1576/1007 1278/1583/1011
f 1184/1579/1009 1278/1583/1011 1183/1584/1012
f 1183/1584/1012 1278/1583/1011 1279/1585/1013
f 1183/1584/1012 1279/1585/1013 1182/1587/973
f 1182/1587/973 1279/1585/1013 1181/1588/973
f 1181/1588/973 1279/1585/1013 1180/1590/973
f 1180/1590/973 1279/1585/1013 1280/1592/973
f 1180/1590/973 1280/1592/973 1281/1594/1014
f 1180/1590/973 1281/1594/1014 1179/1595/1015
f 1179/1595/1015 1281/1594/1014 1282/1596/1016
f 1179/1595/1015 1282/1596/1016 1178/1598/1017
f 1178/1598/1017 1282/1596/1016 1177/1599/1018
f 1177/1599/1018 1282/1596/1016 1176/1601/1019
f 1176/1601/1019 1282/1596/1016 1283/1603/1020
f 1176/1601/1019 1283/1603/1020 1175/1605/1021
f 1175/1605/1021 1283/1603/1020 1173/1606/973
f 1175/1605/1021 1173/1606/973 1174/1608/1022
f 1194/1611/1025 1192/1610/1024 1193/1609/1023
f 1192/1610/1024 1194/1611/1025 1195/1560/997
f 1192/1610/1024 1195/1560/997 1191/1564/999
f 1203/1518/973 1204/1614/1022 1205/1515/973
f 1224/1617/1028 1222/1616/1027 1223/1615/1026
f 1222/1616/1027 1224/1617/1028 1221/1541/986
f 1221/1541/986 1224/1617/1028 1259/1543/987
f 1259/1543/987 1224/1617/1028 1258/1621/1029
f 1258/1621/1029 1224/1617/1028 1225/1623/1030
f 1258/1621/1029 1225/1623/1030 1257/1625/1031
f 1257/1625/1031 1225/1623/1030 1226/1626/973
f 1257/1625/1031 1226/1626/973 1227/1628/973
f 1257/1625/1031 1227/1628/973 1228/1629/973
f 1257/1625/1031 1228/1629/973 1256/1630/973
f 1256/1630/973 1228/1629/973 1229/1631/1032
f 1256/1630/973 1229/1631/1032 1255/1633/1033
f 1255/1633/1033 1229/1631/1032 1254/1634/1034
f 1254/1634/1034 1229/1631/1032 1230/1636/1035
f 1254/1634/1034 1230/1636/1035 1231/1638/1036
f 1254/1634/1034 1231/1638/1036 1232/1639/1037
f 1254/1634/1034 1232/1639/1037 1253/1640/1038
f 1253/1640/1038 1232/1639/1037 1233/1641/1039
f 1253/1640/1038 1233/1641/1039 1235/1643/973
f 1235/1643/973 1233/1641/1039 1234/1644/973
f 1240/1648/1042 1243/1647/1041 1239/1646/1040
f 1243/1647/1041 1240/1648/1042 1242/1650/1043
f 1242/1650/1043 1240/1648/1042 1241/1652/1044
f 1235/1643/973 1252/1654/1005 1253/1640/1038
f 1252/1654/1005 1235/1643/973 1236/1655/1004
f 1252/1654/1005 1236/1655/1004 1251/1657/1045
f 1251/1657/1045 1236/1655/1004 1237/1658/1046
f 1251/1657/1045 1237/1658/1046 1250/1660/1047
f 1250/1660/1047 1237/1658/1046 1238/1661/1048
f 1250/1660/1047 1238/1661/1048 1249/1663/1049
f 1249/1663/1049 1238/1661/1048 1239/1646/1040
f 1249/1663/1049 1239/1646/1040 1243/1647/1041
f 1249/1663/1049 1243/1647/1041 1248/1665/973
f 1248/1665/973 1243/1647/1041 1244/1666/1050
f 1248/1665/973 1244/1666/1050 1247/1668/1051
f 1247/1668/1051 1244/1666/1050 1246/1669/1052
f 1246/1669/1052 1244/1666/1050 1245/1671/1053
f 1291/1675/1054 1289/1674/1054 1290/1673/1054
f 1289/1674/1054 1291/1675/1054 1288/1677/1055
f 1288/1677/1055 1291/1675/1054 1292/1679/1056
f 1376/1683/1054 1374/1682/1054 1375/1681/1054
f 1374/1682/1054 1376/1683/1054 1368/1685/1054
f 1368/1685/1054 1376/1683/1054 1367/1687/1054
f 1367/1687/1054 1376/1683/1054 1366/1689/1054
f 1365/1693/1054 1363/1692/1054 1364/1691/1054
f 1363/1692/1054 1365/1693/1054 1366/1689/1054
f 1363/1692/1054 1366/1689/1054 1362/1696/1057
f 1362/1696/1057 1366/1689/1054 1376/1683/1054
f 1362/1696/1057 1376/1683/1054 1377/1698/1058
f 1362/1696/1057 1377/1698/1058 1361/1699/1059
f 1361/1699/1059 1377/1698/1058 1378/1700/1060
f 1361/1699/1059 1378/1700/1060 1379/1702/1054
f 1361/1699/1059 1379/1702/1054 1360/1703/1054
f 1360/1703/1054 1379/1702/1054 1359/1704/1054
f 1359/1704/1054 1379/1702/1054 1380/1706/1054
f 1359/1704/1054 1380/1706/1054 1358/1708/1054
f 1358/1708/1054 1380/1706/1054 1381/1709/1061
f 1287/1713/1064 1285/1712/1063 1286/1711/1062
f 1285/1712/1063 1287/1713/1064 1288/1677/1055
f 1285/1712/1063 1288/1677/1055 1292/1679/1056
f 1285/1712/1063 1292/1679/1056 1293/1716/1065
f 1285/1712/1063 1293/1716/1065 1284/1717/1054
f 1284/1717/1054 1293/1716/1065 1294/1718/1054
f 1284/1717/1054 1294/1718/1054 1419/1720/1054
f 1419/1720/1054 1294/1718/1054 1295/1721/1054
f 1419/1720/1054 1295/1721/1054 1418/1723/1066
f 1418/1723/1066 1295/1721/1054 1296/1724/1054
f 1373/1728/1054 1371/1727/1054 1372/1726/1054
f 1371/1727/1054 1373/1728/1054 1370/1730/1054
f 1370/1730/1054 1373/1728/1054 1369/1732/1054
f 1369/1732/1054 1373/1728/1054 1374/1682/1054
f 1369/1732/1054 1374/1682/1054 1368/1685/1054
f 1391/1737/1069 1389/1736/1068 1390/1735/1067
f 1389/1736/1068 1391/1737/1069 1388/1739/1070
f 1388/1739/1070 1391/1737/1069 1387/1741/1071
f 1387/1741/1071 1391/1737/1069 1386/1743/1072
f 1299/1747/1073 1297/1746/1054 1298/1745/1054
f 1297/1746/1054 1299/1747/1073 1296/1724/1054
f 1296/1724/1054 1299/1747/1073 1418/1723/1066
f 1418/1723/1066 1299/1747/1073 1417/1751/1074
f 1417/1751/1074 1299/1747/1073 1300/1752/1075
f 1417/1751/1074 1300/1752/1075 1416/1754/1076
f 1416/1754/1076 1300/1752/1075 1302/1755/1054
f 1302/1755/1054 1300/1752/1075 1301/1757/1077
f 1416/1754/1076 1302/1755/1054 1303/1759/1078
f 1416/1754/1076 1303/1759/1078 1410/1760/1079
f 1416/1754/1076 1410/1760/1079 1415/1761/1080
f 1410/1760/1079 1303/1759/1078 1409/1762/1081
f 1409/1762/1081 1303/1759/1078 1408/1764/1054
f 1408/1764/1054 1303/1759/1078 1407/1766/1082
f 1407/1766/1082 1303/1759/1078 1304/1768/1054
f 1407/1766/1082 1304/1768/1054 1406/1770/1083
f 1406/1770/1083 1304/1768/1054 1305/1771/1054
f 1406/1770/1083 1305/1771/1054 1306/1773/1084
f 1406/1770/1083 1306/1773/1084 1307/1774/1085
f 1406/1770/1083 1307/1774/1085 1405/1775/1061
f 1405/1775/1061 1307/1774/1085 1310/1776/1054
f 1310/1776/1054 1307/1774/1085 1308/1778/1054
f 1310/1776/1054 1308/1778/1054 1309/1780/1086
f 1310/1776/1054 1404/1781/1054 1405/1775/1061
f 1404/1781/1054 1310/1776/1054 1311/1782/1054
f 1404/1781/1054 1311/1782/1054 1403/1784/1054
f 1403/1784/1054 1311/1782/1054 1312/1785/1054
f 1403/1784/1054 1312/1785/1054 1402/1787/1087
f 1402/1787/1087 1312/1785/1054 1313/1788/1088
f 1402/1787/1087 1313/1788/1088 1314/1790/1089
f 1402/1787/1087 1314/1790/1089 1401/1791/1090
f 1401/1791/1090 1314/1790/1089 1400/1792/1054
f 1400/1792/1054 1314/1790/1089 1318/1794/1054
f 1318/1794/1054 1314/1790/1089 1315/1796/1054
f 1318/1794/1054 1315/1796/1054 1317/1798/1054
f 1317/1798/1054 1315/1796/1054 1316/1799/1086
f 1319/1802/1054 1336/1801/1054 1318/1794/1054
f 1336/1801/1054 1319/1802/1054 1335/1804/1054
f 1335/1804/1054 1319/1802/1054 1320/1806/1054
f 1335/1804/1054 1320/1806/1054 1334/1808/1054
f 1334/1808/1054 1320/1806/1054 1321/1809/1054
f 1334/1808/1054 1321/1809/1054 1326/1811/1054
f 1326/1811/1054 1321/1809/1054 1325/1812/1054
f 1325/1812/1054 1321/1809/1054 1322/1814/1054
f 1325/1812/1054 1322/1814/1054 1324/1816/1054
f 1324/1816/1054 1322/1814/1054 1323/1817/1077
f 1327/1820/1054 1328/1819/1054 1326/1811/1054
f 1334/1808/1054 1328/1819/1054 1333/1822/1054
f 1328/1819/1054 1334/1808/1054 1326/1811/1054
f 1333/1822/1054 1328/1819/1054 1329/1824/1054
f 1333/1822/1054 1329/1824/1054 1332/1826/1054
f 1332/1826/1054 1329/1824/1054 1330/1827/1054
f 1332/1826/1054 1330/1827/1054 1331/1829/1086
f 1395/1832/1054 1344/1831/1054 1394/1830/1091
f 1344/1831/1054 1395/1832/1054 1343/1834/1054
f 1343/1834/1054 1395/1832/1054 1396/1836/1054
f 1343/1834/1054 1396/1836/1054 1342/1838/1054
f 1342/1838/1054 1396/1836/1054 1397/1839/1054
f 1342/1838/1054 1397/1839/1054 1341/1841/1065
f 1341/1841/1065 1397/1839/1054 1398/1842/1092
f 1341/1841/1065 1398/1842/1092 1340/1844/1093
f 1340/1844/1093 1398/1842/1092 1399/1845/1094
f 1340/1844/1093 1399/1845/1094 1400/1792/1054
f 1340/1844/1093 1400/1792/1054 1336/1801/1054
f 1340/1844/1093 1336/1801/1054 1339/1847/1054
f 1336/1801/1054 1400/1792/1054 1318/1794/1054
f 1339/1847/1054 1336/1801/1054 1337/1848/1054
f 1339/1847/1054 1337/1848/1054 1338/1850/1086
f 1357/1853/1054 1355/1852/1083 1356/1851/1054
f 1355/1852/1083 1357/1853/1054 1358/1708/1054
f 1355/1852/1083 1358/1708/1054 1381/1709/1061
f 1355/1852/1083 1381/1709/1061 1382/1856/1095
f 1355/1852/1083 1382/1856/1095 1354/1857/1096
f 1354/1857/1096 1382/1856/1095 1383/1858/1097
f 1354/1857/1096 1383/1858/1097 1352/1860/1098
f 1354/1857/1096 1352/1860/1098 1353/1861/1086
f 1352/1860/1098 1383/1858/1097 1351/1862/1099
f 1351/1862/1099 1383/1858/1097 1384/1864/1100
f 1351/1862/1099 1384/1864/1100 1350/1866/1101
f 1350/1866/1101 1384/1864/1100 1385/1867/1102
f 1350/1866/1101 1385/1867/1102 1386/1743/1072
f 1350/1866/1101 1386/1743/1072 1392/1869/1103
f 1392/1869/1103 1386/1743/1072 1391/1737/1069
f 1350/1866/1101 1392/1869/1103 1393/1871/1073
f 1350/1866/1101 1393/1871/1073 1349/1872/1054
f 1349/1872/1054 1393/1871/1073 1348/1873/1104
f 1348/1873/1104 1393/1871/1073 1347/1875/1105
f 1347/1875/1105 1393/1871/1073 1394/1830/1091
f 1347/1875/1105 1394/1830/1091 1344/1831/1054
f 1347/1875/1105 1344/1831/1054 1346/1878/1054
f 1346/1878/1054 1344/1831/1054 1345/1879/1077
f 1415/1761/1080 1411/1882/1107 1414/1881/1106
f 1411/1882/1107 1415/1761/1080 1410/1760/1079
f 1414/1881/1106 1411/1882/1107 1412/1885/1108
f 1414/1881/1106 1412/1885/1108 1413/1887/1109
f 1245/1671/1053 1452/1888/1110 1246/1669/1052
f 1452/1888/1110 1245/1671/1053 1420/1890/973
f 1452/1888/1110 1420/1890/973 1451/1892/973
f 1451/1892/973 1420/1890/973 1425/1893/973
f 1425/1893/973 1420/1890/973 1424/1895/973
f 1424/1895/973 1420/1890/973 1421/1897/1111
f 1424/1895/973 1421/1897/1111 1423/1899/1112
f 1423/1899/1112 1421/1897/1111 1422/1900/1113
f 1426/1903/973 1427/1902/973 1425/1893/973
f 1443/1905/985 1173/1606/973 1283/1603/1020
f 1173/1606/973 1443/1905/985 1442/1907/984
f 1442/1907/984 1443/1905/985 1444/1909/1114
f 1442/1907/984 1444/1909/1114 1441/1911/1115
f 1441/1911/1115 1444/1909/1114 1445/1912/1116
f 1441/1911/1115 1445/1912/1116 1440/1914/1117
f 1440/1914/1117 1445/1912/1116 1446/1915/1118
f 1440/1914/1117 1446/1915/1118 1439/1917/1119
f 1439/1917/1119 1446/1915/1118 1435/1918/1120
f 1435/1918/1120 1446/1915/1118 1447/1920/973
f 1435/1918/1120 1447/1920/973 1434/1922/1121
f 1434/1922/1121 1447/1920/973 1448/1923/1122
f 1434/1922/1121 1448/1923/1122 1449/1925/1123
f 1434/1922/1121 1449/1925/1123 1433/1926/1124
f 1433/1926/1124 1449/1925/1123 1450/1927/1125
f 1433/1926/1124 1450/1927/1125 1432/1929/973
f 1432/1929/973 1450/1927/1125 1451/1892/973
f 1432/1929/973 1451/1892/973 1427/1902/973
f 1427/1902/973 1451/1892/973 1425/1893/973
f 1432/1929/973 1427/1902/973 1428/1932/973
f 1432/1929/973 1428/1932/973 1431/1933/1126
f 1431/1933/1126 1428/1932/973 1429/1934/1127
f 1431/1933/1126 1429/1934/1127 1430/1936/1128
f 1435/1918/1120 1438/1937/1129 1439/1917/1119
f 1438/1937/1129 1435/1918/1120 1436/1938/1130
f 1438/1937/1129 1436/1938/1130 1437/1940/1131
f 1463/1943/973 1461/1942/973 1462/1941/973
f 1461/1942/973 1463/1943/973 1460/1945/973
f 1460/1945/973 1463/1943/973 1457/1947/973
f 1457/1947/973 1463/1943/973 1456/1949/973
f 1456/1949/973 1463/1943/973 1455/1951/973
f 1455/1951/973 1463/1943/973 1464/1953/973
f 1455/1951/973 1464/1953/973 1454/1955/973
f 1454/1955/973 1464/1953/973 1453/1956/973
f 1459/1959/973 1457/1947/973 1458/1958/973
f 1457/1947/973 1459/1959/973 1460/1945/973
f 261/289/170 1062/1398/873 1061/1399/874
f 1062/1398/873 261/289/170 696/850/547
f 696/850/547 260/290/171 695/848/546
f 260/290/171 696/850/547 261/289/170
f 269/302/178 273/305/180 272/306/181
f 273/305/180 269/302/178 270/304/179
f 273/305/180 270/304/179 1045/1377/858
f 1045/1377/858 270/304/179 1046/1379/859
f 276/312/185 278/314/187 275/310/184
f 278/314/187 276/312/185 279/313/186
f 279/313/186 276/312/185 1034/1363/848
f 279/313/186 1034/1363/848 1033/1364/849
f 295/335/201 1052/1386/865 1051/1387/866
f 1052/1386/865 295/335/201 292/334/200
f 291/332/199 295/335/201 294/336/202
f 295/335/201 291/332/199 292/334/200
f 301/346/209 1466/1359/1133 1467/1972/1132
f 1466/1359/1133 301/346/209 302/348/210
f 1466/1359/1133 302/348/210 1465/1358/1134
f 1465/1358/1134 302/348/210 1468/1973/1135
f 308/356/216 310/358/218 307/354/215
f 310/358/218 308/356/216 311/357/217
f 311/357/217 308/356/216 1038/1368/852
f 311/357/217 1038/1368/852 1037/1369/853
f 1486/1949/1138 1484/1979/1137 1485/1978/1136
f 1484/1979/1137 1486/1949/1138 1487/1951/1139
f 1484/1979/1137 1487/1951/1139 1488/1981/1140
f 1484/1979/1137 1488/1981/1140 1489/1982/1141
f 1484/1979/1137 1489/1982/1141 1490/1983/1142
f 1484/1979/1137 1490/1983/1142 1483/1984/1143
f 1483/1984/1143 1490/1983/1142 1482/1985/1144
f 1482/1985/1144 1490/1983/1142 1491/1987/1145
f 1482/1985/1144 1491/1987/1145 1481/1989/1146
f 1481/1989/1146 1491/1987/1145 1492/1990/1147
f 1481/1989/1146 1492/1990/1147 1480/1992/1148
f 1480/1992/1148 1492/1990/1147 1493/1993/1149
f 1480/1992/1148 1493/1993/1149 1479/1995/1150
f 1479/1995/1150 1493/1993/1149 1494/1996/1151
f 1479/1995/1150 1494/1996/1151 1478/1998/1152
f 1478/1998/1152 1494/1996/1151 1477/1999/1153
f 1477/1999/1153 1494/1996/1151 1495/2001/1154
f 1477/1999/1153 1495/2001/1154 1476/2003/1155
f 1476/2003/1155 1495/2001/1154 1475/2004/1156
f 1475/2004/1156 1495/2001/1154 1471/2006/1157
f 1471/2006/1157 1495/2001/1154 1470/2008/1054
f 1470/2008/1054 1495/2001/1154 1496/2010/1054
f 1470/2008/1054 1496/2010/1054 1469/2012/1054
f 1469/2012/1054 1496/2010/1054 1497/2013/1054
f 1469/2012/1054 1497/2013/1054 1502/2015/1054
f 1502/2015/1054 1497/2013/1054 1498/2016/1054
f 1502/2015/1054 1498/2016/1054 1501/2018/1054
f 1501/2018/1054 1498/2016/1054 1499/2019/1054
f 1501/2018/1054 1499/2019/1054 1500/2021/1086
f 1473/2023/1159 1471/2006/1157 1472/2022/1158
f 1471/2006/1157 1473/2023/1159 1474/2025/1160
f 1471/2006/1157 1474/2025/1160 1475/2004/1156
f 1514/2028/973 1512/2027/973 1513/2026/1161
f 1512/2027/973 1514/2028/973 1515/2030/973
f 1512/2027/973 1515/2030/973 1511/2032/973
f 1511/2032/973 1515/2030/973 1516/2033/973
f 1511/2032/973 1516/2033/973 1510/2035/973
f 1510/2035/973 1516/2033/973 1517/2036/973
f 1510/2035/973 1517/2036/973 1509/2038/973
f 1509/2038/973 1517/2036/973 1518/2039/973
f 1509/2038/973 1518/2039/973 1508/2041/973
f 1508/2041/973 1518/2039/973 1534/2042/973
f 1534/2042/973 1518/2039/973 1519/2044/973
f 1534/2042/973 1519/2044/973 1533/2046/973
f 1533/2046/973 1519/2044/973 1532/2047/973
f 1532/2047/973 1519/2044/973 1520/2049/973
f 1532/2047/973 1520/2049/973 1531/2051/973
f 1531/2051/973 1520/2049/973 1530/2052/973
f 1530/2052/973 1520/2049/973 1521/2054/973
f 1530/2052/973 1521/2054/973 1529/2056/973
f 1529/2056/973 1521/2054/973 1522/2057/973
f 1529/2056/973 1522/2057/973 1528/2059/973
f 1528/2059/973 1522/2057/973 1523/2060/973
f 1528/2059/973 1523/2060/973 1527/2062/973
f 1527/2062/973 1523/2060/973 1462/1941/973
f 1462/1941/973 1523/2060/973 1524/2064/973
f 1462/1941/973 1524/2064/973 1463/1943/973
f 1463/1943/973 1524/2064/973 1525/2066/973
f 1463/1943/973 1525/2066/973 1526/2067/1022
f 1508/2041/973 1535/2069/973 1507/2068/973
f 1535/2069/973 1508/2041/973 1534/2042/973
f 1507/2068/973 1535/2069/973 1536/2071/973
f 1507/2068/973 1536/2071/973 1537/2073/973
f 1507/2068/973 1537/2073/973 1506/2074/973
f 1506/2074/973 1537/2073/973 1538/2075/973
f 1506/2074/973 1538/2075/973 1539/2077/973
f 1506/2074/973 1539/2077/973 1505/2078/973
f 1505/2078/973 1539/2077/973 1540/2079/973
f 1505/2078/973 1540/2079/973 1504/2081/973
f 1504/2081/973 1540/2079/973 1541/2082/973
f 1504/2081/973 1541/2082/973 1503/2084/973
f 1503/2084/973 1541/2082/973 1458/1958/973
f 1503/2084/973 1458/1958/973 1542/2086/973
f 1542/2086/973 1458/1958/973 1457/1947/973
f 1594/2090/1163 1580/2089/1162 1593/2088/973
f 1580/2089/1162 1594/2090/1163 1579/2092/1164
f 1579/2092/1164 1594/2090/1163 1578/2094/1165
f 1578/2094/1165 1594/2090/1163 1595/2096/1166
f 1578/2094/1165 1595/2096/1166 1577/2098/1167
f 1577/2098/1167 1595/2096/1166 1596/2099/1168
f 1577/2098/1167 1596/2099/1168 1576/2101/1169
f 1576/2101/1169 1596/2099/1168 1597/2102/1170
f 1576/2101/1169 1597/2102/1170 1598/2104/1171
f 1576/2101/1169 1598/2104/1171 1575/2105/1172
f 1575/2105/1172 1598/2104/1171 1599/2106/1173
f 1575/2105/1172 1599/2106/1173 1574/2108/1174
f 1574/2108/1174 1599/2106/1173 1543/2109/1175
f 1574/2108/1174 1543/2109/1175 1544/2111/1176
f 1574/2108/1174 1544/2111/1176 1573/2112/1177
f 1573/2112/1177 1544/2111/1176 1545/2113/973
f 1573/2112/1177 1545/2113/973 1546/2115/1178
f 1573/2112/1177 1546/2115/1178 1572/2116/1179
f 1572/2116/1179 1546/2115/1178 1547/2117/1180
f 1572/2116/1179 1547/2117/1180 1571/2119/1181
f 1571/2119/1181 1547/2117/1180 1548/2120/1182
f 1571/2119/1181 1548/2120/1182 1549/2122/1183
f 1571/2119/1181 1549/2122/1183 1570/2123/1184
f 1570/2123/1184 1549/2122/1183 1550/2124/1185
f 1570/2123/1184 1550/2124/1185 1569/2126/1186
f 1569/2126/1186 1550/2124/1185 1551/2127/1187
f 1569/2126/1186 1551/2127/1187 1568/2129/1188
f 1568/2129/1188 1551/2127/1187 1552/2130/1189
f 1568/2129/1188 1552/2130/1189 1553/2132/1190
f 1568/2129/1188 1553/2132/1190 1567/2133/1191
f 1567/2133/1191 1553/2132/1190 1554/2134/1192
f 1567/2133/1191 1554/2134/1192 1566/2136/1193
f 1565/2139/1196 1561/2138/1195 1564/2137/1194
f 1561/2138/1195 1565/2139/1196 1566/2136/1193
f 1564/2137/1194 1561/2138/1195 1562/2142/1197
f 1564/2137/1194 1562/2142/1197 1563/2144/1198
f 1561/2138/1195 1566/2136/1193 1560/2145/1199
f 1560/2145/1199 1566/2136/1193 1559/2146/1200
f 1559/2146/1200 1566/2136/1193 1558/2148/1201
f 1558/2148/1201 1566/2136/1193 1557/2150/1202
f 1557/2150/1202 1566/2136/1193 1554/2134/1192
f 1557/2150/1202 1554/2134/1192 1555/2153/1203
f 1557/2150/1202 1555/2153/1203 1556/2154/1204
f 1591/2157/1207 1589/2156/1206 1590/2155/1205
f 1589/2156/1206 1591/2157/1207 1580/2089/1162
f 1580/2089/1162 1591/2157/1207 1592/2160/973
f 1580/2089/1162 1592/2160/973 1593/2088/973
f 1589/2156/1206 1580/2089/1162 1588/2161/1208
f 1588/2161/1208 1580/2089/1162 1587/2162/1209
f 1587/2162/1209 1580/2089/1162 1586/2164/1210
f 1586/2164/1210 1580/2089/1162 1581/2166/1211
f 1586/2164/1210 1581/2166/1211 1585/2168/1212
f 1585/2168/1212 1581/2166/1211 1584/2169/1213
f 1584/2169/1213 1581/2166/1211 1583/2171/1214
f 1583/2171/1214 1581/2166/1211 1582/2173/1215
f 1601/2177/1054 1606/2176/1054 1600/2175/1054
f 1606/2176/1054 1601/2177/1054 1602/2179/1054
f 1606/2176/1054 1602/2179/1054 1603/2181/1054
f 1606/2176/1054 1603/2181/1054 1605/2182/1054
f 1605/2182/1054 1603/2181/1054 1286/1711/1062
f 1605/2182/1054 1376/1683/1054 1375/1681/1054
f 1376/1683/1054 1605/2182/1054 1286/1711/1062
f 1376/1683/1054 1286/1711/1062 1604/2184/1216
f 1604/2184/1216 1286/1711/1062 1285/1712/1063
f 1633/2188/973 1631/2187/1217 1632/2186/1161
f 1631/2187/1217 1633/2188/973 1634/2190/1218
f 1631/2187/1217 1634/2190/1218 1630/2192/1218
f 1630/2192/1218 1634/2190/1218 1635/2193/1219
f 1630/2192/1218 1635/2193/1219 1629/2195/1220
f 1629/2195/1220 1635/2193/1219 1636/2196/1221
f 1629/2195/1220 1636/2196/1221 1655/2198/1222
f 1655/2198/1222 1636/2196/1221 1654/2199/1223
f 1654/2199/1223 1636/2196/1221 1653/2201/1224
f 1653/2201/1224 1636/2196/1221 1637/2203/1225
f 1653/2201/1224 1637/2203/1225 1652/2205/1226
f 1652/2205/1226 1637/2203/1225 1651/2206/1227
f 1651/2206/1227 1637/2203/1225 1638/2208/1228
f 1651/2206/1227 1638/2208/1228 1650/2210/1229
f 1650/2210/1229 1638/2208/1228 1639/2211/1230
f 1650/2210/1229 1639/2211/1230 1649/2213/1231
f 1649/2213/1231 1639/2211/1230 1648/2214/1232
f 1648/2214/1232 1639/2211/1230 1640/2216/1233
f 1648/2214/1232 1640/2216/1233 1647/2218/1234
f 1647/2218/1234 1640/2216/1233 1641/2219/1235
f 1647/2218/1234 1641/2219/1235 1646/2221/1236
f 1646/2221/1236 1641/2219/1235 1642/2222/1237
f 1646/2221/1236 1642/2222/1237 1645/2224/1238
f 1645/2224/1238 1642/2222/1237 1643/2225/1239
f 1645/2224/1238 1643/2225/1239 1644/2227/1240
f 1611/2230/1243 1614/2229/1242 1610/2228/1241
f 1614/2229/1242 1611/2230/1243 1613/2232/1244
f 1613/2232/1244 1611/2230/1243 1612/2234/1245
f 1655/2198/1222 1628/2236/1246 1629/2195/1220
f 1628/2236/1246 1655/2198/1222 1656/2237/1247
f 1628/2236/1246 1656/2237/1247 1657/2239/1248
f 1628/2236/1246 1657/2239/1248 1627/2240/1249
f 1627/2240/1249 1657/2239/1248 1658/2241/1250
f 1627/2240/1249 1658/2241/1250 1659/2243/1251
f 1627/2240/1249 1659/2243/1251 1626/2244/1252
f 1626/2244/1252 1659/2243/1251 1660/2245/1253
f 1626/2244/1252 1660/2245/1253 1625/2247/1254
f 1625/2247/1254 1660/2245/1253 1661/2248/1255
f 1625/2247/1254 1661/2248/1255 1662/2250/1256
f 1625/2247/1254 1662/2250/1256 1624/2251/1257
f 1624/2251/1257 1662/2250/1256 1663/2252/1258
f 1624/2251/1257 1663/2252/1258 1623/2254/1259
f 1623/2254/1259 1663/2252/1258 1607/2255/1260
f 1623/2254/1259 1607/2255/1260 1622/2257/1261
f 1622/2257/1261 1607/2255/1260 1608/2258/1262
f 1622/2257/1261 1608/2258/1262 1621/2260/1263
f 1621/2260/1263 1608/2258/1262 1609/2261/1264
f 1621/2260/1263 1609/2261/1264 1620/2263/1265
f 1620/2263/1265 1609/2261/1264 1615/2264/1266
f 1615/2264/1266 1609/2261/1264 1610/2228/1241
f 1615/2264/1266 1610/2228/1241 1614/2229/1242
f 1620/2263/1265 1615/2264/1266 1616/2267/1267
f 1620/2263/1265 1616/2267/1267 1617/2268/1268
f 1620/2263/1265 1617/2268/1268 1618/2269/1269
f 1620/2263/1265 1618/2269/1269 1619/2270/1270
f 1705/2273/1273 1703/2272/1272 1704/2271/1271
f 1703/2272/1272 1705/2273/1273 1706/2275/1274
f 1703/2272/1272 1706/2275/1274 1707/2277/1275
f 1703/2272/1272 1707/2277/1275 1702/2278/1276
f 1702/2278/1276 1707/2277/1275 1708/2279/1277
f 1702/2278/1276 1708/2279/1277 1701/2281/1278
f 1701/2281/1278 1708/2279/1277 1700/2282/1279
f 1700/2282/1279 1708/2279/1277 1709/2284/1280
f 1700/2282/1279 1709/2284/1280 1699/2286/1281
f 1699/2286/1281 1709/2284/1280 1710/2287/1282
f 1699/2286/1281 1710/2287/1282 1698/2289/1283
f 1698/2289/1283 1710/2287/1282 1697/2290/1284
f 1697/2290/1284 1710/2287/1282 1711/2292/1285
f 1697/2290/1284 1711/2292/1285 1712/2294/1286
f 1697/2290/1284 1712/2294/1286 1696/2295/1287
f 1696/2295/1287 1712/2294/1286 1713/2296/1288
f 1696/2295/1287 1713/2296/1288 1695/2298/1289
f 1695/2298/1289 1713/2296/1288 1714/2299/1290
f 1695/2298/1289 1714/2299/1290 1694/2301/1291
f 1694/2301/1291 1714/2299/1290 1715/2302/1292
f 1694/2301/1291 1715/2302/1292 1693/2304/1293
f 1693/2304/1293 1715/2302/1292 1692/2305/1294
f 1692/2305/1294 1715/2302/1292 1716/2307/1295
f 1692/2305/1294 1716/2307/1295 1691/2309/1296
f 1691/2309/1296 1716/2307/1295 1717/2310/1297
f 1691/2309/1296 1717/2310/1297 1690/2312/1298
f 1690/2312/1298 1717/2310/1297 1718/2313/1299
f 1690/2312/1298 1718/2313/1299 1689/2315/1300
f 1689/2315/1300 1718/2313/1299 1664/2316/1301
f 1689/2315/1300 1664/2316/1301 1688/2318/1302
f 1688/2318/1302 1664/2316/1301 1665/2319/1303
f 1688/2318/1302 1665/2319/1303 1687/2321/1304
f 1687/2321/1304 1665/2319/1303 1666/2322/1305
f 1687/2321/1304 1666/2322/1305 1686/2324/1306
f 1686/2324/1306 1666/2322/1305 1667/2325/1307
f 1686/2324/1306 1667/2325/1307 1685/2327/1308
f 1685/2327/1308 1667/2325/1307 1668/2328/1309
f 1685/2327/1308 1668/2328/1309 1684/2330/1310
f 1684/2330/1310 1668/2328/1309 1683/2331/1311
f 1683/2331/1311 1668/2328/1309 1669/2333/1312
f 1683/2331/1311 1669/2333/1312 1674/2335/1313
f 1674/2335/1313 1669/2333/1312 1673/2336/1314
f 1673/2336/1314 1669/2333/1312 1670/2338/1315
f 1673/2336/1314 1670/2338/1315 1671/2340/1054
f 1673/2336/1314 1671/2340/1054 1672/2341/1086
f 1682/2344/1318 1678/2343/1317 1681/2342/1316
f 1678/2343/1317 1682/2344/1318 1683/2331/1311
f 1681/2342/1316 1678/2343/1317 1679/2347/1319
f 1681/2342/1316 1679/2347/1319 1680/2349/1320
f 1678/2343/1317 1683/2331/1311 1677/2350/1321
f 1677/2350/1321 1683/2331/1311 1676/2351/1322
f 1676/2351/1322 1683/2331/1311 1675/2353/1323
f 1675/2353/1323 1683/2331/1311 1674/2335/1313
f 1719/2357/1325 1721/2356/1324 1674/2335/1313
f 1721/2356/1324 1719/2357/1325 1681/2342/1316
f 1721/2356/1324 1681/2342/1316 1720/2360/1326
f 1720/2360/1326 1681/2342/1316 1680/2349/1320
f 1674/2335/1313 1721/2356/1324 1722/2362/1327
f 1674/2335/1313 1722/2362/1327 1723/2363/1328
f 1674/2335/1313 1723/2363/1328 1675/2353/1323
f 1739/2364/1329 1644/2227/1240 1643/2225/1239
f 1644/2227/1240 1739/2364/1329 1738/2366/1330
f 1738/2366/1330 1739/2364/1329 1737/2368/1331
f 1737/2368/1331 1739/2364/1329 1740/2370/1332
f 1737/2368/1331 1740/2370/1332 1736/2372/1333
f 1736/2372/1333 1740/2370/1332 1735/2373/1334
f 1735/2373/1335 1740/2370/1335 1729/2375/1335
f 1735/2373/1338 1729/2375/1337 1730/2377/1336
f 1729/2375/1341 1740/2370/1340 1728/2378/1339
f 1728/2378/1339 1740/2370/1340 1741/2380/1342
f 1728/2378/1339 1741/2380/1342 1727/2382/1343
f 1727/2382/1343 1741/2380/1342 1742/2383/1344
f 1727/2382/1343 1742/2383/1344 1726/2385/1345
f 1726/2385/1345 1742/2383/1344 1743/2386/1346
f 1726/2385/1345 1743/2386/1346 1725/2388/1347
f 1725/2388/1347 1743/2386/1346 1744/2389/1348
f 1725/2388/1347 1744/2389/1348 1724/2391/1349
f 1724/2391/1349 1744/2389/1348 1745/2392/1350
f 1724/2391/1349 1745/2392/1350 1777/2394/1351
f 1777/2394/1351 1745/2392/1350 1776/2395/1352
f 1776/2395/1352 1745/2392/1350 1746/2397/1353
f 1776/2395/1352 1746/2397/1353 1775/2399/1354
f 1775/2399/1354 1746/2397/1353 1747/2400/1355
f 1775/2399/1354 1747/2400/1355 1774/2402/1356
f 1774/2402/1356 1747/2400/1355 1773/2403/1357
f 1773/2403/1357 1747/2400/1355 1748/2405/1358
f 1773/2403/1357 1748/2405/1358 1772/2407/1359
f 1762/2408/1360 1619/2270/1270 1618/2269/1269
f 1619/2270/1270 1762/2408/1360 1761/2410/1361
f 1761/2410/1361 1762/2408/1360 1763/2412/1362
f 1761/2410/1361 1763/2412/1362 1760/2414/1363
f 1760/2414/1363 1763/2412/1362 1764/2415/1364
f 1760/2414/1363 1764/2415/1364 1759/2417/1365
f 1759/2417/1365 1764/2415/1364 1765/2418/1366
f 1759/2417/1365 1765/2418/1366 1758/2420/1367
f 1758/2420/1367 1765/2418/1366 1766/2421/1368
f 1758/2420/1367 1766/2421/1368 1757/2423/1369
f 1757/2423/1369 1766/2421/1368 1767/2424/1370
f 1757/2423/1369 1767/2424/1370 1768/2426/1371
f 1757/2423/1369 1768/2426/1371 1756/2427/1372
f 1756/2427/1372 1768/2426/1371 1769/2428/1373
f 1756/2427/1372 1769/2428/1373 1755/2430/1374
f 1755/2430/1374 1769/2428/1373 1770/2431/1375
f 1755/2430/1374 1770/2431/1375 1771/2433/1376
f 1755/2430/1374 1771/2433/1376 1754/2434/1377
f 1754/2434/1377 1771/2433/1376 1772/2407/1359
f 1754/2434/1377 1772/2407/1359 1748/2405/1358
f 1754/2434/1377 1748/2405/1358 1749/2436/1378
f 1754/2434/1377 1749/2436/1378 1753/2437/1378
f 1753/2437/1378 1749/2436/1378 1750/2438/1379
f 1753/2437/1378 1750/2438/1379 1752/2440/973
f 1752/2440/973 1750/2438/1379 1751/2441/973
f 1733/2445/1382 1731/2444/1381 1732/2443/1380
f 1731/2444/1381 1733/2445/1382 1730/2377/1336
f 1730/2377/1336 1733/2445/1382 1734/2448/1383
f 1730/2377/1336 1734/2448/1383 1735/2373/1338
f 1779/2452/973 1785/2451/973 1778/2450/973
f 1785/2451/973 1779/2452/973 1784/2454/973
f 1784/2454/973 1779/2452/973 1780/2456/1384
f 1784/2454/973 1780/2456/1384 1783/2458/1385
f 1783/2458/1385 1780/2456/1384 1781/2459/1385
f 1783/2458/1385 1781/2459/1385 1782/2461/1386
f 1589/2156/1206 1806/2462/1387 1590/2155/1205
f 1806/2462/1387 1589/2156/1206 1813/2463/1388
f 1806/2462/1387 1813/2463/1388 1805/2465/973
f 1805/2465/973 1813/2463/1388 1804/2466/973
f 1813/2463/1388 1589/2156/1206 1807/2468/1389
f 1813/2463/1388 1807/2468/1389 1808/2470/1390
f 1813/2463/1388 1808/2470/1390 1809/2471/1391
f 1813/2463/1388 1809/2471/1391 1812/2472/1392
f 1812/2472/1392 1809/2471/1391 1810/2473/1393
f 1812/2472/1392 1810/2473/1393 1811/2475/1394
f 1812/2472/1392 1811/2475/1394 1583/2171/1214
f 1812/2472/1392 1583/2171/1214 1582/2173/1215
f 1828/2478/1397 1830/2477/1396 1827/2476/1395
f 1830/2477/1396 1828/2478/1397 1564/2137/1194
f 1830/2477/1396 1564/2137/1194 1829/2481/1398
f 1829/2481/1398 1564/2137/1194 1563/2144/1198
f 1827/2476/1395 1830/2477/1396 1831/2483/1399
f 1827/2476/1395 1831/2483/1399 1832/2485/1400
f 1827/2476/1395 1832/2485/1400 1558/2148/1201
f 1827/2476/1395 1558/2148/1201 1557/2150/1202
f 1827/2476/1395 1557/2150/1202 1786/2486/1401
f 1786/2486/1401 1557/2150/1202 1834/2487/1402
f 1834/2487/1402 1557/2150/1202 1833/2489/1403
f 1813/2463/1388 1803/2491/1404 1804/2466/973
f 1803/2491/1404 1813/2463/1388 1814/2492/1405
f 1803/2491/1404 1814/2492/1405 1815/2494/1406
f 1803/2491/1404 1815/2494/1406 1802/2495/1407
f 1802/2495/1407 1815/2494/1406 1816/2496/1408
f 1802/2495/1407 1816/2496/1408 1801/2498/1409
f 1801/2498/1409 1816/2496/1408 1800/2499/1410
f 1800/2499/1410 1816/2496/1408 1817/2501/1411
f 1800/2499/1410 1817/2501/1411 1799/2503/1412
f 1799/2503/1412 1817/2501/1411 1818/2504/1413
f 1799/2503/1412 1818/2504/1413 1798/2506/1414
f 1798/2506/1414 1818/2504/1413 1819/2507/1415
f 1798/2506/1414 1819/2507/1415 1797/2509/1416
f 1797/2509/1416 1819/2507/1415 1796/2510/1417
f 1796/2510/1417 1819/2507/1415 1820/2512/1418
f 1796/2510/1417 1820/2512/1418 1795/2514/1419
f 1795/2514/1419 1820/2512/1418 1821/2515/1420
f 1795/2514/1419 1821/2515/1420 1794/2517/1421
f 1794/2517/1421 1821/2515/1420 1793/2518/1422
f 1793/2518/1422 1821/2515/1420 1822/2520/1423
f 1793/2518/1422 1822/2520/1423 1792/2522/1424
f 1792/2522/1424 1822/2520/1423 1791/2523/1425
f 1791/2523/1425 1822/2520/1423 1823/2525/1426
f 1791/2523/1425 1823/2525/1426 1790/2527/1427
f 1790/2527/1427 1823/2525/1426 1824/2528/1428
f 1790/2527/1427 1824/2528/1428 1789/2530/973
f 1789/2530/973 1824/2528/1428 1788/2531/1429
f 1788/2531/1429 1824/2528/1428 1825/2533/1430
f 1788/2531/1429 1825/2533/1430 1787/2535/1431
f 1787/2535/1431 1825/2533/1430 1826/2536/1432
f 1787/2535/1431 1826/2536/1432 1786/2486/1401
f 1786/2486/1401 1826/2536/1432 1827/2476/1395
f 1644/2227/1240 1838/2539/1434 1836/2538/1433
f 1838/2539/1434 1644/2227/1240 1837/2540/1435
f 1837/2540/1435 1644/2227/1240 1738/2366/1330
f 1836/2538/1433 1839/2543/1436 1731/2444/1381
f 1839/2543/1436 1836/2538/1433 1838/2539/1434
f 1731/2444/1381 1839/2543/1436 1835/2546/1437
f 1731/2444/1381 1835/2546/1437 1732/2443/1380
f 1845/2549/1440 1841/2548/1439 1842/2547/1438
f 1841/2548/1439 1845/2549/1440 1390/1735/1067
f 1841/2548/1439 1390/1735/1067 1840/2552/1441
f 1840/2552/1441 1390/1735/1067 1389/1736/1068
f 1383/1858/1097 1844/2554/1442 1384/1864/1100
f 1844/2554/1442 1383/1858/1097 1843/2556/1443
f 1843/2556/1443 1383/1858/1097 1842/2547/1438
f 1842/2547/1438 1383/1858/1097 1845/2549/1440
f 1703/2272/1272 1851/2561/1445 1852/2560/1444
f 1851/2561/1445 1703/2272/1272 1850/2562/1446
f 1850/2562/1446 1703/2272/1272 1849/2564/1447
f 1849/2564/1447 1703/2272/1272 1853/2566/1448
f 1849/2564/1447 1853/2566/1448 1848/2568/1449
f 1848/2568/1449 1853/2566/1448 1847/2569/1450
f 1847/2569/1450 1853/2566/1448 1846/2571/1451
f 1846/2571/1451 1853/2566/1448 1854/2573/1054
f 1407/1766/1082 1856/2575/1054 1408/1764/1054
f 1856/2575/1054 1407/1766/1082 1855/2576/1452
f 1855/2576/1452 1407/1766/1082 1860/2578/1453
f 1860/2578/1453 1407/1766/1082 1857/2580/1454
f 1858/2582/1455 1414/1881/1106 1413/1887/1109
f 1414/1881/1106 1858/2582/1455 1857/2580/1454
f 1857/2580/1454 1858/2582/1455 1859/2584/1456
f 1857/2580/1454 1859/2584/1456 1860/2578/1453
f 1862/2586/1457 1612/2234/1245 1611/2230/1243
f 1612/2234/1245 1862/2586/1457 1861/2588/1458
f 1861/2588/1458 1862/2586/1457 1865/2590/1459
f 1863/2592/1460 1618/2269/1269 1617/2268/1268
f 1618/2269/1269 1863/2592/1460 1864/2594/1461
f 1618/2269/1269 1864/2594/1461 1865/2590/1459
f 1618/2269/1269 1865/2590/1459 1862/2586/1457
f 1852/2560/1444 1880/2596/1462 1703/2272/1272
f 1880/2596/1462 1852/2560/1444 1875/2598/1463
f 1880/2596/1462 1875/2598/1463 1876/2600/1464
f 1880/2596/1462 1876/2600/1464 1879/2601/1465
f 1879/2601/1465 1876/2600/1464 1877/2602/1466
f 1879/2601/1465 1877/2602/1466 1878/2604/1467
f 1879/2601/1465 1878/2604/1467 1846/2571/1451
f 1879/2601/1465 1846/2571/1451 1854/2573/1054
f 1704/2271/1271 1873/2606/1468 1874/2605/1054
f 1873/2606/1468 1704/2271/1271 1703/2272/1272
f 1873/2606/1468 1703/2272/1272 1872/2609/1469
f 1872/2609/1469 1703/2272/1272 1871/2610/1470
f 1871/2610/1470 1703/2272/1272 1880/2596/1462
f 1871/2610/1470 1880/2596/1462 1870/2613/1471
f 1870/2613/1471 1880/2596/1462 1881/2614/1472
f 1870/2613/1471 1881/2614/1472 1869/2616/1473
f 1869/2616/1473 1881/2614/1472 1882/2617/1474
f 1869/2616/1473 1882/2617/1474 1883/2619/1475
f 1869/2616/1473 1883/2619/1475 1868/2620/1476
f 1868/2620/1476 1883/2619/1475 1884/2621/1477
f 1868/2620/1476 1884/2621/1477 1867/2623/1478
f 1867/2623/1478 1884/2621/1477 1885/2624/1479
f 1867/2623/1478 1885/2624/1479 1866/2626/1480
f 1866/2626/1480 1885/2624/1479 1886/2627/1481
f 1866/2626/1480 1886/2627/1481 1913/2629/1482
f 1913/2629/1482 1886/2627/1481 1887/2630/1483
f 1913/2629/1482 1887/2630/1483 1912/2632/1484
f 1912/2632/1484 1887/2630/1483 1888/2633/1485
f 1912/2632/1484 1888/2633/1485 1911/2635/1486
f 1911/2635/1486 1888/2633/1485 1889/2636/1487
f 1911/2635/1486 1889/2636/1487 1910/2638/1488
f 1910/2638/1488 1889/2636/1487 1890/2639/1489
f 1910/2638/1488 1890/2639/1489 1891/2641/1490
f 1910/2638/1488 1891/2641/1490 1909/2642/1491
f 1909/2642/1491 1891/2641/1490 1892/2643/1492
f 1909/2642/1491 1892/2643/1492 1908/2645/1493
f 1908/2645/1493 1892/2643/1492 1893/2646/1494
f 1908/2645/1493 1893/2646/1494 1907/2648/1495
f 1907/2648/1495 1893/2646/1494 1894/2649/1496
f 1907/2648/1495 1894/2649/1496 1906/2651/1497
f 1906/2651/1497 1894/2649/1496 1895/2652/1498
f 1906/2651/1497 1895/2652/1498 1905/2654/1499
f 1905/2654/1499 1895/2652/1498 1904/2655/1500
f 1904/2655/1500 1895/2652/1498 1896/2657/1501
f 1904/2655/1500 1896/2657/1501 1897/2659/1502
f 1904/2655/1500 1897/2659/1502 1903/2660/1503
f 1903/2660/1503 1897/2659/1502 1898/2661/1504
f 1903/2660/1503 1898/2661/1504 1902/2663/1505
f 1902/2663/1505 1898/2661/1504 1899/2664/1506
f 1902/2663/1505 1899/2664/1506 1674/2335/1313
f 1902/2663/1505 1674/2335/1313 1901/2666/1507
f 1901/2666/1507 1674/2335/1313 1673/2336/1314
f 1901/2666/1507 1673/2336/1314 1900/2668/1508
f 1485/1978/1136 1919/2670/1054 1920/2669/1054
f 1919/2670/1054 1485/1978/1136 1918/2672/1509
f 1918/2672/1509 1485/1978/1136 1484/1979/1137
f 1918/2672/1509 1484/1979/1137 1917/2675/1510
f 1917/2675/1510 1484/1979/1137 1916/2676/1511
f 1916/2676/1511 1484/1979/1137 1921/2678/1512
f 1916/2676/1511 1921/2678/1512 1915/2680/1513
f 1921/2678/1512 1914/2681/1514 1915/2680/1513
f 1914/2681/1514 1921/2678/1512 1922/2683/1515
f 1914/2681/1514 1922/2683/1515 1923/2685/1516
f 1914/2681/1514 1923/2685/1516 1924/2686/1517
f 1914/2681/1514 1924/2686/1517 1930/2687/1518
f 1930/2687/1518 1924/2686/1517 1925/2688/1519
f 1930/2687/1518 1925/2688/1519 1929/2690/1520
f 1929/2690/1520 1925/2688/1519 1926/2691/1521
f 1929/2690/1520 1926/2691/1521 1928/2693/1522
f 1928/2693/1522 1926/2691/1521 1472/2022/1158
f 1928/2693/1522 1472/2022/1158 1927/2695/1523
f 1927/2695/1523 1472/2022/1158 1471/2006/1157
f 1971/2699/973 1969/2698/973 1970/2697/1161
f 1969/2698/973 1971/2699/973 1972/2701/973
f 1969/2698/973 1972/2701/973 1968/2703/973
f 1968/2703/973 1972/2701/973 1967/2704/973
f 1967/2704/973 1972/2701/973 1973/2706/973
f 1967/2704/973 1973/2706/973 1943/2708/973
f 1943/2708/973 1973/2706/973 1942/2709/973
f 1942/2709/973 1973/2706/973 1974/2711/973
f 1942/2709/973 1974/2711/973 1941/2713/973
f 1941/2713/973 1974/2711/973 1940/2714/973
f 1940/2714/973 1974/2711/973 1975/2716/973
f 1940/2714/973 1975/2716/973 1939/2718/973
f 1939/2718/973 1975/2716/973 1976/2719/973
f 1939/2718/973 1976/2719/973 1938/2721/973
f 1938/2721/973 1976/2719/973 1937/2722/973
f 1937/2722/973 1976/2719/973 1977/2724/1386
f 1937/2722/973 1977/2724/1386 1936/2726/1385
f 1936/2726/1385 1977/2724/1386 1978/2727/1385
f 1936/2726/1385 1978/2727/1385 1935/2729/1384
f 1935/2729/1384 1978/2727/1385 1979/2730/973
f 1935/2729/1384 1979/2730/973 1934/2732/973
f 1934/2732/973 1979/2730/973 1980/2733/973
f 1934/2732/973 1980/2733/973 1933/2735/973
f 1933/2735/973 1980/2733/973 1981/2736/973
f 1933/2735/973 1981/2736/973 1932/2738/973
f 1932/2738/973 1981/2736/973 1982/2739/973
f 1932/2738/973 1982/2739/973 1931/2741/973
f 1931/2741/973 1982/2739/973 1983/2742/973
f 1931/2741/973 1983/2742/973 2018/2744/973
f 2018/2744/973 1983/2742/973 2017/2745/973
f 2017/2745/973 1983/2742/973 1984/2747/973
f 2017/2745/973 1984/2747/973 2016/2749/973
f 2016/2749/973 1984/2747/973 1985/2750/973
f 2016/2749/973 1985/2750/973 2015/2752/1524
f 2015/2752/1524 1985/2750/973 1986/2753/1525
f 2015/2752/1524 1986/2753/1525 2014/2755/1525
f 2014/2755/1525 1986/2753/1525 1987/2756/1526
f 2014/2755/1525 1987/2756/1526 2013/2758/973
f 2013/2758/973 1987/2756/1526 1988/2759/973
f 2013/2758/973 1988/2759/973 2012/2761/973
f 2012/2761/973 1988/2759/973 1989/2762/973
f 2012/2761/973 1989/2762/973 2011/2764/973
f 2011/2764/973 1989/2762/973 2010/2765/973
f 2010/2765/973 1989/2762/973 1990/2767/973
f 2010/2765/973 1990/2767/973 2009/2769/973
f 2009/2769/973 1990/2767/973 1991/2770/973
f 2009/2769/973 1991/2770/973 2008/2772/973
f 2008/2772/973 1991/2770/973 2007/2773/973
f 2001/2775/973 1782/2461/1386 1781/2459/1385
f 1782/2461/1386 2001/2775/973 2000/2777/973
f 2000/2777/973 2001/2775/973 2002/2779/973
f 2000/2777/973 2002/2779/973 1999/2781/973
f 1999/2781/973 2002/2779/973 2003/2782/973
f 1999/2781/973 2003/2782/973 2004/2784/973
f 1999/2781/973 2004/2784/973 1998/2785/973
f 1998/2785/973 2004/2784/973 2005/2786/973
f 1998/2785/973 2005/2786/973 1997/2788/973
f 1997/2788/973 2005/2786/973 2006/2789/973
f 1997/2788/973 2006/2789/973 2007/2773/973
f 1997/2788/973 2007/2773/973 1991/2770/973
f 1997/2788/973 1991/2770/973 1992/2791/973
f 1997/2788/973 1992/2791/973 1996/2792/973
f 1996/2792/973 1992/2791/973 1995/2793/973
f 1995/2793/973 1992/2791/973 1993/2795/973
f 1995/2793/973 1993/2795/973 1994/2797/973
f 1967/2704/973 1944/2799/973 1966/2798/973
f 1944/2799/973 1967/2704/973 1943/2708/973
f 1966/2798/973 1944/2799/973 1945/2801/973
f 1966/2798/973 1945/2801/973 1946/2803/973
f 1966/2798/973 1946/2803/973 1965/2804/973
f 1965/2804/973 1946/2803/973 1947/2805/973
f 1965/2804/973 1947/2805/973 1964/2807/973
f 1964/2807/973 1947/2805/973 1948/2808/973
f 1964/2807/973 1948/2808/973 1949/2810/973
f 1964/2807/973 1949/2810/973 1963/2811/1526
f 1963/2811/1526 1949/2810/973 1950/2812/1525
f 1963/2811/1526 1950/2812/1525 1962/2814/1525
f 1962/2814/1525 1950/2812/1525 1951/2815/1524
f 1962/2814/1525 1951/2815/1524 1961/2817/973
f 1961/2817/973 1951/2815/1524 1952/2818/973
f 1961/2817/973 1952/2818/973 1960/2820/973
f 1960/2820/973 1952/2818/973 1953/2821/973
f 1960/2820/973 1953/2821/973 1959/2823/973
f 1959/2823/973 1953/2821/973 1954/2824/973
f 1959/2823/973 1954/2824/973 1958/2826/973
f 1958/2826/973 1954/2824/973 1955/2827/973
f 1958/2826/973 1955/2827/973 1956/2829/973
f 1958/2826/973 1956/2829/973 1957/2830/973
f 1957/2830/973 1956/2829/973 1778/2450/973
f 1957/2830/973 1778/2450/973 1785/2451/973

