# WaveFront *.obj file (generated by Cinema 4D)

mtllib ./heart.mtl

v -0.059245 0.309826 -0.143929
v -0.006222 0.707929 -0.047207
v 0.002799 0.480639 -0.319032
v 0.282661 0.346131 -0.199774
v 0.150245 -0.316052 0.131197
v 0.046957 0.908202 -0.334847
v -0.240839 0.734845 -0.027650
v 0.058802 0.598928 0.307062
v 0.321683 0.175073 0.240616
v -0.071033 -0.098106 0.201404
v 0.038025 0.862019 -0.172015
v 0.218776 0.976604 -0.253647
v -0.206817 0.963697 -0.110916
v 0.216241 0.094485 -0.302657
v -0.418829 0.790379 -0.173597
v -0.237270 -0.090917 0.143679
v -0.252882 -0.218631 -0.148273
v -0.255892 0.065327 0.152361
v -0.065627 0.376165 -0.065959
v -0.210481 0.217396 -0.006949
v 0.100120 -0.109599 0.240300
v 0.222611 0.348047 -0.174314
v 0.239150 0.547799 0.271376
v -0.062113 0.343484 -0.096402
v -0.060896 0.340412 -0.097111
v 0.032713 0.598471 0.303829
v 0.134870 0.419480 -0.094300
v -0.134991 -0.428127 -0.119712
v -0.166931 0.860685 -0.087996
v -0.005055 0.239239 0.491759
v 0.370928 -0.012468 -0.211928
v -0.135019 0.633517 -0.051732
v 0.473849 0.081521 -0.088020
v -0.281883 -0.199686 -0.010750
v -0.028005 0.537796 -0.173657
v 0.037273 0.808977 0.188596
v 0.170699 0.453385 -0.130338
v -0.289599 0.128382 -0.053826
v 0.011827 0.841564 0.200770
v -0.155455 0.520696 -0.021804
v -0.105040 0.445370 -0.085103
v -0.173792 0.515599 0.266367
v -0.429647 0.446063 -0.171887
v 0.053399 0.600917 0.260772
v -0.140250 0.676858 -0.173193
v -0.077936 -0.359456 -0.207148
v 0.081253 0.591614 -0.053339
v -0.110030 0.613083 0.125326
v 0.445116 -0.018748 0.079081
v 0.221731 1.016578 -0.324561
v 0.063525 0.665662 0.182317
v -0.247235 0.496992 0.011480
v -0.303603 -0.114165 -0.107952
v -0.245073 0.535786 -0.245298
v -0.240820 0.039791 -0.218366
v -0.026418 0.128904 -0.364980
v -0.100810 -0.110160 -0.314961
v 0.164203 0.815720 -0.179956
v -0.176158 0.550446 -0.012481
v -0.290207 0.016563 -0.156195
v -0.167224 0.732952 -0.016868
v -0.063464 0.301974 -0.155502
v 0.005157 0.596202 0.340253
v -0.053478 0.341671 0.414325
v -0.038643 0.565647 0.323465
v -0.089589 0.177700 0.467012
v 0.053639 0.648720 -0.064913
v -0.110512 0.775831 -0.083927
v 0.059600 0.240819 0.534029
v -0.044702 0.548088 -0.154853
v 0.036575 0.395105 -0.138191
v -0.401643 0.824856 -0.171234
v 0.052942 0.612702 0.344119
v -0.140789 0.426344 -0.286670
v -0.000923 0.528267 0.359186
v -0.218861 0.762736 -0.069449
v 0.034970 0.496444 0.364149
v -0.213334 0.642216 -0.137550
v 0.424058 -0.040826 -0.117367
v -0.134433 0.844935 -0.075155
v 0.216266 0.618178 0.179932
v -0.275152 0.605633 -0.012065
v 0.422006 0.026838 -0.153545
v 0.044081 0.556718 0.295573
v 0.174000 0.761875 -0.090790
v -0.033467 0.662615 -0.038471
v -0.075811 -0.520497 -0.031790
v 0.443986 0.084201 0.027310
v 0.236419 0.108501 0.271173
v -0.185793 0.973817 -0.091304
v 0.030046 0.145707 0.278045
v -0.194635 0.664834 0.004781
v 0.310704 -0.236721 0.131786
v -0.063531 0.420867 -0.021484
v -0.094506 0.220868 0.316771
v -0.418105 0.860049 -0.175309
v -0.286616 0.119194 0.033496
v -0.280149 -0.199646 -0.091131
v 0.047000 0.547188 0.313899
v 0.115057 0.585320 0.307554
v 0.069173 0.468794 -0.236740
v -0.155064 0.932407 -0.108236
v 0.045978 0.554100 0.302025
v 0.007376 0.791569 -0.122251
v 0.044060 0.536879 0.322980
v -0.123982 0.505755 0.315208
v -0.087394 0.388041 -0.138400
v -0.153968 0.831903 -0.102888
v 0.084842 -0.500467 -0.033888
v 0.190159 0.468696 0.370821
v 0.038062 0.524269 0.332554
v 0.162371 -0.431783 0.024892
v -0.060031 0.807849 0.227977
v 0.031476 0.514722 0.338841
v -0.331107 0.862937 -0.144586
v 0.024967 0.507342 0.341339
v 0.010367 0.494589 0.345929
v -0.006403 0.637047 0.277920
v -0.026679 0.275840 -0.384050
v 0.042145 0.926069 -0.322500
v -0.016102 0.465506 0.348609
v -0.004037 0.480070 0.347812
v 0.030214 -0.529419 -0.047107
v 0.350901 -0.194528 -0.116116
v -0.031841 0.447811 0.349780
v -0.048366 0.427675 0.350308
v -0.371314 0.888122 -0.178760
v 0.079596 0.927216 -0.199756
v -0.312996 0.801089 -0.114224
v -0.040103 0.442678 0.347650
v -0.062440 0.406924 0.349343
v -0.338539 0.699905 -0.082658
v -0.194562 0.565453 -0.037727
v -0.303103 0.073680 -0.088207
v -0.103155 0.417172 0.346780
v -0.074901 0.382642 0.345752
v 0.476734 0.074297 -0.028302
v -0.014140 0.470476 0.346451
v 0.085528 -0.172303 0.213281
v -0.394326 0.861004 -0.149502
v 0.313223 0.062882 -0.277003
v -0.374027 0.525225 -0.161627
v -0.305705 0.703761 -0.116257
v -0.094305 0.286183 -0.160400
v -0.123901 0.847234 -0.086112
v 0.189600 -0.067121 -0.287651
v -0.169119 0.616332 -0.129272
v 0.288571 -0.305290 -0.060846
v -0.150600 0.432225 0.325552
v -0.219990 0.382812 0.279340
v -0.072024 0.403095 -0.002022
v 0.082404 0.882711 -0.211620
v -0.184244 0.622843 -0.046267
v 0.048563 0.789785 0.225710
v -0.048777 0.807864 0.248044
v -0.102948 0.715565 -0.180704
v -0.181755 -0.385606 -0.085848
v -0.211647 0.438010 0.277094
v -0.261221 0.418755 0.223793
v 0.448313 0.044402 -0.082161
v -0.125354 0.577969 0.241161
v -0.238408 0.484738 0.213646
v 0.274763 0.035175 -0.290989
v 0.090012 0.485302 -0.038345
v -0.206979 0.102970 -0.235758
v -0.266038 0.382045 0.203836
v 0.441383 0.064047 0.093269
v -0.066529 0.116976 0.434477
v -0.280188 0.446239 0.121560
v 0.284657 0.542819 0.186237
v 0.339156 -0.241298 -0.078726
v -0.273339 0.469164 0.163184
v -0.199881 0.226513 -0.025279
v -0.158835 0.221767 -0.196534
v 0.323963 0.463810 0.233549
v -0.102694 0.340458 0.092067
v -0.108867 0.282216 0.300938
v 0.128923 0.740967 -0.164021
v 0.282313 -0.300472 0.086049
v -0.306346 0.604318 -0.014860
v -0.409282 0.875149 -0.181616
v 0.057894 0.673673 -0.095741
v 0.359367 -0.206609 0.085482
v 0.020352 0.394568 -0.172212
v 0.300841 -0.056432 0.237057
v 0.385846 0.011543 0.188690
v 0.091950 0.838778 -0.346385
v 0.105430 0.660622 -0.099265
v 0.040278 0.841864 -0.076885
v 0.010190 0.539635 0.231001
v -0.265468 0.749502 -0.076110
v 0.134381 0.713764 0.135986
v 0.412800 0.377616 0.040726
v -0.026763 0.741120 -0.109726
v 0.001463 -0.117843 0.220140
v -0.176817 0.005852 0.204969
v -0.327209 0.844521 -0.118814
v -0.193029 0.467177 -0.055508
v 0.217093 -0.190667 0.200822
v -0.078779 0.294858 -0.163187
v 0.070205 -0.369889 -0.201240
v -0.139150 0.482487 -0.059632
v -0.109899 0.408041 -0.105309
v 0.303634 0.314588 0.326116
v 0.110467 0.511177 -0.060003
v 0.004032 0.733123 0.132831
v -0.195493 0.147377 -0.231580
v 0.384687 -0.183209 -0.060490
v 0.248719 0.149415 0.276613
v 0.415784 0.196973 0.160272
v 0.476144 0.135842 0.008859
v 0.261048 -0.345965 0.015158
v -0.002617 -0.512545 -0.095846
v 0.264422 0.990067 -0.273807
v -0.426308 0.372783 -0.122028
v -0.077536 0.382664 -0.101440
v -0.074365 0.356711 -0.144651
v 0.021235 0.760329 0.258783
v -0.067183 0.194855 0.243086
v 0.042160 0.754079 0.221602
v 0.063742 0.701544 0.283195
v 0.004472 0.802724 -0.207677
v -0.110926 0.278540 -0.157479
v -0.057290 0.319080 -0.128891
v -0.400418 0.861267 -0.195889
v 0.069447 0.857038 -0.039466
v 0.035495 0.400328 -0.226228
v 0.318458 0.213946 -0.233612
v 0.026291 0.439583 -0.202141
v -0.302643 0.034378 -0.121084
v -0.304156 0.047468 -0.108219
v 0.020225 0.256638 0.537408
v -0.282725 0.013903 -0.168080
v -0.020335 -0.249093 -0.286475
v -0.291902 0.016526 -0.151674
v 0.050519 0.591622 0.337666
v -0.051345 0.566283 -0.052290
v -0.272916 0.014337 -0.183951
v -0.354672 0.881624 -0.157799
v -0.110291 0.143925 -0.324401
v 0.154017 1.016770 -0.257405
v 0.271730 0.277378 -0.216929
v -0.264546 0.043211 -0.214065
v 0.082292 0.660482 0.295123
v -0.261622 0.020108 -0.197792
v -0.230405 0.052261 -0.224297
v -0.070134 0.750195 0.228910
v 0.314953 0.240081 0.304480
v 0.076368 0.115294 0.459919
v -0.221932 0.066677 -0.228662
v -0.152951 0.743675 -0.152123
v -0.250823 0.028001 -0.209320
v 0.234519 1.032664 -0.313377
v -0.264640 -0.103569 -0.188609
v -0.404422 0.432926 -0.110214
v -0.077396 0.665975 -0.033734
v 0.222900 0.963300 -0.280927
v -0.125168 0.304567 -0.156356
v -0.116911 0.270556 -0.162876
v 0.063654 0.653835 0.298285
v 0.198581 0.332575 0.394374
v 0.221222 0.986434 -0.341763
v -0.289998 -0.072120 0.090429
v 0.008135 0.760764 -0.132160
v 0.101655 0.927350 -0.315326
v -0.064507 0.381715 -0.060534
v -0.035051 0.836699 0.204629
v -0.007651 0.517576 0.207558
v -0.085822 0.375502 0.034162
v 0.209448 1.045286 -0.275609
v -0.443682 0.439667 -0.142666
v -0.077132 0.327477 -0.168248
v -0.106808 0.384817 -0.150567
v -0.126959 0.360543 -0.167021
v -0.037759 0.499745 -0.132570
v -0.145355 0.403103 -0.134371
v -0.031625 0.252551 0.524672
v 0.050846 0.673815 -0.182023
v 0.126361 0.923576 -0.311631
v 0.054373 0.610598 0.315943
v -0.206397 0.958282 -0.091610
v -0.178037 0.426012 -0.074812
v 0.420102 0.089728 -0.187217
v -0.330585 0.689323 -0.100233
v 0.216712 0.662576 0.001886
v 0.243003 0.480517 0.331805
v 0.019400 0.787002 0.214091
v -0.207884 0.412988 -0.040892
v -0.012986 -0.319944 0.118465
v -0.067280 0.179280 0.472945
v -0.266248 0.465237 0.036024
v 0.355164 0.201511 -0.235498
v 0.016983 0.233746 0.523160
v 0.144076 0.147946 0.296820
v 0.068117 0.202828 0.513080
v -0.064375 0.478445 -0.104787
v 0.131517 0.928949 -0.249093
v -0.006827 -0.147411 -0.337954
v 0.317333 0.535104 -0.007935
v 0.082673 0.593321 -0.223751
v 0.099358 0.429818 -0.095735
v 0.010180 0.361319 0.438547
v -0.237349 0.306523 0.185381
v -0.403696 0.521127 -0.136053
v 0.149427 0.524845 -0.207958
v 0.354737 0.479501 0.066066
v 0.054238 -0.449461 0.071230
v 0.292577 0.980123 -0.301167
v -0.247744 0.358747 0.234691
v 0.035614 0.674272 0.322423
v -0.297154 0.838390 -0.135477
v 0.241593 0.282664 0.350728
v -0.266395 0.528610 -0.086575
v 0.103496 0.036091 -0.353262
v -0.151352 0.350699 0.318772
v -0.183901 0.963747 -0.116068
v -0.070445 0.730733 -0.029632
v 0.170066 0.586301 0.290971
v -0.171660 0.178865 0.199072
v 0.407977 0.215958 -0.157654
v -0.086955 0.358417 0.339378
v -0.096908 0.332406 0.330693
v -0.107881 0.258975 0.278002
v -0.046113 0.196003 0.447813
v -0.103333 0.307855 0.319606
v 0.015710 -0.530943 -0.002794
v -0.106820 0.281246 0.301230
v 0.075623 0.132914 0.275187
v -0.153638 0.280109 0.290446
v -0.113259 0.488814 -0.060480
v -0.238505 0.019392 0.171700
v -0.031064 0.223257 0.470395
v 0.003776 0.829414 -0.210422
v 0.398535 0.299588 0.190232
v -0.202546 -0.312704 -0.143787
v 0.181125 0.042660 -0.314229
v 0.133140 0.868487 -0.348070
v -0.211105 0.190609 0.181201
v 0.026386 0.127543 0.426912
v -0.040093 0.461837 0.171192
v 0.110668 0.219393 0.445627
v 0.137883 0.820592 -0.263683
v -0.068217 0.405596 0.138986
v -0.065640 0.394714 -0.047683
v -0.382364 0.893723 -0.160842
v -0.252656 0.340853 0.101852
v 0.391731 0.113444 0.174374
v 0.414595 0.310550 -0.092960
v 0.098122 0.776093 0.075824
v 0.031462 0.517140 0.336801
v 0.032302 0.547997 0.393160
v 0.141634 0.466005 0.391396
v -0.028078 0.518191 0.348670
v -0.222944 0.303705 0.054899
v 0.093710 0.860459 -0.022083
v 0.077268 0.649228 -0.093736
v -0.198290 0.449875 -0.106223
v 0.050415 0.700670 0.296257
v -0.418069 0.498649 -0.162162
v -0.112113 -0.489028 -0.014605
v -0.106859 0.248746 0.261203
v -0.157330 0.412635 -0.248809
v 0.062742 0.181977 0.455955
v 0.368343 0.386960 0.184571
v -0.297693 0.024531 -0.135406
v 0.199718 1.017575 -0.331414
v 0.218201 1.043573 -0.320178
v -0.187108 0.397741 -0.127145
v -0.105498 0.345166 -0.316387
v -0.161369 -0.276066 -0.209502
v -0.040028 0.156419 0.236508
v -0.225067 0.373954 -0.094751
v -0.093634 0.288211 -0.160488
v -0.171298 0.358391 -0.145930
v 0.136208 0.523554 -0.225331
v -0.069188 0.300718 -0.157419
v 0.463525 0.137925 0.084703
v -0.093276 0.357008 0.105358
v -0.126816 0.370300 -0.222531
v 0.024698 0.559407 0.369209
v -0.327398 0.013317 0.020886
v 0.443258 0.148107 -0.142480
v -0.004740 0.109941 0.241207
v -0.198908 -0.303523 0.032187
v -0.161381 0.327273 -0.131536
v 0.030928 0.752951 0.257448
v 0.102310 -0.165677 -0.319004
v -0.363155 0.353801 -0.210919
v -0.007638 -0.032183 -0.363907
v -0.205833 0.227515 -0.208831
v -0.202879 0.334286 -0.091918
v -0.039975 0.736932 0.086093
v 0.458888 0.029523 0.030090
v 0.119760 0.884374 -0.316667
v -0.197390 0.203122 -0.226285
v -0.292626 0.712952 -0.024115
v -0.051521 0.575477 -0.133619
v -0.152005 0.228090 -0.192342
v -0.253156 0.521026 0.116273
v 0.184635 0.135431 0.283566
v -0.176437 0.182618 -0.218806
v -0.164440 0.206459 -0.204715
v 0.051779 0.253323 -0.385989
v -0.186448 0.155891 -0.227796
v -0.245086 0.761842 -0.065986
v -0.252641 0.182730 -0.031341
v -0.197212 0.128669 -0.233524
v -0.139059 0.245068 -0.182000
v 0.176898 0.733503 0.038305
v -0.126557 0.258583 -0.173598
v -0.184700 0.173352 0.189649
v -0.081033 0.380070 0.122619
v -0.206411 0.101492 -0.236421
v -0.365601 0.371249 -0.174716
v -0.214735 0.081731 -0.231746
v -0.303963 0.898537 -0.124887
v 0.200970 0.962757 -0.172595
v 0.453369 0.077787 -0.151506
v 0.089773 0.933402 -0.297089
v -0.034197 0.432992 0.370616
v 0.421751 -0.096543 0.081700
v 0.037796 0.643898 0.050479
v -0.183503 0.416549 -0.203728
v -0.311957 0.416564 -0.103185
v 0.105996 0.718840 0.137950
v -0.102074 -0.460014 0.034002
v 0.215433 0.236715 -0.269363
v 0.119592 -0.347738 -0.193773
v -0.066006 0.358350 -0.081186
v -0.045191 0.162472 0.434258
v 0.034834 0.745569 -0.009300
v -0.423272 0.794764 -0.165140
v -0.026603 0.433934 -0.159292
v -0.216615 0.183459 0.109935
v -0.360486 0.515462 -0.138273
v -0.277924 0.602392 -0.120540
v -0.020739 -0.537518 -0.052816
v -0.130475 0.200210 0.221031
v -0.103046 0.286812 -0.219279
v -0.152387 0.533688 -0.007586
v 0.254928 0.313543 -0.218696
v -0.179818 0.595218 -0.122952
v 0.026459 0.237175 0.498628
v -0.222108 0.401079 -0.082096
v -0.255369 0.364711 -0.023545
v -0.307117 -0.007192 0.077685
v 0.452755 0.007803 -0.058279
v -0.124377 0.780342 -0.104910
v -0.117789 0.605056 -0.143558
v 0.030965 0.704686 -0.100460
v 0.149319 -0.235343 -0.263540
v -0.106497 -0.183654 -0.287292
v 0.056030 -0.050591 -0.359874
v -0.219755 0.353489 0.027704
v 0.452499 -0.041152 0.001585
v 0.180945 0.879320 -0.105832
v 0.121759 0.272143 0.440779
v -0.226752 0.198430 0.108581
v -0.271328 0.156361 -0.038549
v 0.425746 -0.119686 0.012368
v 0.225891 1.000930 -0.255499
v -0.382811 0.821534 -0.157696
v 0.462362 0.047392 -0.062611
v -0.004592 0.693399 -0.193410
v -0.053531 -0.525839 -0.074219
v -0.010326 0.342257 -0.123131
v 0.172664 0.404645 -0.223085
v 0.401838 0.140107 -0.212188
v -0.124749 0.838885 -0.103876
v 0.104521 -0.469536 -0.072964
v 0.378166 0.441747 0.008324
v 0.086124 0.155668 0.486748
v -0.032390 0.694246 -0.025079
v -0.021146 0.093347 0.427908
v -0.008204 0.376377 -0.374942
v 0.251521 0.559961 -0.099583
v -0.170364 0.178403 0.200317
v 0.053986 0.865684 -0.364231
v 0.064702 -0.243600 -0.293386
v 0.020616 0.414406 -0.351578
v 0.029406 0.897977 -0.345708
v 0.442495 0.289440 0.011020
v -0.046335 0.219348 0.502415
v -0.106697 0.261685 0.283210
v -0.109215 0.221697 0.232831
v -0.102510 0.246145 0.255096
v -0.023063 0.473731 -0.341531
v 0.001198 0.528372 0.219042
v -0.177781 0.969321 -0.106520
v -0.010962 0.510648 0.203582
v 0.141954 0.966965 -0.146515
v -0.163864 0.574871 0.199340
v 0.014016 0.543788 0.234697
v 0.053166 0.418693 -0.264979
v 0.026387 0.555314 0.251680
v 0.148684 0.839858 -0.208854
v 0.083694 0.612737 0.271975
v 0.306712 0.166220 -0.261377
v -0.073371 -0.456515 0.054078
v 0.035478 0.558630 0.270545
v 0.447941 0.112302 0.081908
v 0.056285 0.639926 0.331830
v 0.425278 0.321015 -0.053300
v -0.156609 0.931473 -0.088212
v -0.120020 0.269081 -0.164173
v 0.202642 0.596697 -0.081879
v 0.059990 0.661747 0.211083
v -0.218756 0.533076 0.024586
v -0.240226 0.533210 0.069930
v -0.233113 0.426897 -0.230067
v -0.227972 -0.207837 0.088372
v -0.180024 0.933338 -0.120808
v -0.322937 -0.048409 -0.054868
v -0.306146 0.060886 -0.098206
v -0.094898 0.343984 -0.180634
v 0.461092 0.053641 -0.121124
v -0.056338 0.311989 -0.138874
v -0.072564 0.549896 -0.293743
v 0.274171 0.226658 0.328173
v 0.434828 0.233171 0.150927
v -0.458763 0.557254 -0.140191
v 0.313530 0.415584 0.288963
v 0.214537 0.457371 -0.157966
v -0.236627 0.145122 0.159775
v -0.157309 0.868017 -0.074414
v 0.258692 0.179383 0.309915
v 0.207518 -0.393381 -0.029642
v -0.076216 0.293708 -0.163748
v -0.069529 0.431807 -0.362531
v 0.072773 0.636920 0.321842
v 0.005781 0.499179 -0.132859
v 0.002200 0.764830 0.236692
v -0.189146 0.693532 0.005399
v 0.369566 0.147361 -0.218097
v -0.064992 0.358893 -0.079237
v -0.044490 0.450981 0.165235
v 0.236391 0.982935 -0.330606
v -0.058350 0.398263 -0.139021
v -0.033437 0.470769 0.177052
v 0.216902 0.926118 -0.282676
v -0.054299 0.430930 0.154627
v -0.064458 0.411812 0.142942
v 0.343895 -0.249788 0.016490
v -0.276175 0.467905 -0.245102
v -0.209488 0.168941 0.160744
v -0.131120 0.390870 -0.152966
v -0.199408 0.169996 0.175988
v -0.210255 0.134528 0.193321
v -0.215374 0.170382 0.145802
v -0.365488 0.393518 -0.198130
v -0.217839 0.174043 0.130903
v -0.215853 0.178094 0.116321
v -0.053273 0.651777 0.138407
v -0.213055 0.186690 0.098181
v 0.125793 0.855101 -0.224723
v -0.229809 0.201181 0.140443
v 0.307622 -0.034318 -0.255401
v -0.269750 0.017147 -0.189565
v 0.021212 -0.506528 0.035445
v -0.305899 0.898913 -0.133658
v 0.228885 -0.211285 -0.207593
v -0.379343 0.953820 -0.183168
v 0.302761 0.264385 -0.239128
v 0.039499 0.449152 -0.285479
v -0.221540 0.221434 0.075009
v 0.199459 0.977188 -0.275206
v -0.103187 -0.498645 -0.055907
v -0.246497 0.450485 -0.100372
v -0.283451 0.579002 -0.044350
v 0.240572 -0.058573 0.251516
v -0.210465 0.573467 -0.086590
v -0.302907 0.034493 -0.122113
v -0.019369 0.534106 -0.264047
v 0.463619 0.066111 0.002753
v 0.025736 0.609151 0.368493
v -0.040790 0.483057 0.032216
v 0.007789 0.392109 -0.189308
v 0.051937 0.569093 0.346125
v -0.254488 0.256201 0.051607
v -0.406981 0.861712 -0.180954
v 0.195725 0.440663 -0.156908
v -0.168445 -0.399913 -0.006107
v 0.159121 0.156515 -0.333918
v -0.265669 0.276601 0.027182
v -0.023027 0.491549 0.189615
v -0.310889 0.833911 -0.148980
v 0.326547 -0.140419 0.189431
v 0.101021 0.195467 -0.370760
v 0.000388 0.507024 0.019234
v 0.028908 0.590570 0.349811
v -0.250043 0.332319 0.027691
v -0.365800 0.954122 -0.180655
v -0.010602 0.562081 0.355001
v 0.083842 0.883320 -0.238923
v -0.261652 0.330363 -0.019891
v -0.217601 0.173780 0.137181
v -0.153725 0.772219 -0.103439
v -0.405781 0.398085 -0.138469
v 0.082984 0.873075 -0.302416
v -0.071980 0.000431 -0.346943
v -0.280483 0.619206 -0.075690
v 0.053276 0.879482 -0.330978
v 0.149884 0.898377 -0.304129
v 0.062885 -0.457847 -0.126742
v -0.167589 0.616010 -0.037296
v -0.225773 0.322442 -0.060593
v -0.099015 0.349218 0.073959
v -0.380526 0.421830 -0.196560
v 0.093342 0.617249 -0.204617
v -0.219157 -0.075032 -0.248353
v 0.044071 0.901457 -0.267801
v -0.273765 0.218071 -0.078456
v 0.291498 -0.262129 -0.123750
v 0.156360 0.641028 -0.080912
v -0.210032 0.218410 -0.028986
v 0.290903 0.517563 -0.104344
v -0.064811 0.400416 -0.040512
v 0.412793 -0.035828 0.144098
v 0.086637 0.951147 -0.181965
v 0.122413 0.390122 -0.255426
v -0.221482 0.071268 -0.229648
v -0.070581 -0.511489 0.003717
v 0.293159 0.952964 -0.311340
v -0.072954 0.670699 0.183477
v -0.236626 0.160119 -0.213443
v -0.156690 0.571642 -0.251505
v -0.224963 0.202306 0.021081
v 0.148537 0.897608 -0.326128
v 0.248346 0.948513 -0.227769
v -0.287097 0.631425 -0.062343
v -0.233932 0.112450 -0.236739
v -0.096298 0.503781 -0.326758
v 0.119513 0.481486 -0.092114
v -0.249725 0.700818 -0.142789
v -0.383730 0.890009 -0.170845
v -0.061184 0.414211 0.348754
v -0.266411 0.119692 0.080592
v 0.067214 0.673143 -0.133078
v -0.299213 0.672523 -0.000756
v -0.106002 0.239393 0.248563
v -0.381745 0.384594 -0.148340
v -0.149785 0.185609 0.210149
v -0.275373 0.491384 0.080466
v 0.084399 -0.478791 0.038540
v -0.294327 0.384780 -0.194572
v 0.056438 -0.514140 0.005446
v -0.312908 -0.096700 0.012183
v 0.000654 0.664203 0.264759
v 0.182158 -0.377505 -0.109532
v 0.102343 0.757588 -0.209113
v 0.070127 0.321737 0.461984
v -0.289466 0.047177 -0.182771
v 0.226061 0.895468 -0.233956
v -0.340613 0.673454 -0.031478
v 0.054669 0.633231 -0.024583
v -0.239363 0.229429 -0.147722
v -0.348596 0.343536 -0.172997
v -0.422869 0.467742 -0.197876
v -0.191644 0.172910 0.183592
v -0.066310 0.601031 -0.102951
v -0.094869 0.343830 0.333268
v 0.013600 0.582098 0.064701
v -0.371240 0.954144 -0.189807
v 0.370506 0.062905 -0.233302
v 0.063708 0.391234 -0.102028
v 0.097725 0.415542 -0.089096
v -0.279585 0.640253 0.005518
v 0.360440 -0.041523 0.208337
v -0.013138 0.756555 0.275505
v -0.229281 0.203551 -0.030088
v -0.181429 0.586364 -0.222040
v 0.080305 0.347541 -0.316065
v 0.373210 0.223060 0.207749
v 0.152064 0.696703 -0.090978
v 0.263239 1.042452 -0.292462
v 0.177504 0.764996 -0.043972
v 0.084852 0.497211 0.377449
v 0.198732 0.863369 -0.153844
v -0.093234 0.361101 0.054060
v -0.380975 0.524454 -0.178969
v 0.063369 0.681170 0.250402
v 0.327702 0.066646 0.233108
v 0.042224 0.132669 0.364467
v 0.263247 -0.230582 0.167292
v 0.351603 0.265069 0.271550
v 0.185660 0.430907 -0.155938
v -0.211332 0.196238 0.086231
v -0.378806 0.424206 -0.240700
v 0.157523 0.536707 -0.161210
v -0.399591 0.340737 -0.142394
v -0.109142 0.276980 -0.158347
v -0.256272 0.223811 0.026414
v -0.219205 0.419613 -0.188963
v 0.215593 0.324604 -0.220908
v -0.153616 0.616934 0.048574
v -0.269343 0.571408 -0.079642
v -0.380991 0.831163 -0.176772
v -0.023248 0.589498 0.289007
v 0.072803 0.416788 -0.107406
v 0.244889 0.970736 -0.266703
v 0.399736 0.377971 0.135085
v 0.027946 -0.380285 0.101574
v -0.208656 0.202129 0.072252
v -0.207876 0.206221 0.065586
v 0.411943 0.164732 0.127953
v -0.209484 0.195059 0.083045
v -0.082907 0.374544 0.119205
v -0.109653 0.318713 -0.238700
v 0.069341 0.388598 -0.257668
v 0.250413 0.960832 -0.286950
v 0.009323 0.455596 -0.170387
v -0.073583 0.392976 0.131618
v -0.080709 0.638632 -0.049619
v 0.210208 0.639258 -0.045505
v -0.092235 0.356981 0.105858
v -0.097652 0.613492 -0.171566
v -0.129654 0.613566 0.097277
v 0.188585 0.409292 -0.143116
v -0.056079 0.767257 0.128857
v -0.159926 0.767669 -0.071633
v -0.035181 0.525499 0.089318
v 0.266017 0.330511 -0.222554
v -0.147007 0.178239 -0.279056
v -0.056152 0.325047 -0.118340
v -0.059378 0.330563 -0.111949
v -0.034877 -0.502906 0.034664
v 0.018257 0.576273 0.388152
v 0.183692 0.698695 -0.052733
v -0.008678 0.157908 0.423390
v 0.023932 0.878884 -0.341866
v 0.161427 0.204420 0.357472
v 0.039201 0.762671 -0.214298
v -0.155849 0.077103 0.213354
v 0.003574 0.629783 0.150433
v 0.072240 0.593391 0.341904
v -0.079316 0.216573 0.493635
v 0.048012 -0.159728 -0.337634
v -0.105468 0.705186 0.071518
v 0.109629 0.970395 -0.172039
v 0.126087 0.588807 -0.187622
v 0.032892 0.090323 0.436225
v -0.056310 -0.478964 -0.126758
v 0.040711 0.597488 -0.069673
v -0.027969 0.782884 0.234990
v -0.151696 0.185629 0.209416
v -0.461391 0.572056 -0.118917
v -0.006133 0.333363 -0.147038
v -0.048440 0.572187 -0.089174
v 0.039189 0.818520 0.208155
v -0.241796 0.040552 -0.218222
v 0.034138 0.566093 0.354309
v -0.131908 0.609365 0.157642
v -0.293999 0.838170 -0.118095
v 0.087123 0.209216 0.520618
v -0.321804 0.632156 -0.016979
v 0.446853 0.218497 -0.089257
v -0.018568 0.138106 0.422509
v -0.080105 0.377614 0.342814
v -0.292767 0.405290 -0.223786
v 0.235501 -0.139290 -0.241667
v -0.007504 0.653585 0.174118
v -0.047940 0.415202 -0.044210
v 0.086508 0.257593 -0.373373
v 0.061423 0.762017 0.049472
v -0.053402 0.316906 -0.167569
v -0.105833 0.305182 0.316604
v -0.064133 0.741600 -0.155757
v -0.255090 -0.223104 0.035826
v -0.071030 0.572508 0.056746
v -0.067762 0.581517 -0.166424
v -0.298556 0.098602 -0.071754
v 0.009057 0.123600 0.379095
v 0.009553 0.498933 -0.226408
v -0.207272 0.170354 0.163945
v -0.404026 0.512079 -0.180969
v -0.010197 0.588972 0.118066
v 0.061739 0.902486 -0.314447
v 0.009508 0.234914 0.476736
v -0.214485 0.763650 -0.085493
v -0.162736 -0.078180 0.189876
v -0.017434 0.684289 0.093542
v 0.268430 0.389876 0.351524
v -0.090995 0.604684 -0.117728
v -0.038331 0.776969 0.269801
v 0.054196 0.547653 0.379361
v -0.056692 0.136294 0.448439
v 0.025705 0.808039 -0.271092
v -0.145006 0.782273 -0.077978
v 0.024231 0.625332 0.132092
v 0.135280 0.072427 0.269171
v 0.240065 -0.004339 0.262173
v -0.077879 0.391253 0.014780
v -0.074891 0.395269 0.005873
v 0.197209 1.031980 -0.239012
v 0.006051 -0.344627 -0.231582
v 0.160254 0.353661 0.415187
v -0.083299 0.379558 0.025561
v -0.169535 -0.280760 0.076815
v -0.006123 0.353837 -0.164745
v -0.090906 0.365054 0.046557
v -0.097343 0.352426 0.068343
v -0.225298 0.199284 0.026412
v -0.235720 0.762944 -0.102509
v -0.221171 0.199987 0.040075
v -0.312359 0.865043 -0.135226
v -0.024318 0.490973 0.188013
v -0.224826 0.202339 0.011879
v 0.078317 0.682260 0.285805
v -0.187173 -0.190966 0.131519
v 0.044523 0.559940 0.290974
v 0.010365 0.496586 0.344375
v 0.314764 0.512680 -0.074686
v -0.289603 0.643464 -0.090396
v -0.090180 0.393980 -0.347594
v -0.470984 0.556851 -0.127626
v -0.176609 0.004072 -0.283714
v -0.111669 0.222077 0.234172
v 0.257964 0.428151 -0.154427
v -0.092422 -0.468853 -0.120650
v 0.265589 1.031726 -0.297399
v 0.447781 0.056208 -0.139418
v 0.013408 0.632008 -0.216518
v -0.269857 0.581557 -0.103311
v 0.408625 0.087662 -0.174764
v -0.362165 0.381464 -0.232589
v -0.455341 0.567086 -0.106692
v 0.061690 0.679532 0.283679
v -0.242339 0.214139 -0.002398
v 0.128709 0.551800 -0.103254
v 0.028320 0.556610 0.255415
v 0.042948 0.537628 0.321302
v -0.040220 0.147503 0.341470
v 0.035154 -0.003184 0.254619
v 0.376679 -0.136144 0.139821
v -0.243049 0.255723 -0.016167
v 0.041203 0.569228 0.014085
v 0.358411 0.224717 -0.223693
v -0.466745 0.550547 -0.115169
v -0.206982 0.209567 0.061834
v -0.316325 0.128106 -0.088980
v 0.270577 0.948276 -0.328993
v 0.095192 0.858214 -0.363876
v -0.093220 0.008285 0.224903
v 0.343216 0.325547 0.291458
v 0.145296 0.286196 -0.314005
v 0.044895 0.678293 0.084274
v 0.125631 0.859835 -0.244942
v -0.403001 0.822243 -0.156878
v -0.010253 0.794040 0.218165
v -0.358537 0.482569 -0.228628
v -0.265425 0.164048 -0.033961
v -0.035137 0.642861 0.232857
v -0.181856 0.461797 -0.266449
v -0.248921 0.180714 -0.029008
v -0.296240 0.537365 -0.217748
v 0.138957 0.551548 -0.089330
v 0.161537 0.720161 0.095127
v -0.152382 0.610992 -0.094915
v -0.236322 0.209124 -0.002994
v 0.010697 0.551924 -0.213550
v -0.115612 -0.291646 0.097117
v -0.396841 0.422928 -0.165650
v -0.201335 0.224839 -0.023756
v -0.210158 0.217487 -0.008195
v -0.216536 0.211187 -0.000232
v -0.213177 0.215593 -0.028013
v 0.002296 0.834972 0.181022
v -0.225234 0.206078 -0.026146
v -0.302174 0.804276 -0.133594
v -0.235866 0.195215 -0.026090
v -0.116599 0.157046 0.219238
v -0.279028 0.144633 -0.043926
v 0.118601 0.167946 0.342048
v -0.290447 0.123025 -0.055818
v -0.305254 0.131494 -0.058226
v -0.298012 0.098869 -0.070837
v -0.043680 0.756504 0.268447
v -0.054552 0.433220 0.155278
v -0.319541 0.066793 -0.104099
v -0.028053 -0.531365 -0.000345
v -0.137961 0.247705 -0.179721
v 0.138259 0.534643 0.351171
v -0.323367 0.082366 -0.111583
v -0.312110 0.037574 -0.146654
v -0.068171 0.411387 -0.013213
v -0.305274 0.060143 -0.097683
v -0.234872 0.496541 -0.064531
v -0.300408 0.086267 -0.079332
v 0.175284 0.812030 -0.070277
v 0.062849 0.150544 0.449015
v 0.096508 0.167631 0.410802
v -0.205830 -0.146284 -0.243046
v -0.245366 0.206525 0.040552
v 0.057428 0.213406 0.476225
v -0.213874 0.204696 0.051546
v -0.081304 0.747478 0.140090
v -0.208954 0.207475 0.059423
v -0.101950 0.339968 0.092009
v -0.067631 0.410491 -0.011593
v -0.060733 0.422576 -0.022450
v -0.074457 0.562394 -0.015476
v -0.411434 0.491787 -0.144577
v -0.261537 0.760100 -0.088490
v -0.071507 0.474721 -0.018261
v -0.129332 0.198702 0.220739
v 0.316739 -0.137852 -0.193147
v 0.121941 0.887394 -0.057365
v -0.014418 -0.464152 -0.145687
v -0.181386 0.183639 -0.220001
v -0.116853 0.549852 0.012758
v 0.300786 0.983928 -0.292809
v -0.297350 0.645446 -0.133424
v 0.357515 0.115401 -0.238834
v -0.088556 0.598642 -0.149186
v -0.374668 0.333418 -0.178567
v -0.100448 0.605412 0.100271
v 0.436224 0.299361 0.095373
v -0.013635 0.730740 0.100117
v 0.088268 0.868053 -0.345519
# 919 vertices

vn 0.116312 0.452906 -0.883906
vn 0.388000 0.585531 -0.711719
vn 0.635344 0.534469 -0.557312
vn 0.339563 -0.006625 0.940531
vn -0.145063 0.089125 0.985375
vn -0.144938 -0.312875 0.938656
vn -0.151031 -0.861469 0.484781
vn 0.155844 -0.977938 0.139094
vn 0.221906 -0.798500 0.559563
vn -0.809594 -0.469125 -0.352750
vn -0.782406 -0.613906 -0.104500
vn -0.957406 -0.282813 0.057750
vn 0.583812 0.316344 -0.747688
vn 0.556375 0.291344 -0.778156
vn 0.823969 0.321438 -0.466594
vn -0.318375 0.817844 0.479281
vn -0.622500 0.720688 0.305031
vn -0.529906 0.456313 0.714781
vn -0.864375 0.376594 0.333125
vn -0.574031 0.802406 0.163125
vn -0.644188 0.757688 -0.104281
vn -0.545844 0.521250 -0.655969
vn -0.702344 -0.686875 -0.186656
vn -0.470937 -0.625687 -0.621844
vn -0.660438 -0.563781 -0.495875
vn 0.144812 -0.017188 -0.989281
vn -0.178875 -0.113125 -0.977344
vn -0.045219 0.013156 -0.998875
vn 0.019219 0.163687 -0.986313
vn 0.098000 0.128125 -0.986875
vn -0.147000 -0.029344 -0.988688
vn -0.651812 0.530844 0.541562
vn -0.901094 0.101812 0.421438
vn -0.873219 0.444531 0.199625
vn -0.296344 -0.785688 0.542969
vn -0.347281 -0.865844 0.360125
vn -0.374250 -0.851313 0.367656
vn -0.154125 -0.125781 -0.980000
vn 0.339906 0.127062 0.931813
vn 0.105875 0.180969 0.977750
vn 0.768969 0.431125 0.472000
vn 0.701250 0.182656 -0.689062
vn 0.499531 0.333469 -0.799531
vn 0.664187 0.169719 -0.728000
vn 0.395687 -0.807187 -0.437969
vn 0.083094 -0.789750 -0.607750
vn -0.382062 0.529562 0.757312
vn -0.310187 0.377187 0.872625
vn -0.556687 0.557531 0.615812
vn -0.006875 -0.557969 -0.829813
vn 0.041500 -0.637375 -0.769406
vn 0.254063 -0.597438 -0.760562
vn -0.137250 0.388719 -0.911062
vn -0.295781 0.213188 -0.931156
vn -0.329781 -0.134531 -0.934406
vn -0.549062 -0.442594 -0.708938
vn -0.391125 -0.372875 -0.841375
vn -0.617406 -0.283062 -0.733938
vn -0.326000 -0.850531 -0.412656
vn -0.141781 -0.702031 -0.697844
vn 0.793281 -0.568031 -0.219063
vn 0.335375 -0.923406 -0.186562
vn 0.224750 -0.850187 -0.476063
vn -0.972250 -0.233844 0.000875
vn -0.923063 -0.375688 -0.082156
vn -0.927250 -0.348437 -0.136906
vn 0.858906 0.487469 -0.156969
vn 0.750625 0.557562 -0.354438
vn 0.812937 0.388281 -0.433937
vn -0.767812 0.481156 0.422969
vn -0.847625 0.142219 0.511156
vn -0.850062 0.467250 0.242938
vn -0.379625 0.223594 0.897687
vn -0.619187 0.428719 0.657844
vn -0.411750 0.679156 0.607562
vn 0.873375 -0.302063 -0.382000
vn 0.734531 -0.449313 -0.508469
vn 0.859937 -0.457531 -0.226125
vn -0.818156 -0.429000 0.382812
vn -0.649531 -0.447625 0.614563
vn -0.713219 -0.490000 0.501156
vn -0.426187 0.484469 -0.763937
vn 0.039687 0.594531 -0.803062
vn -0.111625 0.776125 -0.620594
vn -0.609438 0.545438 0.575344
vn -0.484812 0.438844 0.756531
vn -0.669438 0.292000 0.683031
vn -0.441687 0.756750 -0.481844
vn -0.372281 -0.320656 0.870938
vn -0.394750 -0.491313 0.776344
vn -0.249469 -0.166313 0.953969
vn -0.305781 0.900250 -0.309844
vn 0.869781 -0.189812 0.455406
vn 0.865875 0.232937 0.442656
vn 0.580469 0.462594 0.670094
vn -0.044250 -0.404312 0.913531
vn 0.104656 -0.495875 0.862031
vn 0.408250 -0.286781 0.866625
vn 0.338500 0.443938 0.829625
vn 0.577281 0.484844 0.656969
vn 0.087344 0.668500 0.738531
vn -0.548094 0.512250 0.661188
vn 0.507875 0.712500 -0.484125
vn 0.799625 0.478531 -0.362687
vn 0.869781 0.261875 -0.418156
vn -0.925125 0.364031 -0.107562
vn -0.906656 -0.134563 -0.399781
vn -0.782031 0.331531 -0.527719
vn -0.655094 -0.546938 0.521219
vn -0.176719 -0.502406 0.846344
vn -0.182906 -0.510562 0.840125
vn -0.173375 -0.496625 0.850438
vn -0.913156 -0.043250 -0.405250
vn -0.822031 -0.145625 -0.550469
vn -0.792281 -0.014438 -0.609937
vn -0.706969 0.706281 -0.036750
vn -0.543594 -0.386469 0.745031
vn -0.877156 -0.271500 0.396062
vn -0.609844 -0.152156 0.777750
vn 0.525937 -0.017500 0.850312
vn 0.624250 -0.332063 0.707094
vn 0.792875 0.011125 0.609219
vn -0.544937 -0.089344 0.833687
vn -0.746687 0.049406 0.663312
vn -0.644844 -0.189156 0.740500
vn -0.299094 -0.519562 -0.800344
vn -0.217187 -0.371812 -0.902531
vn -0.480375 -0.331437 -0.812000
vn -0.957406 0.130281 0.257656
vn -0.969469 0.144531 0.198031
vn -0.838687 0.471875 0.271875
vn -0.006375 -0.914250 -0.405031
vn 0.631938 0.572688 -0.522156
vn 0.550625 0.403594 -0.730687
vn 0.778094 0.484188 -0.400094
vn 0.383438 -0.690906 0.612844
vn 0.609250 -0.760844 0.223344
vn 0.426562 -0.846313 0.318969
vn -0.282313 -0.519281 -0.806594
vn -0.576594 -0.002469 -0.817000
vn -0.217688 -0.058187 -0.974250
vn -0.269937 -0.035656 -0.962188
vn 0.146875 0.838031 0.525437
vn 0.275187 0.912281 0.303250
vn 0.618187 0.711594 0.333781
vn -0.070844 -0.146938 -0.986594
vn -0.317187 -0.296156 -0.900906
vn -0.338031 0.328125 -0.882062
vn 0.804875 -0.247313 0.539406
vn 0.726031 -0.249656 0.640719
vn 0.699906 -0.538469 -0.469156
vn 0.096562 -0.531156 -0.841719
vn 0.682281 -0.285656 -0.672938
vn 0.542469 0.434188 -0.719125
vn 0.084750 0.455187 -0.886344
vn -0.769625 0.264156 0.581250
vn -0.551938 0.476844 -0.684062
vn -0.427781 0.308969 -0.849406
vn -0.458719 0.429219 -0.778031
vn -0.181844 -0.519469 0.834875
vn -0.182563 -0.521031 0.833750
vn -0.172188 -0.520719 0.836156
vn 0.852906 -0.519625 0.050187
vn 0.950813 -0.300750 0.073844
vn 0.903969 -0.337687 -0.262250
vn 0.364219 0.651812 0.665156
vn 0.886281 0.350594 0.302563
vn 0.822563 0.427781 0.374625
vn 0.833438 0.542625 0.104406
vn 0.754188 0.610094 0.242750
vn 0.872719 0.485875 -0.047344
vn -0.387281 -0.414531 0.823500
vn 0.856313 0.247344 -0.453344
vn 0.732250 0.374844 -0.568563
vn 0.774406 0.200250 -0.600125
vn -0.884500 0.445969 0.136937
vn -0.878281 0.419906 0.228563
vn -0.905750 0.406719 0.119094
vn -0.744812 -0.201094 0.636219
vn -0.772062 -0.136562 0.620687
vn 0.195625 -0.734000 0.650344
vn 0.337594 -0.842344 0.420063
vn 0.168375 -0.675781 0.717562
vn -0.969531 0.148250 0.194937
vn -0.882844 0.438031 0.169250
vn 0.886125 -0.100281 -0.452406
vn 0.741719 -0.036750 -0.669688
vn 0.703344 -0.285000 -0.651187
vn -0.923781 -0.343219 0.169750
vn -0.755500 -0.380875 0.533000
vn -0.827187 -0.416750 0.376844
vn 0.177594 -0.358531 0.916438
vn 0.257656 -0.021125 0.966000
vn 0.048313 0.036969 -0.998125
vn 0.468406 -0.339500 -0.815656
vn 0.407844 -0.267188 -0.873062
vn 0.483219 -0.447156 -0.752688
vn 0.132125 -0.540094 0.831125
vn 0.185219 -0.940562 0.284594
vn 0.139656 -0.734750 0.663781
vn -0.168094 -0.399063 0.901375
vn 0.089250 -0.478875 0.873312
vn -0.593406 -0.331375 0.733500
vn -0.262500 0.754156 0.601906
vn 0.008500 0.720406 0.693469
vn -0.451187 0.692312 0.563094
vn -0.171656 -0.466250 -0.867813
vn 0.158094 -0.504281 -0.848906
vn -0.610500 0.007969 -0.791937
vn -0.789563 -0.066063 -0.610094
vn 0.041531 -0.496437 0.867063
vn 0.045437 -0.470844 0.881031
vn 0.293312 -0.547000 0.784031
vn 0.019594 -0.008313 -0.999750
vn 0.654125 -0.305875 0.691750
vn 0.793594 0.095969 0.600812
vn -0.456031 -0.752437 0.475188
vn -0.459250 -0.884250 -0.084406
vn 0.463906 -0.568625 -0.679250
vn 0.384656 -0.670906 -0.633937
vn 0.791219 0.514875 -0.329875
vn 0.912594 0.395813 0.102375
vn -0.789563 0.351219 0.503187
vn -0.719906 0.433875 -0.541687
vn -0.889250 0.457344 0.001000
vn -0.301562 0.896312 -0.325063
vn -0.406906 0.913437 0.001000
vn 0.043719 0.950094 -0.308812
vn -0.480250 0.645813 0.593469
vn -0.555156 0.689406 0.465281
vn -0.393844 0.586781 0.707469
vn -0.665000 0.602469 -0.441312
vn 0.241500 -0.812844 -0.530000
vn 0.312531 -0.716406 -0.623719
vn 0.255469 -0.670062 -0.696906
vn -0.106000 -0.762719 0.637969
vn 0.088813 -0.536125 0.839437
vn 0.387594 -0.820719 0.419688
vn 0.948750 -0.286156 0.133969
vn 0.997063 -0.019406 0.073875
vn 0.439969 0.099156 -0.892500
vn 0.356969 0.819500 0.448250
vn 0.799500 0.010656 0.600531
vn 0.148031 -0.431500 0.889875
vn -0.086594 -0.431750 0.897812
vn -0.048625 -0.287906 0.956406
vn -0.082219 -0.126312 0.988563
vn 0.183437 -0.098406 0.978063
vn 0.084625 -0.023625 0.996125
vn 0.228531 -0.629000 0.743031
vn 0.243687 -0.741719 0.624844
vn -0.206594 -0.268219 0.940938
vn -0.960875 0.060094 0.270312
vn -0.688000 0.167437 -0.706094
vn -0.694000 0.081688 -0.715312
vn -0.619062 0.037969 -0.784406
vn -0.702094 0.322219 0.634969
vn -0.666562 0.516187 0.537781
vn -0.571406 0.355875 0.739469
vn -0.883344 0.288094 0.369656
vn -0.836625 0.296500 0.460531
vn -0.700844 0.445188 0.557312
vn -0.612844 0.522438 -0.592812
vn 0.650219 0.596187 0.470875
vn 0.404906 0.809719 0.424688
vn 0.584469 0.696031 0.417000
vn -0.243156 0.696625 -0.674937
vn -0.056375 0.881469 -0.468812
vn 0.116656 0.932625 -0.341437
vn -0.040281 0.015250 0.999062
vn -0.075875 -0.052375 0.995719
vn -0.208625 -0.039969 0.977156
vn 0.894938 -0.442688 0.055406
vn 0.892719 -0.351719 0.281656
vn 0.966156 -0.255219 -0.037000
vn -0.130219 -0.135750 0.982125
vn -0.362344 -0.886187 0.288687
vn -0.253437 -0.912281 0.321656
vn -0.401906 0.621406 0.672500
vn -0.492125 0.614250 0.616813
vn -0.451187 0.682813 0.574594
vn -0.345062 0.690031 0.636219
vn -0.064000 0.483031 0.873250
vn 0.434281 -0.122656 -0.892375
vn 0.142687 -0.133719 -0.980687
vn -0.853219 -0.459031 -0.247531
vn -0.543312 -0.731906 -0.411156
vn -0.703594 -0.589969 -0.396031
vn -0.560469 -0.522438 -0.642563
vn 0.855625 0.077875 -0.511656
vn -0.080500 -0.165813 0.982844
vn 0.083469 -0.138031 0.986875
vn -0.150312 -0.110719 0.982406
vn -0.403062 -0.198500 0.893375
vn -0.477594 0.133437 0.868375
vn -0.780906 -0.549187 -0.297531
vn -0.697719 -0.565781 -0.439344
vn -0.692344 -0.498469 -0.521656
vn -0.983094 0.168625 -0.071281
vn -0.958281 0.280656 0.053781
vn 0.208031 -0.774125 0.597844
vn 0.355531 -0.574594 0.737156
vn -0.120531 -0.666281 0.735844
vn 0.927500 0.240625 -0.286031
vn 0.478969 -0.419656 0.771000
vn -0.579656 0.583906 0.568344
vn -0.683937 0.576594 0.446906
vn -0.139062 0.766375 0.627125
vn -0.680531 -0.094250 0.726594
vn -0.898687 0.395094 0.190250
vn -0.766094 0.438563 0.469781
vn 0.570125 -0.430344 -0.699781
vn 0.546406 -0.465156 -0.696437
vn 0.605500 -0.560656 -0.564781
vn -0.075438 0.329406 0.941156
vn 0.229625 0.664187 0.711375
vn 0.047250 0.511094 0.858187
vn 0.909094 -0.413750 -0.047938
vn 0.571312 -0.700906 0.426937
vn 0.983813 -0.071031 -0.164375
vn 0.169094 0.298500 -0.939281
vn 0.522438 0.466406 -0.713781
vn -0.835469 0.538250 -0.110531
vn -0.542594 0.774281 -0.325625
vn -0.450156 0.738063 -0.502594
vn 0.796812 0.509094 -0.325375
vn 0.950250 0.032969 -0.309656
vn 0.879812 0.344250 -0.327719
vn 0.779562 0.353500 0.516969
vn 0.583156 0.465000 0.666062
vn 0.664531 0.595750 0.451063
vn -0.888344 0.093906 0.449437
vn 0.410188 -0.214813 -0.886312
vn 0.262125 -0.138781 0.954969
vn 0.051469 -0.209031 0.976531
vn -0.818656 -0.295563 0.492344
vn -0.733563 0.497719 0.462719
vn -0.418281 -0.061781 -0.906187
vn 0.941531 -0.214625 -0.259656
vn -0.735844 -0.677000 0.013469
vn -0.881844 -0.440219 0.168875
vn -0.951250 -0.244281 0.188187
vn -0.969281 -0.187844 0.158688
vn -0.882625 0.308375 0.354719
vn -0.913813 0.323375 0.245594
vn -0.998250 -0.058344 0.005563
vn 0.852000 -0.146594 0.502563
vn 0.948656 -0.144594 0.281250
vn 0.435562 0.247750 -0.865375
vn 0.426594 0.319531 -0.846094
vn 0.472875 0.168125 -0.864906
vn -0.405656 0.683406 0.606906
vn -0.758687 0.438563 0.481656
vn -0.590219 0.544688 0.595750
vn 0.161062 0.296219 -0.941437
vn -0.980781 -0.058594 -0.185937
vn -0.828531 0.301812 -0.471563
vn -0.974187 -0.200906 -0.102656
vn -0.144938 0.349813 0.925531
vn -0.061469 0.494563 0.866938
vn 0.847875 0.074969 -0.524813
vn -0.721500 0.692187 -0.016594
vn -0.723656 -0.581625 -0.371437
vn -0.668781 -0.607813 -0.428094
vn -0.030906 0.998000 0.054969
vn 0.862969 -0.414562 -0.288719
vn 0.877375 -0.423500 -0.225500
vn 0.896594 -0.340688 -0.282813
vn -0.285094 -0.074469 0.955594
vn -0.734156 -0.314406 0.601750
vn -0.933281 -0.357375 -0.035344
vn -0.607938 -0.650281 0.455531
vn 0.513344 0.001594 -0.858156
vn 0.615750 0.145031 -0.774469
vn 0.631000 0.185094 -0.753344
vn -0.505531 -0.453844 0.733750
vn -0.278656 -0.417750 0.864750
vn -0.582625 -0.527625 0.618156
vn -0.930094 -0.186438 -0.316438
vn -0.985812 -0.081594 -0.146500
vn -0.453500 -0.520906 -0.723156
vn -0.526812 -0.261000 -0.808875
vn -0.589500 -0.513781 0.623281
vn -0.259000 -0.673375 0.692406
vn -0.268750 -0.733281 0.624531
vn -0.188125 -0.677250 0.711281
vn -0.394531 0.896875 -0.199844
vn -0.679156 0.712781 -0.175000
vn -0.751437 0.174969 -0.636125
vn -0.089500 -0.613344 0.784688
vn -0.121844 -0.760750 0.637469
vn -0.815750 -0.090125 -0.571281
vn -0.766719 0.032000 -0.641156
vn 0.939094 0.098687 0.329094
vn -0.606656 -0.293875 0.738625
vn -0.654125 -0.113688 0.747750
vn -0.344906 -0.279500 0.896031
vn -0.477937 -0.838500 -0.261656
vn -0.685063 -0.421250 -0.594312
vn -0.455375 -0.550469 -0.699687
vn 0.605969 -0.556469 0.568406
vn 0.951281 0.246531 0.185062
vn 0.915688 0.401469 0.016750
vn 0.342844 -0.214781 0.914500
vn 0.636750 -0.201188 0.744313
vn -0.564281 -0.785062 -0.255375
vn 0.840469 -0.539813 0.046813
vn 0.953281 -0.264344 0.146125
vn 0.499844 0.576094 -0.646688
vn 0.934812 0.290531 -0.204187
vn 0.774000 0.271500 -0.572000
vn -0.852469 -0.480969 -0.204781
vn -0.688688 -0.596406 -0.412250
vn -0.963156 -0.267750 -0.024094
vn -0.225063 0.394437 -0.890906
vn -0.198250 0.454812 -0.868219
vn -0.819750 -0.464563 0.334875
vn -0.944594 0.319406 0.075469
vn 0.616219 -0.667687 0.417625
vn 0.154250 0.651500 -0.742781
vn 0.202281 0.079219 0.976094
vn 0.333562 -0.391219 0.857687
vn -0.193875 0.031906 0.980500
vn 0.908500 -0.083625 -0.409375
vn -0.156625 -0.529625 0.833625
vn -0.157719 -0.533875 0.830688
vn -0.163188 -0.525125 0.835219
vn -0.023000 0.807125 -0.589906
vn 0.398313 0.672312 -0.623906
vn 0.070562 0.354500 0.932375
vn -0.939594 0.331000 0.086813
vn -0.943344 0.331625 -0.010625
vn -0.695437 0.669656 0.260594
vn 0.867781 0.405437 0.287250
vn 0.749875 0.030063 0.660844
vn 0.931281 -0.000094 0.364219
vn -0.188406 -0.917188 0.351063
vn 0.846313 0.431906 -0.311687
vn -0.342562 0.083438 -0.935750
vn -0.861344 0.496812 -0.105969
vn -0.792156 0.246531 -0.558250
vn -0.803250 0.593656 0.048375
vn 0.068438 0.014813 -0.997531
vn 0.390906 -0.025656 -0.920062
vn 0.527313 0.247844 -0.812688
vn -0.081406 -0.317719 0.944656
vn -0.204625 0.558500 0.803844
vn -0.966906 -0.236156 0.096437
vn -0.968594 -0.217500 0.120344
vn -0.952531 -0.299812 0.052781
vn -0.160469 0.784156 -0.599437
vn -0.343000 0.771187 -0.536250
vn -0.770906 0.231000 -0.593531
vn 0.908188 0.383969 -0.166531
vn 0.913656 0.386313 -0.126375
vn 0.876750 0.279750 -0.391156
vn 0.553625 0.216844 -0.804000
vn 0.739062 0.060781 -0.670875
vn 0.018094 -0.893250 -0.449156
vn -0.221875 -0.866219 -0.447656
vn -0.082938 -0.930344 -0.357156
vn 0.605187 0.557938 0.567844
vn -0.727531 -0.604750 0.323906
vn -0.764500 -0.388500 0.514344
vn -0.573687 -0.580000 0.578281
vn -0.306812 -0.757344 -0.576406
vn -0.076125 -0.741188 -0.666937
vn -0.477500 0.809594 0.341312
vn -0.615406 0.118063 -0.779281
vn -0.414875 0.169906 -0.893844
vn 0.985031 0.151094 -0.082656
vn 0.551156 -0.831875 -0.064750
vn 0.357375 -0.899281 -0.252031
vn -0.426250 0.436531 -0.792281
vn -0.396313 0.658750 -0.639469
vn -0.381625 0.546719 -0.745250
vn -0.763156 -0.479594 -0.433062
vn 0.422688 0.334594 0.842219
vn -0.205906 -0.068812 -0.976125
vn -0.324469 -0.121156 -0.938094
vn 0.409438 0.311656 -0.857437
vn 0.495187 -0.023906 -0.868438
vn 0.603312 -0.661594 0.445219
vn 0.874000 -0.394812 0.283188
vn 0.682531 -0.395687 0.614406
vn -0.490375 0.024438 -0.871156
vn 0.359531 0.830312 0.425781
vn 0.495313 0.736375 0.460844
vn 0.260656 0.892469 0.368094
vn -0.757281 -0.276688 -0.591563
vn -0.490250 -0.291094 -0.821500
vn 0.397438 0.311594 -0.863094
vn 0.431750 0.269781 -0.860687
vn 0.720219 0.223469 0.656719
vn 0.257844 0.171656 0.950813
vn 0.369344 0.100906 0.923781
vn 0.203750 0.207531 0.956750
vn 0.117875 0.031562 0.992500
vn 0.578250 -0.750281 0.320437
vn 0.943750 -0.309750 -0.115656
vn 0.357906 -0.756813 -0.546906
vn 0.109375 -0.777344 -0.619469
vn -0.317219 -0.782562 -0.535625
vn 0.363031 -0.849312 0.383156
vn 0.242844 -0.818625 0.520437
vn -0.204563 0.142656 -0.968375
vn -0.347187 0.393906 -0.851031
vn 0.476250 -0.265469 0.838250
vn 0.528313 -0.083781 0.844875
vn 0.556094 -0.113844 0.823250
vn -0.630469 0.194750 -0.751375
vn -0.371406 0.111781 -0.921687
vn -0.717938 0.200875 -0.666469
vn -0.142875 0.591344 0.793625
vn -0.821500 -0.509656 0.255563
vn -0.837375 -0.526281 -0.147594
vn 0.582000 -0.091875 -0.807938
vn -0.624375 -0.219469 -0.749625
vn -0.663750 -0.477719 -0.575469
vn -0.171500 -0.959469 -0.223500
vn 0.176437 -0.983406 0.041813
vn -0.164500 0.261344 0.951094
vn -0.132250 0.034094 0.990625
vn -0.180875 0.196000 -0.963750
vn 0.200438 0.565344 -0.800094
vn -0.154281 0.144156 -0.977437
vn 0.029750 0.674094 0.738000
vn -0.016125 0.299750 0.953875
vn -0.266438 0.692312 0.670563
vn -0.052500 0.009000 -0.998563
vn 0.882000 0.470969 0.015625
vn 0.545844 0.803969 -0.235844
vn 0.514313 0.160406 0.842438
vn 0.568719 0.640906 0.515500
vn 0.768844 0.514000 0.380313
vn 0.592156 0.173844 0.786812
vn -0.229000 0.137719 0.963625
vn 0.427875 -0.279375 0.859563
vn -0.759562 0.351906 -0.546969
vn -0.743219 0.230969 -0.627875
vn 0.356219 -0.623906 0.695531
vn 0.366594 -0.509656 0.778344
vn -0.792750 -0.084344 -0.603625
vn -0.890469 -0.050813 0.452125
vn 0.506750 0.856562 0.097375
vn 0.360375 -0.097531 -0.927688
vn 0.983813 0.000500 -0.179031
vn 0.754000 0.237219 0.612500
vn -0.925844 0.068187 -0.371656
vn -0.884469 0.251938 -0.392687
vn -0.992656 0.057937 -0.106063
vn -0.249625 0.916156 -0.313500
vn -0.776219 0.483125 0.405000
vn -0.861625 -0.460063 -0.214250
vn -0.888812 -0.349187 -0.296719
vn -0.628313 0.753000 0.195281
vn -0.562031 0.725906 0.396437
vn 0.832656 -0.006063 0.553719
vn 0.897563 -0.193500 0.396125
vn 0.474594 -0.479562 0.738063
vn 0.060656 -0.488063 0.870687
vn -0.174594 -0.132125 -0.975719
vn -0.433031 -0.194719 -0.880063
vn 0.933719 -0.259781 -0.246250
vn 0.914344 -0.325719 -0.240531
vn 0.940719 -0.242469 -0.237062
vn -0.250000 -0.386625 0.887688
vn -0.237531 -0.320219 0.917063
vn 0.297406 0.709906 0.638375
vn 0.203688 -0.870938 -0.447156
vn 0.620469 0.754938 0.212281
vn 0.821187 0.569875 -0.029156
vn 0.672625 0.738437 0.047344
vn 0.851062 0.501562 -0.155250
vn 0.887187 0.419000 0.193125
vn 0.857687 -0.471844 0.204156
vn 0.941531 0.335781 -0.027313
vn 0.809937 0.193094 0.553781
vn 0.646094 0.393687 -0.653875
vn -0.807531 -0.298063 -0.508937
vn -0.284750 0.143750 -0.947750
vn -0.961781 0.122594 -0.244750
vn -0.883812 -0.450156 -0.127250
vn -0.833031 0.055750 -0.550344
vn 0.098281 0.880031 -0.464563
vn 0.177531 0.962750 -0.203812
vn 0.097344 0.961812 -0.255719
vn -0.943812 -0.265063 -0.197219
vn 0.583188 0.771656 -0.253750
vn -0.308531 -0.403250 0.861469
vn -0.396188 -0.442937 0.804219
vn -0.249719 -0.363094 0.897656
vn 0.974656 0.222188 0.024844
vn 0.982656 -0.037594 -0.181438
vn 0.995562 0.062906 0.069906
vn 0.924187 0.264812 -0.275125
vn 0.756844 0.617094 -0.215188
vn 0.963281 -0.146719 -0.224719
vn 0.419750 0.405156 0.812156
vn 0.437063 0.147813 0.887187
vn 0.184125 0.403219 0.896375
vn -0.344844 0.410031 0.844344
vn -0.636563 0.369063 0.677156
vn -0.577625 0.075469 0.812781
vn 0.689625 0.645625 0.327906
vn -0.460281 0.731750 -0.502625
vn -0.498906 0.766219 -0.404906
vn -0.457188 0.734750 -0.501063
vn -0.672312 -0.068187 -0.737094
vn 0.194937 0.587500 0.785344
vn -0.408312 -0.594375 -0.692781
vn 0.030375 -0.250656 0.967594
vn -0.282250 -0.273250 0.919594
vn -0.036031 -0.428750 0.902687
vn -0.762500 0.113219 -0.636969
vn -0.735125 -0.076000 -0.673625
vn -0.694188 -0.297844 -0.655219
vn -0.123906 -0.849625 0.512563
vn -0.536188 -0.415563 0.734688
vn -0.538000 -0.498281 0.679844
vn -0.867156 -0.323125 0.378906
vn -0.468156 0.612813 0.636563
vn 0.643781 0.685844 0.339281
vn 0.837094 -0.432219 -0.335250
vn -0.049844 -0.254656 -0.965719
vn -0.366875 -0.130437 -0.921063
vn -0.411531 -0.290906 -0.863688
vn -0.183969 -0.494219 0.849625
vn -0.154719 -0.184938 0.970469
vn 0.443094 -0.786156 0.430813
vn 0.180000 -0.784437 0.593469
vn -0.092406 -0.420031 0.902781
vn -0.611719 0.547562 0.570906
vn -0.581937 0.593125 0.556313
vn 0.451500 0.535937 -0.713344
vn -0.887625 -0.324719 -0.326562
vn -0.988625 0.039406 -0.145125
vn -0.705688 0.499656 0.502281
vn -0.318031 0.817031 -0.480875
vn -0.399625 -0.467156 0.788688
vn -0.265188 -0.885156 -0.382250
vn -0.360563 -0.851188 -0.381375
vn -0.152594 -0.856906 -0.492312
vn 0.377000 0.685750 0.622563
vn 0.701906 -0.669219 -0.243813
vn 0.794594 -0.605812 0.039344
vn 0.751188 -0.591656 -0.292625
vn -0.699250 -0.711250 0.071500
vn 0.532562 0.298781 0.791875
vn 0.730062 -0.067844 0.679969
vn 0.105125 -0.332906 -0.937063
vn -0.164438 -0.328594 -0.930031
vn -0.323938 0.023031 0.945781
vn -0.817625 -0.251188 0.518031
vn -0.242031 -0.191188 0.951219
vn -0.310062 -0.288719 0.905813
vn 0.853813 -0.095063 -0.511781
vn -0.449813 0.213156 0.867281
vn -0.248594 -0.296031 0.922250
vn -0.265969 0.766813 -0.584156
vn -0.241250 -0.702313 0.669688
vn 0.759000 -0.478969 -0.440969
vn 0.715875 -0.258750 -0.648469
vn 0.789156 -0.503625 -0.351469
vn 0.228375 0.486313 -0.843406
vn 0.173156 0.243406 -0.954313
vn -0.897906 -0.146750 -0.414937
vn 0.047938 0.899594 0.434031
vn 0.099719 0.870062 0.482719
vn 0.146500 0.885000 0.441906
vn -0.715187 -0.181562 -0.674906
vn -0.262031 -0.431875 0.863000
vn -0.163969 -0.608938 0.776062
vn -0.899469 0.427188 0.091937
vn -0.883594 0.465969 0.045875
vn -0.877813 0.477094 0.042062
vn -0.733156 0.667250 0.131281
vn -0.778250 0.580562 0.239219
vn 0.453469 0.641781 0.618406
vn 0.475500 0.709406 0.520219
vn 0.112062 0.783719 0.610875
vn 0.711500 -0.006719 0.702625
vn 0.464594 -0.536875 0.704156
vn 0.881656 -0.347500 0.319156
vn 0.659187 0.428438 -0.617969
vn 0.784187 0.348281 0.513500
vn -0.921438 0.384969 -0.051937
vn -0.712875 0.575312 -0.401000
vn -0.854344 0.471844 -0.217781
vn -0.634406 0.676219 0.374438
vn -0.630281 0.533562 0.563906
vn -0.338813 -0.545094 0.766844
vn -0.394000 0.598813 -0.697250
vn -0.330094 0.664781 -0.670125
vn -0.345000 0.726406 -0.594344
vn -0.497969 -0.089719 0.862500
vn -0.438344 -0.811969 -0.385375
vn -0.418625 -0.857437 -0.299219
vn -0.387656 -0.782562 -0.487094
vn -0.759438 -0.473281 -0.446312
vn -0.797156 -0.354000 -0.489062
vn -0.921188 -0.364062 -0.137219
vn 0.782281 0.569094 -0.253219
vn 0.274188 0.857188 -0.435875
vn 0.773594 0.587719 -0.236813
vn 0.260219 -0.593656 -0.761469
vn 0.734531 -0.012500 0.678406
vn -0.471844 -0.374312 0.798250
vn -0.463781 -0.186469 -0.866094
vn -0.653250 0.126563 -0.746469
vn -0.239187 0.960437 0.142594
vn 0.861469 0.273594 0.427781
vn 0.195500 0.874313 0.444187
vn 0.238000 0.904000 0.355094
vn -0.571094 0.590094 -0.570594
vn -0.510656 0.583281 -0.631625
vn -0.095500 0.989781 -0.105594
vn -0.098844 0.991500 0.084250
vn -0.114781 0.936625 -0.330906
vn 0.922531 0.344031 -0.174750
vn 0.251594 -0.910750 -0.327406
vn 0.250062 -0.887875 -0.386125
vn 0.161625 -0.968063 0.191563
vn -0.857031 -0.209156 -0.470875
vn 0.658625 0.097062 0.746156
vn 0.751594 0.116750 0.649156
vn -0.811437 -0.425875 -0.400187
vn -0.886344 -0.433437 -0.162687
vn 0.790438 0.591219 -0.159969
vn 0.528906 -0.734281 -0.425469
vn 0.043625 0.102625 0.993750
vn 0.092688 -0.718969 0.688781
vn 0.168344 -0.887125 0.429688
vn 0.132906 -0.765938 0.629000
vn -0.225125 -0.005594 0.974281
vn -0.393375 0.817906 0.419844
vn 0.014875 0.187562 0.982125
vn 0.051875 0.774188 0.630781
vn 0.039344 0.862688 0.504188
vn 0.504812 0.764375 -0.401031
vn 0.724969 0.688719 -0.001688
vn 0.468688 0.883250 0.012281
vn 0.908437 0.364062 -0.205313
vn -0.695875 0.654656 -0.295188
vn -0.575219 0.777875 0.252937
vn -0.191250 0.765094 -0.614844
vn 0.622406 0.286750 -0.728250
vn -0.479625 0.532156 -0.697656
vn -0.535344 0.169219 0.827469
vn -0.246656 0.006594 0.969063
vn -0.361844 -0.109625 0.925750
vn -0.807594 -0.058688 -0.586781
vn 0.361906 0.747187 0.557375
vn 0.187219 0.943812 0.272219
vn -0.605812 -0.379125 -0.699437
vn -0.456406 -0.096969 -0.884438
vn -0.558406 -0.232812 -0.796188
vn 0.780750 -0.597594 -0.182406
vn 0.818656 0.324281 -0.473938
vn 0.538063 0.036250 -0.842094
vn -0.277813 0.952438 -0.125156
vn -0.398875 0.887062 -0.232344
vn -0.311250 0.936750 -0.159969
vn -0.765219 -0.037531 0.642656
vn -0.812219 0.057406 0.580500
vn -0.761094 0.210656 0.613469
vn -0.146250 0.704219 -0.694719
vn 0.979219 0.174469 0.103188
vn 0.087156 0.740781 -0.666031
vn 0.130469 0.583531 -0.801500
vn -0.253375 0.827250 -0.501406
vn -0.492500 0.863594 -0.107719
vn -0.662812 -0.439438 -0.606219
vn -0.845375 0.516250 0.137000
vn 0.619375 0.341531 -0.706875
vn -0.664625 -0.656125 0.357437
vn -0.710281 -0.170500 0.682938
vn 0.205187 -0.967156 -0.149969
vn -0.047156 -0.993344 -0.105031
vn 0.153094 0.583938 -0.797188
vn 0.157719 0.578937 -0.799937
vn -0.613594 0.173562 -0.770281
vn -0.193969 0.706062 -0.681031
vn -0.268687 0.784406 -0.559000
vn -0.255156 0.815406 -0.519562
vn -0.164500 -0.402000 0.900719
vn -0.633937 -0.753250 0.175187
vn -0.867656 0.331781 -0.370187
vn -0.960875 0.265344 -0.079281
vn 0.711844 -0.700031 0.056375
vn -0.677969 0.555906 -0.480938
vn -0.489375 0.551344 -0.675625
vn -0.291938 0.663688 -0.688656
vn -0.190313 0.058906 -0.979937
vn 0.119531 -0.285031 -0.951031
vn -0.091750 -0.200438 -0.975375
vn -0.734594 0.549219 0.398344
vn -0.682969 0.657938 0.317187
vn 0.137750 0.270375 -0.952844
vn -0.586812 -0.125375 -0.799937
vn -0.625531 -0.128063 -0.769594
vn -0.404750 0.067062 0.911937
vn -0.403781 -0.167187 0.899437
vn -0.024438 -0.272906 0.961719
vn -0.006063 -0.277469 0.960688
vn 0.448625 0.236750 -0.861750
vn -0.884063 0.466437 0.028438
vn -0.901031 0.432969 0.025875
vn 0.547406 0.271531 -0.791562
vn 0.642563 -0.308000 -0.701563
vn 0.606250 -0.502344 -0.616500
vn 0.522313 0.200219 -0.828875
vn 0.482031 0.179813 -0.857469
vn 0.360281 0.113063 -0.925937
vn 0.122094 0.094062 -0.988031
vn 0.276750 0.325094 -0.904250
vn -0.651062 0.005656 0.758969
vn -0.057188 0.371344 0.926719
vn -0.960187 0.172969 0.219344
vn 0.620344 0.215250 0.754188
vn -0.948531 -0.276031 -0.155062
vn 0.450406 -0.380781 -0.807531
vn -0.001719 -0.028500 -0.999563
vn 0.770063 0.143438 0.621594
vn -0.748594 0.322188 -0.579437
vn -0.729000 0.230125 -0.644625
vn -0.160812 -0.299219 -0.940531
vn -0.255531 -0.012094 -0.966719
vn 0.108813 -0.328813 -0.938094
vn 0.008500 -0.733938 0.679125
vn -0.167219 -0.664312 0.728469
vn 0.065219 0.889531 -0.452156
vn -0.044094 0.761656 -0.646438
vn -0.041344 0.933125 -0.357094
vn 0.129031 0.898406 -0.419719
vn 0.202594 0.891906 -0.404281
vn 0.413594 0.841406 -0.347750
vn 0.491750 0.507688 -0.707406
vn 0.562312 0.514188 -0.647563
vn 0.316063 -0.535125 -0.783375
vn -0.695500 -0.672375 0.253188
vn 0.638156 0.360687 -0.680156
vn 0.593875 0.330219 -0.733625
vn 0.593281 0.416594 -0.688781
vn -0.294844 -0.021531 -0.955281
vn -0.154250 -0.411344 -0.898313
vn 0.409250 -0.733031 -0.543250
vn 0.429594 -0.801562 -0.415844
vn -0.428844 -0.085437 -0.899312
vn 0.584375 -0.655312 -0.478531
vn -0.173594 -0.659094 -0.731719
vn -0.291031 -0.679156 -0.673781
vn -0.123812 -0.656125 -0.744406
vn -0.890594 -0.453938 0.026812
vn -0.827906 -0.549312 -0.113031
vn 0.606313 -0.792250 0.068656
vn 0.476031 0.439344 -0.761813
vn -0.471969 0.587438 -0.657344
vn 0.357594 0.106625 -0.927750
vn -0.716313 -0.334844 -0.612156
vn 0.636625 -0.620188 -0.458281
vn 0.871969 0.127062 0.472719
vn 0.856313 -0.086125 -0.509156
vn 0.814531 -0.084500 -0.573875
vn 0.573219 0.562875 -0.595438
vn 0.754719 -0.407844 0.513844
vn -0.910312 0.412125 0.037781
vn -0.881906 -0.094906 0.461719
vn 0.665187 -0.726625 -0.171750
vn 0.317375 -0.159344 -0.934781
vn -0.870438 0.396188 -0.292156
vn -0.536844 -0.403594 0.740844
vn 0.816750 -0.491188 0.302625
vn 0.794937 -0.534719 0.286531
vn -0.637219 0.466031 0.613750
vn -0.542437 0.757156 0.363875
vn 0.134813 0.460281 -0.877437
vn -0.223031 0.924875 -0.307938
vn 0.195719 -0.389906 -0.899781
vn 0.214094 0.786531 -0.579188
vn -0.417313 0.596656 0.685406
vn -0.420625 0.324187 0.847313
vn 0.822594 0.542500 0.170188
vn 0.917531 0.397625 -0.001750
vn -0.286563 -0.891594 -0.350563
vn -0.735625 0.487281 0.470469
vn -0.847531 -0.527344 0.059781
vn -0.856156 -0.441000 0.269188
vn -0.746781 -0.611125 0.262281
vn 0.914500 -0.320844 -0.246344
vn 0.889125 -0.341406 -0.304719
vn 0.500812 -0.036625 0.864750
vn 0.838687 0.060219 -0.541219
vn 0.839938 0.105312 -0.532344
vn 0.904688 0.102094 -0.413594
vn 0.535406 0.539125 -0.650094
vn 0.091812 -0.350656 -0.931969
vn 0.006719 -0.349937 -0.936719
vn 0.620313 0.648938 -0.440500
vn -0.686125 -0.391875 -0.612844
vn 0.669062 -0.469750 0.575875
vn -0.372813 -0.288531 0.881875
vn -0.110750 0.127500 0.985625
vn -0.435969 -0.520281 -0.734281
vn -0.559875 -0.249875 -0.789969
vn -0.364750 -0.411375 0.835281
vn 0.511563 0.430344 -0.743688
vn 0.931625 0.307094 -0.194188
vn 0.956750 0.181031 -0.227656
vn 0.578250 -0.133281 0.804875
vn -0.387406 -0.137406 0.911594
vn -0.381875 -0.144375 0.912844
vn 0.171781 -0.717719 0.674750
vn 0.480125 -0.698594 0.530500
vn 0.698844 -0.576813 0.422906
vn 0.885969 0.463688 -0.001375
vn -0.637125 0.319562 -0.701344
vn -0.226875 -0.136094 0.964344
vn -0.688656 0.566344 -0.452688
vn 0.580344 0.303250 -0.755750
vn -0.004594 -0.845406 -0.534063
vn 0.846062 -0.461344 -0.267031
vn 0.841031 -0.433688 -0.323344
vn 0.771531 0.280281 0.571094
vn -0.808688 0.587406 0.030437
vn 0.844156 0.444531 -0.299594
vn 0.339625 0.690719 -0.638375
vn -0.040781 0.894687 -0.444813
vn 0.430187 0.573687 -0.696969
vn -0.818625 -0.454719 -0.350750
vn 0.684719 0.728750 -0.007875
vn 0.952625 0.180594 0.244625
vn 0.992500 0.121219 0.014875
vn -0.395625 0.877281 -0.271688
vn 0.835281 -0.491625 -0.246156
vn -0.830500 -0.007781 0.556906
vn 0.905656 -0.347625 -0.242687
vn 0.924094 -0.324062 -0.202500
vn 0.962531 0.266688 -0.049000
vn 0.947500 -0.259438 -0.186781
vn -0.879656 0.474031 -0.037969
vn -0.799906 0.544469 -0.252281
vn -0.434219 0.715688 -0.546969
vn 0.145437 0.812125 -0.565031
vn 0.931437 0.160969 -0.326281
vn 0.870219 0.188000 -0.455312
vn 0.763469 0.167344 -0.623750
vn 0.509031 -0.805500 0.303344
vn 0.916062 -0.346000 -0.202688
vn -0.357437 -0.933844 0.010906
vn -0.088594 -0.948719 -0.303406
vn 0.902531 -0.423031 -0.080187
vn -0.106000 0.552781 -0.826531
vn -0.464469 -0.698750 -0.544000
vn -0.152031 -0.510750 0.846156
vn -0.150312 -0.503187 0.850969
vn -0.144406 -0.505437 0.850656
vn 0.870313 -0.488344 0.063469
vn 0.889344 -0.457094 0.009719
vn -0.225438 0.315156 0.921844
vn 0.915656 0.001375 0.401906
vn 0.971719 0.033813 -0.233625
vn -0.546687 -0.122375 -0.828313
vn -0.902188 -0.391219 0.181562
vn -0.922344 -0.376812 -0.085281
vn -0.718562 -0.691219 -0.076187
vn -0.666375 -0.599281 -0.443563
vn -0.428875 0.902344 -0.042250
vn -0.386906 0.917063 -0.096375
vn -0.676813 -0.570813 -0.464812
vn -0.906500 -0.269188 -0.325188
vn 0.482500 -0.803187 0.349375
vn -0.109687 0.565031 -0.817719
vn -0.986719 -0.156594 0.043000
vn -0.945188 -0.006844 0.326406
vn -0.841844 -0.500313 -0.202406
vn -0.841250 -0.497500 -0.211594
vn -0.852063 -0.487469 -0.190531
vn 0.441906 -0.727969 -0.524156
vn -0.398313 0.837000 -0.375156
vn -0.394406 0.841156 -0.369938
vn -0.401844 0.868500 -0.290125
vn 0.293844 0.335219 -0.895125
vn 0.491531 0.496312 -0.715563
vn -0.533750 -0.523406 -0.664156
vn -0.835625 -0.502375 -0.222062
vn -0.409031 0.210063 0.888000
vn -0.784875 -0.085500 0.613688
vn 0.171281 -0.792281 -0.585594
vn 0.964750 -0.103688 -0.241844
vn -0.849594 0.452281 0.271250
vn -0.777937 0.530813 0.336125
vn -0.976094 0.071000 0.205375
vn -0.904250 -0.129625 -0.406781
vn 0.925188 0.278313 0.257969
vn 0.755656 0.166844 0.633344
vn -0.062969 0.928094 -0.366937
vn -0.701531 0.616562 0.357281
vn 0.063031 0.452469 0.889531
vn 0.958063 -0.248344 -0.142813
vn 0.980125 -0.051625 0.191500
vn -0.312344 0.736562 -0.599906
vn 0.495094 -0.311344 -0.811125
vn 0.836156 -0.302500 0.457500
vn 0.792063 -0.486031 0.369250
vn 0.575594 0.541406 -0.612781
vn -0.454156 -0.759281 0.466000
vn -0.744125 -0.646563 -0.167969
vn -0.814125 0.405187 -0.415938
vn -0.961594 0.264562 0.072719
vn 0.443938 -0.876750 -0.184906
vn -0.992094 -0.116375 0.046344
vn -0.916781 -0.381281 -0.118625
vn -0.874219 0.451250 -0.179156
vn -0.900219 0.429781 -0.069594
vn -0.574156 -0.632156 -0.520219
vn -0.649437 0.759469 0.037375
vn -0.667375 0.744406 0.020625
vn 0.563844 0.342594 -0.751437
vn -0.602156 0.733594 0.314969
vn -0.456875 0.889250 -0.021688
vn -0.431781 0.731250 0.528031
vn -0.754812 0.623312 0.204187
vn -0.811406 0.565250 0.148563
vn 0.277187 -0.296031 -0.914062
vn 0.873594 0.457531 -0.165625
vn 0.828094 0.548125 -0.117375
vn 0.907156 0.411375 -0.088188
vn -0.536937 -0.140500 -0.831813
vn -0.213687 0.638281 -0.739531
vn 0.310937 0.788188 0.531062
vn 0.338281 0.789125 0.512656
vn -0.922562 -0.376219 -0.085437
vn -0.417594 0.568969 0.708406
vn -0.446656 0.383656 0.808250
vn -0.400969 -0.892781 0.205281
vn -0.756406 0.428406 0.494219
vn -0.457687 -0.885562 0.079219
vn -0.036531 -0.973063 -0.227594
vn -0.695031 -0.226437 -0.682344
vn -0.695281 -0.227625 -0.681687
vn -0.345437 0.776656 0.526719
vn -0.633406 0.763469 -0.126094
vn -0.520906 -0.836937 -0.167719
vn -0.753500 0.637719 0.159688
vn 0.373656 0.927281 0.021625
vn -0.292531 0.719094 -0.630313
vn -0.805344 0.290500 0.516688
vn -0.829875 0.289656 0.476813
vn -0.852594 0.288188 0.435906
vn 0.204156 0.914688 0.348781
vn -0.975281 -0.216188 0.045594
vn -0.620844 -0.504094 0.600312
vn -0.291969 0.930687 -0.220313
vn 0.863750 -0.503375 0.022719
vn 0.807000 -0.583875 0.088188
vn -0.424094 0.905594 -0.002094
vn -0.152625 0.967125 0.203375
vn 0.213750 -0.547938 0.808719
vn 0.940594 0.167406 -0.295375
vn 0.037375 -0.517406 -0.854906
vn -0.302875 -0.596594 -0.743156
vn -0.743937 0.455438 -0.488969
vn -0.962844 0.013906 -0.269625
vn -0.014500 0.845375 0.533969
vn 0.130000 -0.285219 0.949594
vn -0.882344 0.334594 0.330844
vn 0.519813 0.243719 -0.818750
vn -0.727344 0.663156 -0.176437
vn -0.752625 -0.218562 -0.621094
vn 0.421469 -0.794594 0.436938
vn 0.268000 -0.891563 0.365063
vn -0.599969 0.549062 -0.581844
vn -0.280094 -0.486625 -0.827469
vn 0.881187 0.280281 -0.380688
vn -0.952969 -0.301656 -0.028219
vn 0.699844 0.228750 -0.676625
vn -0.299469 0.732125 -0.611781
vn -0.537781 -0.829344 0.151500
vn 0.695125 0.622906 -0.358781
vn 0.204437 0.738781 0.642156
vn -0.742688 -0.435219 0.508844
vn 0.944219 0.169594 -0.282219
vn 0.862312 0.215000 -0.458438
vn 0.825781 -0.537250 -0.171469
vn -0.160656 -0.515312 0.841781
vn -0.154844 -0.526031 0.836219
vn -0.782938 -0.560906 0.268937
vn 0.739375 0.669750 -0.068687
vn -0.032938 0.992250 -0.119625
vn -0.744125 0.645813 0.170750
vn 0.045063 0.823875 0.564937
vn -0.714500 0.547875 0.435062
vn -0.866094 -0.340719 -0.365750
vn -0.793469 -0.391375 -0.466031
vn 0.945188 0.177156 0.274250
vn 0.898281 0.432125 -0.079313
vn 0.966500 0.219094 0.133563
vn -0.874812 -0.448094 -0.183969
vn -0.464156 -0.724187 -0.509938
vn -0.526656 0.443812 0.725000
vn 0.920156 -0.283906 -0.269531
vn 0.920281 -0.285313 -0.267656
vn -0.042250 0.838344 0.543437
vn -0.979563 0.008375 0.200813
vn -0.451031 0.740687 -0.497938
vn 0.481781 0.630813 0.608187
vn 0.012250 -0.281906 0.959344
vn 0.379969 0.343812 0.858719
vn 0.415688 0.398156 0.817688
vn -0.205750 0.971281 -0.119344
vn -0.777750 -0.049281 -0.626594
vn -0.089469 0.971219 -0.220656
vn -0.954437 -0.297625 -0.020844
vn -0.926750 -0.371437 -0.056094
vn 0.765437 0.025656 0.642937
vn -0.923781 0.380188 -0.045156
vn -0.178406 0.350500 0.919406
vn 0.360625 0.634656 -0.683469
vn 0.574156 0.418312 -0.703781
vn 0.956344 -0.271031 -0.109281
vn 0.139250 0.939781 0.312094
vn 0.610875 -0.507031 0.608031
vn -0.574063 0.607562 0.548875
vn -0.933500 -0.358312 -0.012156
vn -0.274844 -0.955656 -0.105438
vn -0.150281 -0.506938 0.848750
vn 0.767906 -0.082375 -0.635219
vn -0.629594 0.084781 0.772250
vn -0.576656 0.410344 0.706438
vn 0.168938 -0.674719 -0.718437
vn -0.090969 0.882594 -0.461188
vn -0.992344 0.075344 0.097719
vn 0.050281 -0.460187 -0.886375
vn -0.839844 -0.491719 -0.229875
vn 0.398469 -0.456781 0.795313
vn -0.175656 0.924000 0.339594
vn 0.647500 0.267563 0.713531
vn 0.235250 0.196063 0.951937
vn 0.482250 0.600125 -0.638125
vn 0.956344 -0.134531 -0.259406
vn 0.070500 -0.422344 -0.903656
vn -0.770250 -0.461219 -0.440375
vn -0.510687 -0.412000 0.754594
vn -0.356750 0.810844 -0.463937
vn 0.867688 0.135063 0.478344
vn 0.931031 0.121437 0.344094
vn 0.861219 -0.506063 -0.046437
vn 0.850937 -0.522656 -0.052063
vn 0.870219 -0.489062 -0.059094
vn 0.568375 0.194344 -0.799469
vn -0.361594 -0.931625 -0.036063
vn -0.515063 -0.852906 -0.084812
vn -0.764219 -0.588406 -0.263969
vn -0.626562 -0.767719 0.134094
vn -0.825625 0.150000 0.543906
vn 0.871562 -0.488063 -0.045875
vn 0.805500 0.405125 0.432469
vn -0.369687 0.728625 0.576531
vn -0.036688 -0.990000 -0.136000
vn -0.648438 0.618844 0.443281
vn -0.120906 0.957625 -0.261344
vn 0.084812 0.598281 0.796750
vn 0.965469 -0.016375 0.259937
vn -0.103375 0.886406 -0.451187
vn -0.016531 0.896375 -0.442969
vn -0.017500 0.896969 -0.441719
vn -0.025531 0.999500 0.017594
vn -0.646812 -0.194000 0.737531
vn -0.777313 0.185719 0.601031
vn 0.028281 0.376781 -0.925844
vn 0.967313 0.146000 -0.207219
vn 0.970969 0.143594 -0.191156
vn 0.384031 -0.612375 0.690969
vn 0.347375 -0.609250 0.712812
vn 0.420000 -0.614406 0.667875
vn 0.544250 0.838125 0.036156
vn -0.369031 -0.533281 0.761156
vn 0.788781 0.561844 0.249281
vn 0.710750 0.382344 0.590406
vn 0.214406 0.949219 -0.230125
vn 0.154031 0.904875 -0.396781
vn 0.483656 -0.875000 0.020375
vn 0.199500 -0.885312 -0.419969
vn 0.403469 -0.914875 -0.012531
vn 0.160031 -0.839312 -0.519500
vn 0.159250 -0.845906 -0.508969
vn 0.810188 -0.416687 0.412219
vn 0.569344 -0.751938 0.332250
vn -0.990812 0.087937 0.102625
vn 0.632750 -0.668406 0.390938
vn 0.646563 -0.647750 0.402875
vn 0.636563 -0.655031 0.407031
vn -0.422625 0.069375 -0.903625
vn -0.435781 0.059062 -0.898094
vn -0.694781 -0.225281 -0.683000
vn -0.310594 -0.344281 0.885969
vn -0.347656 -0.361844 0.864969
vn -0.447281 -0.407094 0.796344
vn -0.294469 -0.370781 0.880781
vn -0.835875 0.496563 -0.233844
vn -0.687063 0.589188 0.425156
vn -0.715281 -0.329062 -0.616469
vn 0.314844 0.268813 -0.910250
vn -0.681250 0.635094 0.364062
vn -0.819875 -0.315937 -0.477406
vn -0.639281 0.765500 0.072563
vn 0.375531 -0.727313 0.574406
vn -0.920187 0.303781 0.246812
vn -0.242094 -0.918594 0.312281
vn -0.124406 -0.972969 0.194469
vn -0.016094 -0.992750 -0.119031
vn -0.449219 -0.514219 0.730563
vn 0.759625 -0.593844 -0.265063
vn 0.774375 -0.577438 -0.258563
vn 0.788719 -0.560719 -0.251938
vn 0.888625 -0.453813 -0.065875
vn 0.778156 0.111125 0.618125
vn 0.614219 0.288312 -0.734563
vn -0.807938 0.570469 0.147500
vn -0.435219 -0.118469 -0.892469
vn 0.350188 0.876188 0.331094
vn -0.376344 -0.151375 0.914000
vn 0.706250 0.707719 -0.016906
vn 0.779875 0.612063 -0.131031
vn -0.555906 0.648531 -0.519906
vn 0.406938 -0.866000 -0.290563
vn -0.953719 -0.157063 0.256406
vn -0.703937 0.543094 -0.457719
vn -0.277250 0.761469 0.585875
vn -0.314156 0.753094 0.578000
vn 0.695312 -0.666094 -0.269844
vn -0.762656 -0.489094 0.423187
vn -0.127000 -0.960938 0.245781
vn -0.050563 0.617906 -0.784594
vn -0.474469 0.527188 0.704906
vn 0.529219 0.550969 -0.645219
vn -0.421438 0.867312 -0.264781
vn -0.465562 0.832469 -0.300344
vn -0.248281 -0.719156 -0.648938
vn 0.852969 0.158156 -0.497375
vn -0.465156 0.694625 0.548688
vn -0.909813 0.414969 -0.002813
vn -0.903437 -0.173969 -0.391813
vn -0.806281 0.160313 -0.569375
vn -0.921687 0.383469 -0.058438
vn -0.000094 0.111750 0.993719
vn 0.700750 -0.049719 0.711656
vn -0.114063 0.145437 -0.982750
vn 0.692438 0.506156 0.514094
vn 0.404719 -0.781187 -0.475281
vn 0.448938 0.450125 0.771875
vn -0.594531 0.008625 -0.804000
vn -0.735594 0.035875 0.676437
vn -0.703750 0.529656 0.473469
vn -0.566594 -0.322688 0.758156
vn -0.600688 0.534406 0.594562
vn 0.976375 0.206094 -0.064656
vn 0.199219 -0.919406 0.339063
vn -0.272281 -0.204281 0.940250
vn -0.222125 0.937500 0.267781
vn 0.816375 -0.577438 0.007031
vn 0.735656 -0.672312 0.082281
vn -0.179500 -0.981906 -0.059844
vn 0.509469 0.404906 -0.759250
vn -0.201813 0.975875 -0.083094
vn 0.632844 0.419688 -0.650625
vn -0.713750 -0.264594 0.648469
vn -0.628844 0.777188 0.022875
vn 0.906969 -0.412625 -0.084188
vn -0.381156 0.180656 -0.906656
vn -0.522594 0.702656 -0.482812
vn 0.794406 0.246406 0.555125
vn -0.722719 0.506250 0.470500
vn -0.611219 0.686594 0.393656
vn 0.677000 0.495937 0.543750
# 1276 normals

vt 0.256357 0.594202 0.000000
vt 0.238438 0.585661 0.000000
vt 0.248179 0.610310 0.000000
vt 0.924245 0.943194 0.000000
vt 0.942640 0.959470 0.000000
vt 0.933169 0.881605 0.000000
vt 0.759870 0.589894 0.000000
vt 0.780853 0.553809 0.000000
vt 0.748255 0.571212 0.000000
vt 0.840544 0.543066 0.000000
vt 0.826525 0.580973 0.000000
vt 0.844993 0.600221 0.000000
vt 0.848969 0.935528 0.000000
vt 0.850381 0.983061 0.000000
vt 0.858546 0.937434 0.000000
vt 0.754065 0.435935 0.000000
vt 0.809797 0.393422 0.000000
vt 0.778104 0.400480 0.000000
vt 0.805620 0.369847 0.000000
vt 0.876036 0.748288 0.000000
vt 0.872313 0.714947 0.000000
vt 0.855381 0.729770 0.000000
vt 0.489522 0.122676 0.000000
vt 0.463757 0.134390 0.000000
vt 0.471638 0.156646 0.000000
vt 0.929204 0.684319 0.000000
vt 0.929410 0.669803 0.000000
vt 0.905542 0.679881 0.000000
vt 0.609617 0.734840 0.000000
vt 0.615529 0.721369 0.000000
vt 0.608352 0.717116 0.000000
vt 0.857153 0.211828 0.000000
vt 0.840715 0.232918 0.000000
vt 0.859701 0.221177 0.000000
vt 0.023355 0.630712 0.000000
vt 0.012462 0.586629 0.000000
vt 0.010635 0.607035 0.000000
vt 0.600016 0.711067 0.000000
vt 0.931921 0.647295 0.000000
vt 0.990686 0.647102 0.000000
vt 0.969470 0.641064 0.000000
vt 0.147879 0.242341 0.000000
vt 0.147419 0.267778 0.000000
vt 0.165141 0.233056 0.000000
vt 0.749181 0.534646 0.000000
vt 0.788408 0.532846 0.000000
vt 0.635935 0.966467 0.000000
vt 0.637922 0.960141 0.000000
vt 0.629924 0.961633 0.000000
vt 0.393847 0.164934 0.000000
vt 0.434696 0.119029 0.000000
vt 0.380685 0.136642 0.000000
vt 0.838834 0.814202 0.000000
vt 0.840243 0.752321 0.000000
vt 0.822177 0.800480 0.000000
vt 0.443219 0.220495 0.000000
vt 0.400186 0.249926 0.000000
vt 0.438051 0.277501 0.000000
vt 0.476041 0.102566 0.000000
vt 0.454298 0.122903 0.000000
vt 0.136947 0.917905 0.000000
vt 0.095020 0.904294 0.000000
vt 0.120915 0.929181 0.000000
vt 0.990323 0.668802 0.000000
vt 0.942627 0.661654 0.000000
vt 0.165975 0.619225 0.000000
vt 0.207480 0.591095 0.000000
vt 0.126286 0.567302 0.000000
vt 0.665794 0.339597 0.000000
vt 0.643524 0.315221 0.000000
vt 0.626994 0.353019 0.000000
vt 0.916386 0.726850 0.000000
vt 0.901847 0.709253 0.000000
vt 0.898978 0.734099 0.000000
vt 0.177918 0.137674 0.000000
vt 0.243982 0.109535 0.000000
vt 0.226235 0.089221 0.000000
vt 0.555512 0.230777 0.000000
vt 0.579165 0.224736 0.000000
vt 0.548060 0.193385 0.000000
vt 0.537317 0.787480 0.000000
vt 0.522385 0.768158 0.000000
vt 0.505545 0.782511 0.000000
vt 0.454131 0.894289 0.000000
vt 0.435936 0.915226 0.000000
vt 0.484460 0.913875 0.000000
vt 0.504671 0.811475 0.000000
vt 0.750870 0.278410 0.000000
vt 0.770467 0.256158 0.000000
vt 0.749652 0.250335 0.000000
vt 0.439373 0.817560 0.000000
vt 0.571796 0.637687 0.000000
vt 0.558362 0.568710 0.000000
vt 0.548443 0.615468 0.000000
vt 0.819980 0.631767 0.000000
vt 0.812455 0.619203 0.000000
vt 0.805758 0.625117 0.000000
vt 0.213548 0.865149 0.000000
vt 0.196123 0.906573 0.000000
vt 0.212671 0.910901 0.000000
vt 0.731339 0.446304 0.000000
vt 0.549901 0.742777 0.000000
vt 0.549453 0.723394 0.000000
vt 0.495277 0.745294 0.000000
vt 0.515889 0.842140 0.000000
vt 0.531637 0.831354 0.000000
vt 0.522745 0.816988 0.000000
vt 0.740523 0.672033 0.000000
vt 0.665548 0.687112 0.000000
vt 0.745038 0.681655 0.000000
vt 0.237603 0.937951 0.000000
vt 0.252279 0.939309 0.000000
vt 0.232016 0.920918 0.000000
vt 0.491519 0.348703 0.000000
vt 0.469497 0.298692 0.000000
vt 0.468490 0.348514 0.000000
vt 0.906818 0.658038 0.000000
vt 0.903591 0.659714 0.000000
vt 0.902989 0.670051 0.000000
vt 0.948261 0.044352 0.000000
vt 0.963958 0.037506 0.000000
vt 0.944312 0.031418 0.000000
vt 0.826873 0.110230 0.000000
vt 0.866849 0.136125 0.000000
vt 0.876616 0.117336 0.000000
vt 0.383910 0.937621 0.000000
vt 0.359705 0.927090 0.000000
vt 0.362088 0.939288 0.000000
vt 0.749326 0.757815 0.000000
vt 0.744180 0.751006 0.000000
vt 0.739867 0.761972 0.000000
vt 0.471454 0.496755 0.000000
vt 0.455334 0.545037 0.000000
vt 0.485553 0.543618 0.000000
vt 0.093258 0.920701 0.000000
vt 0.910938 0.504547 0.000000
vt 0.925418 0.530283 0.000000
vt 0.965375 0.536625 0.000000
vt 0.552348 0.055352 0.000000
vt 0.578902 0.028162 0.000000
vt 0.526796 0.058274 0.000000
vt 0.426756 0.175273 0.000000
vt 0.906459 0.606379 0.000000
vt 0.924758 0.611286 0.000000
vt 0.924771 0.590303 0.000000
vt 0.236626 0.430370 0.000000
vt 0.226137 0.422147 0.000000
vt 0.214578 0.430797 0.000000
vt 0.783548 0.503705 0.000000
vt 0.821512 0.523138 0.000000
vt 0.806998 0.477149 0.000000
vt 0.104979 0.744214 0.000000
vt 0.075501 0.717252 0.000000
vt 0.069112 0.765186 0.000000
vt 0.637346 0.540407 0.000000
vt 0.654420 0.495230 0.000000
vt 0.624737 0.499234 0.000000
vt 0.218424 0.579645 0.000000
vt 0.238641 0.539438 0.000000
vt 0.378490 0.920449 0.000000
vt 0.935042 0.142765 0.000000
vt 0.926618 0.131542 0.000000
vt 0.915295 0.145575 0.000000
vt 0.091738 0.987579 0.000000
vt 0.101602 0.989903 0.000000
vt 0.105582 0.968182 0.000000
vt 0.013715 0.554226 0.000000
vt 0.021879 0.573663 0.000000
vt 0.026490 0.530956 0.000000
vt 0.527871 0.551103 0.000000
vt 0.134335 0.670505 0.000000
vt 0.178580 0.714442 0.000000
vt 0.178258 0.645141 0.000000
vt 0.210820 0.695198 0.000000
vt 0.231242 0.639434 0.000000
vt 0.752699 0.301235 0.000000
vt 0.762615 0.273513 0.000000
vt 0.067650 0.531806 0.000000
vt 0.100924 0.528995 0.000000
vt 0.078055 0.497203 0.000000
vt 0.331438 0.672163 0.000000
vt 0.372411 0.702851 0.000000
vt 0.387180 0.687378 0.000000
vt 0.943979 0.653172 0.000000
vt 0.939682 0.818588 0.000000
vt 0.963102 0.771032 0.000000
vt 0.947511 0.727074 0.000000
vt 0.575980 0.326474 0.000000
vt 0.605263 0.362737 0.000000
vt 0.161134 0.167407 0.000000
vt 0.175657 0.211525 0.000000
vt 0.194490 0.183606 0.000000
vt 0.602530 0.924293 0.000000
vt 0.593718 0.944589 0.000000
vt 0.607045 0.943640 0.000000
vt 0.935102 0.766129 0.000000
vt 0.921250 0.831370 0.000000
vt 0.734890 0.876147 0.000000
vt 0.719501 0.872532 0.000000
vt 0.718144 0.881391 0.000000
vt 0.270511 0.180491 0.000000
vt 0.321358 0.216020 0.000000
vt 0.321898 0.173694 0.000000
vt 0.554626 0.375152 0.000000
vt 0.570871 0.384133 0.000000
vt 0.587081 0.392933 0.000000
vt 0.513539 0.072119 0.000000
vt 0.533379 0.075549 0.000000
vt 0.337420 0.874080 0.000000
vt 0.346138 0.888396 0.000000
vt 0.359162 0.886124 0.000000
vt 0.290247 0.700746 0.000000
vt 0.279681 0.749584 0.000000
vt 0.299151 0.733903 0.000000
vt 0.380546 0.209890 0.000000
vt 0.350554 0.194722 0.000000
vt 0.868800 0.507677 0.000000
vt 0.879425 0.552527 0.000000
vt 0.565269 0.073943 0.000000
vt 0.639519 0.070104 0.000000
vt 0.699318 0.053741 0.000000
vt 0.974399 0.676775 0.000000
vt 0.105015 0.769515 0.000000
vt 0.130872 0.745963 0.000000
vt 0.249403 0.953393 0.000000
vt 0.259353 0.948653 0.000000
vt 0.797968 0.593853 0.000000
vt 0.798794 0.558084 0.000000
vt 0.359530 0.130150 0.000000
vt 0.410287 0.096993 0.000000
vt 0.865615 0.912354 0.000000
vt 0.879908 0.933934 0.000000
vt 0.708971 0.452236 0.000000
vt 0.728292 0.470704 0.000000
vt 0.732936 0.455546 0.000000
vt 0.851173 0.369341 0.000000
vt 0.831362 0.406616 0.000000
vt 0.862370 0.412673 0.000000
vt 0.399981 0.955094 0.000000
vt 0.376332 0.963492 0.000000
vt 0.380290 0.959104 0.000000
vt 0.383930 0.956768 0.000000
vt 0.391359 0.953969 0.000000
vt 0.594409 0.623550 0.000000
vt 0.624093 0.587702 0.000000
vt 0.613358 0.571934 0.000000
vt 0.938356 0.075375 0.000000
vt 0.908059 0.069320 0.000000
vt 0.920791 0.079648 0.000000
vt 0.582238 0.582532 0.000000
vt 0.571028 0.532998 0.000000
vt 0.637250 0.474657 0.000000
vt 0.549114 0.673838 0.000000
vt 0.573642 0.670703 0.000000
vt 0.707098 0.083368 0.000000
vt 0.685302 0.134357 0.000000
vt 0.711768 0.147726 0.000000
vt 0.408202 0.957890 0.000000
vt 0.419011 0.961311 0.000000
vt 0.709262 0.397050 0.000000
vt 0.674568 0.428232 0.000000
vt 0.686320 0.435657 0.000000
vt 0.817467 0.266554 0.000000
vt 0.812876 0.287889 0.000000
vt 0.834291 0.212929 0.000000
vt 0.426732 0.367236 0.000000
vt 0.443591 0.356220 0.000000
vt 0.404099 0.333488 0.000000
vt 0.653376 0.677805 0.000000
vt 0.649515 0.684772 0.000000
vt 0.317943 0.880743 0.000000
vt 0.312126 0.865777 0.000000
vt 0.278219 0.880866 0.000000
vt 0.686391 0.914308 0.000000
vt 0.687190 0.909997 0.000000
vt 0.667533 0.905299 0.000000
vt 0.623791 0.965767 0.000000
vt 0.623276 0.973880 0.000000
vt 0.865705 0.676019 0.000000
vt 0.833446 0.685562 0.000000
vt 0.875164 0.680716 0.000000
vt 0.431445 0.965362 0.000000
vt 0.443871 0.969603 0.000000
vt 0.453617 0.954941 0.000000
vt 0.186699 0.072196 0.000000
vt 0.168479 0.048016 0.000000
vt 0.155900 0.090365 0.000000
vt 0.457681 0.974515 0.000000
vt 0.006622 0.552296 0.000000
vt 0.005039 0.579191 0.000000
vt 0.285747 0.802319 0.000000
vt 0.298099 0.803337 0.000000
vt 0.297988 0.789313 0.000000
vt 0.256820 0.433890 0.000000
vt 0.246942 0.441311 0.000000
vt 0.277702 0.288503 0.000000
vt 0.313159 0.269956 0.000000
vt 0.829819 0.717365 0.000000
vt 0.829146 0.725455 0.000000
vt 0.849909 0.713777 0.000000
vt 0.057367 0.352589 0.000000
vt 0.062868 0.368436 0.000000
vt 0.072900 0.361496 0.000000
vt 0.604479 0.483516 0.000000
vt 0.781359 0.187232 0.000000
vt 0.781254 0.128248 0.000000
vt 0.729740 0.200539 0.000000
vt 0.494337 0.957855 0.000000
vt 0.464317 0.936284 0.000000
vt 0.056870 0.421870 0.000000
vt 0.077189 0.435484 0.000000
vt 0.076738 0.421763 0.000000
vt 0.532528 0.363299 0.000000
vt 0.954424 0.358738 0.000000
vt 0.960869 0.390183 0.000000
vt 0.967182 0.370139 0.000000
vt 0.087739 0.561794 0.000000
vt 0.748438 0.054826 0.000000
vt 0.514525 0.474370 0.000000
vt 0.504694 0.535682 0.000000
vt 0.516583 0.530998 0.000000
vt 0.503631 0.926398 0.000000
vt 0.474232 0.447237 0.000000
vt 0.495058 0.480861 0.000000
vt 0.243391 0.153073 0.000000
vt 0.289858 0.151260 0.000000
vt 0.281135 0.102975 0.000000
vt 0.805494 0.667784 0.000000
vt 0.779091 0.659519 0.000000
vt 0.780134 0.669413 0.000000
vt 0.929088 0.230496 0.000000
vt 0.940893 0.221652 0.000000
vt 0.921346 0.217084 0.000000
vt 0.140122 0.373278 0.000000
vt 0.160325 0.396708 0.000000
vt 0.194919 0.358973 0.000000
vt 0.860520 0.267670 0.000000
vt 0.858682 0.304346 0.000000
vt 0.874789 0.265348 0.000000
vt 0.339232 0.829164 0.000000
vt 0.364159 0.807018 0.000000
vt 0.350399 0.817720 0.000000
vt 0.167545 0.740470 0.000000
vt 0.207396 0.758673 0.000000
vt 0.226060 0.729668 0.000000
vt 0.509564 0.898534 0.000000
vt 0.268969 0.223482 0.000000
vt 0.819884 0.158372 0.000000
vt 0.816066 0.185637 0.000000
vt 0.525609 0.915926 0.000000
vt 0.486841 0.882841 0.000000
vt 0.349229 0.376907 0.000000
vt 0.353376 0.314740 0.000000
vt 0.311372 0.353228 0.000000
vt 0.597357 0.521862 0.000000
vt 0.839968 0.656346 0.000000
vt 0.838342 0.664796 0.000000
vt 0.871851 0.670160 0.000000
vt 0.539313 0.248426 0.000000
vt 0.558415 0.286538 0.000000
vt 0.526613 0.900241 0.000000
vt 0.507205 0.870492 0.000000
vt 0.523593 0.862252 0.000000
vt 0.135634 0.031052 0.000000
vt 0.136735 0.062662 0.000000
vt 0.529566 0.678034 0.000000
vt 0.529171 0.687521 0.000000
vt 0.536491 0.684714 0.000000
vt 0.303415 0.774551 0.000000
vt 0.307272 0.848990 0.000000
vt 0.294716 0.839479 0.000000
vt 0.843143 0.902181 0.000000
vt 0.823740 0.981201 0.000000
vt 0.329267 0.412296 0.000000
vt 0.338083 0.419241 0.000000
vt 0.367452 0.401554 0.000000
vt 0.565075 0.876613 0.000000
vt 0.696677 0.691767 0.000000
vt 0.147454 0.194891 0.000000
vt 0.831796 0.366064 0.000000
vt 0.822907 0.553141 0.000000
vt 0.756373 0.447787 0.000000
vt 0.377199 0.745491 0.000000
vt 0.346583 0.780113 0.000000
vt 0.415155 0.779850 0.000000
vt 0.723446 0.303743 0.000000
vt 0.765898 0.903594 0.000000
vt 0.770784 0.918067 0.000000
vt 0.776043 0.875662 0.000000
vt 0.696934 0.653213 0.000000
vt 0.740084 0.663841 0.000000
vt 0.748535 0.654362 0.000000
vt 0.571577 0.188408 0.000000
vt 0.539448 0.116806 0.000000
vt 0.529244 0.125606 0.000000
vt 0.507738 0.292642 0.000000
vt 0.536574 0.314313 0.000000
vt 0.799717 0.824419 0.000000
vt 0.807031 0.891842 0.000000
vt 0.817020 0.307174 0.000000
vt 0.526955 0.095778 0.000000
vt 0.516729 0.647574 0.000000
vt 0.516695 0.679765 0.000000
vt 0.933348 0.836813 0.000000
vt 0.019717 0.641654 0.000000
vt 0.028890 0.656903 0.000000
vt 0.560898 0.802018 0.000000
vt 0.554056 0.779306 0.000000
vt 0.101771 0.068214 0.000000
vt 0.615659 0.259120 0.000000
vt 0.644386 0.292938 0.000000
vt 0.647211 0.240488 0.000000
vt 0.872626 0.664543 0.000000
vt 0.845467 0.653058 0.000000
vt 0.754979 0.774114 0.000000
vt 0.752706 0.765520 0.000000
vt 0.703283 0.028627 0.000000
vt 0.102322 0.649215 0.000000
vt 0.136708 0.629283 0.000000
vt 0.775718 0.091135 0.000000
vt 0.794048 0.069083 0.000000
vt 0.047729 0.368405 0.000000
vt 0.059065 0.369466 0.000000
vt 0.128661 0.887234 0.000000
vt 0.153072 0.915109 0.000000
vt 0.885589 0.287273 0.000000
vt 0.906981 0.394285 0.000000
vt 0.898578 0.281894 0.000000
vt 0.433887 0.514767 0.000000
vt 0.428932 0.552693 0.000000
vt 0.443507 0.540037 0.000000
vt 0.148144 0.226772 0.000000
vt 0.820223 0.608246 0.000000
vt 0.842235 0.616227 0.000000
vt 0.666054 0.016461 0.000000
vt 0.532429 0.748624 0.000000
vt 0.718042 0.969202 0.000000
vt 0.725089 0.968871 0.000000
vt 0.720891 0.960182 0.000000
vt 0.909162 0.268506 0.000000
vt 0.112590 0.950731 0.000000
vt 0.108223 0.943815 0.000000
vt 0.098486 0.959837 0.000000
vt 0.567470 0.754012 0.000000
vt 0.570348 0.737076 0.000000
vt 0.710005 0.962537 0.000000
vt 0.075098 0.240535 0.000000
vt 0.042704 0.226539 0.000000
vt 0.040536 0.241900 0.000000
vt 0.923806 0.467725 0.000000
vt 0.958106 0.446356 0.000000
vt 0.932676 0.425078 0.000000
vt 0.509115 0.088829 0.000000
vt 0.572050 0.720375 0.000000
vt 0.647193 0.453495 0.000000
vt 0.665266 0.458619 0.000000
vt 0.467718 0.576427 0.000000
vt 0.489120 0.606652 0.000000
vt 0.501004 0.605826 0.000000
vt 0.250223 0.378707 0.000000
vt 0.244304 0.345786 0.000000
vt 0.234156 0.370225 0.000000
vt 0.913542 0.045119 0.000000
vt 0.251291 0.863804 0.000000
vt 0.006729 0.952092 0.000000
vt 0.009390 0.959928 0.000000
vt 0.032897 0.957251 0.000000
vt 0.844171 0.466676 0.000000
vt 0.787728 0.465020 0.000000
vt 0.050675 0.416954 0.000000
vt 0.570121 0.701826 0.000000
vt 0.557123 0.703716 0.000000
vt 0.582271 0.702791 0.000000
vt 0.588304 0.718560 0.000000
vt 0.592192 0.706423 0.000000
vt 0.673396 0.670987 0.000000
vt 0.709515 0.674205 0.000000
vt 0.669037 0.665864 0.000000
vt 0.225027 0.439764 0.000000
vt 0.746781 0.808555 0.000000
vt 0.728837 0.814382 0.000000
vt 0.740822 0.815407 0.000000
vt 0.708568 0.663373 0.000000
vt 0.512698 0.608503 0.000000
vt 0.245388 0.531892 0.000000
vt 0.184282 0.499435 0.000000
vt 0.578355 0.506319 0.000000
vt 0.526683 0.035516 0.000000
vt 0.497752 0.060946 0.000000
vt 0.357056 0.606708 0.000000
vt 0.386136 0.564545 0.000000
vt 0.296353 0.530209 0.000000
vt 0.755467 0.783012 0.000000
vt 0.234611 0.445710 0.000000
vt 0.715117 0.733419 0.000000
vt 0.738722 0.744817 0.000000
vt 0.169188 0.267846 0.000000
vt 0.197334 0.234434 0.000000
vt 0.932423 0.366557 0.000000
vt 0.917969 0.380135 0.000000
vt 0.948257 0.414292 0.000000
vt 0.732118 0.739956 0.000000
vt 0.943444 0.148346 0.000000
vt 0.961764 0.141711 0.000000
vt 0.060285 0.333904 0.000000
vt 0.069721 0.341629 0.000000
vt 0.779564 0.347637 0.000000
vt 0.757049 0.362601 0.000000
vt 0.754950 0.376832 0.000000
vt 0.628299 0.724095 0.000000
vt 0.620104 0.723108 0.000000
vt 0.221124 0.458500 0.000000
vt 0.249096 0.463345 0.000000
vt 0.886508 0.803276 0.000000
vt 0.884195 0.786173 0.000000
vt 0.886362 0.795867 0.000000
vt 0.942409 0.294128 0.000000
vt 0.913415 0.297020 0.000000
vt 0.651253 0.550645 0.000000
vt 0.657325 0.560766 0.000000
vt 0.667280 0.533371 0.000000
vt 0.977830 0.718603 0.000000
vt 0.961266 0.717945 0.000000
vt 0.737709 0.494677 0.000000
vt 0.756934 0.480921 0.000000
vt 0.137925 0.801981 0.000000
vt 0.172142 0.815299 0.000000
vt 0.137037 0.769359 0.000000
vt 0.796484 0.962713 0.000000
vt 0.810383 0.939439 0.000000
vt 0.782074 0.956300 0.000000
vt 0.265717 0.795756 0.000000
vt 0.521144 0.161841 0.000000
vt 0.491966 0.176584 0.000000
vt 0.006571 0.586118 0.000000
vt 0.592192 0.759537 0.000000
vt 0.606838 0.757923 0.000000
vt 0.058053 0.892451 0.000000
vt 0.936204 0.084074 0.000000
vt 0.648072 0.967695 0.000000
vt 0.655217 0.965498 0.000000
vt 0.648938 0.961246 0.000000
vt 0.585641 0.740872 0.000000
vt 0.848303 0.852435 0.000000
vt 0.831447 0.871581 0.000000
vt 0.909240 0.780566 0.000000
vt 0.925259 0.770212 0.000000
vt 0.898657 0.754841 0.000000
vt 0.907116 0.426577 0.000000
vt 0.876249 0.415670 0.000000
vt 0.913790 0.870979 0.000000
vt 0.909526 0.839943 0.000000
vt 0.901048 0.879567 0.000000
vt 0.172703 0.774309 0.000000
vt 0.397162 0.934067 0.000000
vt 0.108883 0.791782 0.000000
vt 0.403143 0.396202 0.000000
vt 0.413752 0.378673 0.000000
vt 0.089692 0.799705 0.000000
vt 0.073453 0.794287 0.000000
vt 0.781288 0.934252 0.000000
vt 0.596370 0.308546 0.000000
vt 0.876861 0.688781 0.000000
vt 0.875998 0.684327 0.000000
vt 0.836457 0.692197 0.000000
vt 0.246807 0.267111 0.000000
vt 0.032470 0.549249 0.000000
vt 0.906279 0.920874 0.000000
vt 0.047121 0.328403 0.000000
vt 0.047983 0.314689 0.000000
vt 0.033349 0.323923 0.000000
vt 0.352524 0.912600 0.000000
vt 0.356038 0.919326 0.000000
vt 0.618534 0.922827 0.000000
vt 0.613191 0.912981 0.000000
vt 0.839857 0.624049 0.000000
vt 0.074366 0.673024 0.000000
vt 0.036709 0.631706 0.000000
vt 0.058939 0.681222 0.000000
vt 0.861058 0.651072 0.000000
vt 0.806081 0.308618 0.000000
vt 0.800808 0.322441 0.000000
vt 0.332828 0.290461 0.000000
vt 0.384611 0.277754 0.000000
vt 0.346704 0.985840 0.000000
vt 0.366439 0.986691 0.000000
vt 0.367170 0.981282 0.000000
vt 0.603384 0.126794 0.000000
vt 0.683061 0.177681 0.000000
vt 0.910351 0.815155 0.000000
vt 0.936574 0.164371 0.000000
vt 0.926348 0.181696 0.000000
vt 0.951800 0.182927 0.000000
vt 0.744998 0.650087 0.000000
vt 0.709424 0.643391 0.000000
vt 0.934451 0.500915 0.000000
vt 0.950549 0.500291 0.000000
vt 0.885294 0.976723 0.000000
vt 0.897758 0.964903 0.000000
vt 0.120581 0.497653 0.000000
vt 0.577180 0.843072 0.000000
vt 0.886072 0.536597 0.000000
vt 0.722099 0.810815 0.000000
vt 0.741186 0.796400 0.000000
vt 0.737555 0.778639 0.000000
vt 0.027634 0.264080 0.000000
vt 0.031843 0.272115 0.000000
vt 0.039228 0.264752 0.000000
vt 0.436555 0.569027 0.000000
vt 0.900858 0.474637 0.000000
vt 0.585275 0.168164 0.000000
vt 0.602524 0.216304 0.000000
vt 0.667797 0.206363 0.000000
vt 0.103755 0.101436 0.000000
vt 0.146826 0.123010 0.000000
vt 0.124115 0.090360 0.000000
vt 0.632122 0.580537 0.000000
vt 0.637128 0.571991 0.000000
vt 0.220318 0.781753 0.000000
vt 0.192582 0.825408 0.000000
vt 0.235621 0.796755 0.000000
vt 0.951732 0.967218 0.000000
vt 0.963631 0.967789 0.000000
vt 0.958477 0.958079 0.000000
vt 0.248259 0.692841 0.000000
vt 0.380438 0.472940 0.000000
vt 0.386658 0.467269 0.000000
vt 0.387622 0.461179 0.000000
vt 0.435858 0.307217 0.000000
vt 0.257294 0.770631 0.000000
vt 0.054187 0.190504 0.000000
vt 0.042671 0.207968 0.000000
vt 0.099448 0.206263 0.000000
vt 0.668398 0.676535 0.000000
vt 0.327945 0.613973 0.000000
vt 0.303978 0.573010 0.000000
vt 0.305920 0.596503 0.000000
vt 0.981284 0.857153 0.000000
vt 0.980686 0.831802 0.000000
vt 0.727976 0.825689 0.000000
vt 0.734484 0.820632 0.000000
vt 0.555884 0.914645 0.000000
vt 0.243835 0.663956 0.000000
vt 0.346723 0.759590 0.000000
vt 0.338941 0.770169 0.000000
vt 0.113830 0.488749 0.000000
vt 0.151363 0.487890 0.000000
vt 0.128779 0.476156 0.000000
vt 0.941839 0.714254 0.000000
vt 0.932300 0.730639 0.000000
vt 0.954642 0.325188 0.000000
vt 0.959382 0.284325 0.000000
vt 0.589393 0.098723 0.000000
vt 0.369583 0.496308 0.000000
vt 0.374186 0.502793 0.000000
vt 0.392935 0.491026 0.000000
vt 0.138889 0.303686 0.000000
vt 0.429363 0.472083 0.000000
vt 0.453374 0.449537 0.000000
vt 0.422131 0.452616 0.000000
vt 0.357250 0.503626 0.000000
vt 0.867518 0.761072 0.000000
vt 0.527763 0.968916 0.000000
vt 0.066354 0.932302 0.000000
vt 0.258034 0.738743 0.000000
vt 0.268761 0.690164 0.000000
vt 0.290531 0.071266 0.000000
vt 0.249271 0.047521 0.000000
vt 0.257922 0.087004 0.000000
vt 0.751414 0.800915 0.000000
vt 0.703821 0.968069 0.000000
vt 0.710227 0.976554 0.000000
vt 0.337740 0.232258 0.000000
vt 0.354181 0.247793 0.000000
vt 0.922673 0.027256 0.000000
vt 0.592838 0.281757 0.000000
vt 0.472039 0.978244 0.000000
vt 0.487289 0.981860 0.000000
vt 0.040418 0.521299 0.000000
vt 0.712251 0.431431 0.000000
vt 0.769216 0.380465 0.000000
vt 0.981800 0.389729 0.000000
vt 0.802746 0.610468 0.000000
vt 0.946891 0.155992 0.000000
vt 0.937842 0.156477 0.000000
vt 0.900564 0.514198 0.000000
vt 0.918350 0.550241 0.000000
vt 0.099425 0.240174 0.000000
vt 0.103823 0.230623 0.000000
vt 0.050121 0.222412 0.000000
vt 0.696160 0.969941 0.000000
vt 0.184926 0.490759 0.000000
vt 0.501837 0.984771 0.000000
vt 0.518504 0.987755 0.000000
vt 0.441854 0.625229 0.000000
vt 0.447795 0.617179 0.000000
vt 0.441587 0.610950 0.000000
vt 0.627748 0.399746 0.000000
vt 0.648313 0.393445 0.000000
vt 0.035286 0.138695 0.000000
vt 0.076785 0.140268 0.000000
vt 0.041851 0.130883 0.000000
vt 0.174974 0.860576 0.000000
vt 0.119470 0.845692 0.000000
vt 0.157878 0.878083 0.000000
vt 0.755333 0.456620 0.000000
vt 0.142357 0.345055 0.000000
vt 0.637774 0.983944 0.000000
vt 0.399982 0.580170 0.000000
vt 0.393756 0.576954 0.000000
vt 0.377621 0.611015 0.000000
vt 0.681005 0.345598 0.000000
vt 0.692935 0.336980 0.000000
vt 0.589839 0.966536 0.000000
vt 0.969243 0.575832 0.000000
vt 0.398818 0.535917 0.000000
vt 0.398412 0.526284 0.000000
vt 0.376282 0.514222 0.000000
vt 0.927990 0.708176 0.000000
vt 0.028820 0.509377 0.000000
vt 0.029630 0.521630 0.000000
vt 0.051761 0.501944 0.000000
vt 0.475097 0.209383 0.000000
vt 0.482254 0.250684 0.000000
vt 0.508007 0.256363 0.000000
vt 0.963562 0.505700 0.000000
vt 0.877530 0.365726 0.000000
vt 0.888811 0.395098 0.000000
vt 0.760258 0.523096 0.000000
vt 0.109569 0.015692 0.000000
vt 0.130764 0.003881 0.000000
vt 0.078920 0.349282 0.000000
vt 0.075255 0.327490 0.000000
vt 0.533499 0.662773 0.000000
vt 0.142428 0.694696 0.000000
vt 0.696968 0.957360 0.000000
vt 0.688770 0.964771 0.000000
vt 0.396007 0.558446 0.000000
vt 0.397163 0.546335 0.000000
vt 0.874579 0.768606 0.000000
vt 0.874152 0.786320 0.000000
vt 0.703447 0.647931 0.000000
vt 0.797173 0.724703 0.000000
vt 0.776957 0.749757 0.000000
vt 0.776403 0.776265 0.000000
vt 0.139197 0.311396 0.000000
vt 0.590623 0.864616 0.000000
vt 0.930316 0.970518 0.000000
vt 0.899532 0.983687 0.000000
vt 0.663231 0.672442 0.000000
vt 0.206733 0.618858 0.000000
vt 0.231868 0.603476 0.000000
vt 0.448088 0.071072 0.000000
vt 0.430826 0.063015 0.000000
vt 0.403254 0.069249 0.000000
vt 0.784673 0.226920 0.000000
vt 0.807585 0.205465 0.000000
vt 0.841374 0.206384 0.000000
vt 0.831236 0.203193 0.000000
vt 0.281720 0.579071 0.000000
vt 0.064160 0.253851 0.000000
vt 0.094628 0.259585 0.000000
vt 0.097554 0.246854 0.000000
vt 0.935363 0.968693 0.000000
vt 0.527864 0.603051 0.000000
vt 0.534347 0.648999 0.000000
vt 0.860217 0.871869 0.000000
vt 0.881782 0.873938 0.000000
vt 0.880162 0.833547 0.000000
vt 0.123705 0.585516 0.000000
vt 0.574830 0.790295 0.000000
vt 0.321244 0.535221 0.000000
vt 0.576100 0.769082 0.000000
vt 0.680940 0.323834 0.000000
vt 0.690076 0.287853 0.000000
vt 0.665777 0.270199 0.000000
vt 0.587581 0.788397 0.000000
vt 0.541956 0.448059 0.000000
vt 0.524965 0.435941 0.000000
vt 0.558545 0.468383 0.000000
vt 0.923232 0.157026 0.000000
vt 0.188390 0.393706 0.000000
vt 0.168865 0.413085 0.000000
vt 0.962911 0.170790 0.000000
vt 0.906042 0.225861 0.000000
vt 0.228257 0.314189 0.000000
vt 0.205563 0.379993 0.000000
vt 0.366278 0.904580 0.000000
vt 0.982486 0.956879 0.000000
vt 0.371703 0.862222 0.000000
vt 0.341104 0.854794 0.000000
vt 0.849950 0.792787 0.000000
vt 0.980722 0.932650 0.000000
vt 0.596668 0.438654 0.000000
vt 0.278950 0.374503 0.000000
vt 0.035762 0.233514 0.000000
vt 0.028782 0.260843 0.000000
vt 0.890678 0.224814 0.000000
vt 0.875674 0.220071 0.000000
vt 0.607220 0.784939 0.000000
vt 0.902907 0.643373 0.000000
vt 0.901121 0.651413 0.000000
vt 0.694344 0.641205 0.000000
vt 0.953408 0.059200 0.000000
vt 0.799402 0.355188 0.000000
vt 0.038691 0.218485 0.000000
vt 0.038353 0.224502 0.000000
vt 0.320367 0.570670 0.000000
vt 0.652458 0.660766 0.000000
vt 0.654329 0.646386 0.000000
vt 0.649158 0.654898 0.000000
vt 0.777760 0.821002 0.000000
vt 0.777453 0.836742 0.000000
vt 0.789622 0.844572 0.000000
vt 0.693908 0.702592 0.000000
vt 0.699803 0.701118 0.000000
vt 0.298925 0.033910 0.000000
vt 0.274509 0.020895 0.000000
vt 0.660804 0.748496 0.000000
vt 0.314207 0.464954 0.000000
vt 0.291312 0.464319 0.000000
vt 0.309057 0.477926 0.000000
vt 0.368389 0.847666 0.000000
vt 0.339423 0.838651 0.000000
vt 0.670561 0.740052 0.000000
vt 0.778646 0.680608 0.000000
vt 0.807022 0.678306 0.000000
vt 0.805821 0.672283 0.000000
vt 0.716067 0.325157 0.000000
vt 0.729285 0.322313 0.000000
vt 0.647946 0.725188 0.000000
vt 0.433547 0.604182 0.000000
vt 0.423836 0.647943 0.000000
vt 0.177297 0.319587 0.000000
vt 0.660586 0.725234 0.000000
vt 0.674429 0.726669 0.000000
vt 0.688298 0.727698 0.000000
vt 0.702017 0.730144 0.000000
vt 0.637314 0.724740 0.000000
vt 0.935159 0.016034 0.000000
vt 0.917180 0.016593 0.000000
vt 0.734304 0.869665 0.000000
vt 0.734934 0.864928 0.000000
vt 0.838980 0.698765 0.000000
vt 0.038258 0.339213 0.000000
vt 0.724953 0.736324 0.000000
vt 0.981500 0.807488 0.000000
vt 0.710802 0.746341 0.000000
vt 0.690252 0.754987 0.000000
vt 0.594567 0.451032 0.000000
vt 0.952315 0.023173 0.000000
vt 0.670500 0.912613 0.000000
vt 0.824266 0.219044 0.000000
vt 0.041839 0.190847 0.000000
vt 0.037978 0.177603 0.000000
vt 0.036763 0.195682 0.000000
vt 0.182803 0.512752 0.000000
vt 0.298472 0.485245 0.000000
vt 0.506638 0.124564 0.000000
vt 0.570927 0.674982 0.000000
vt 0.446968 0.569842 0.000000
vt 0.810240 0.761472 0.000000
vt 0.871267 0.788287 0.000000
vt 0.722523 0.513607 0.000000
vt 0.709434 0.520399 0.000000
vt 0.348002 0.086566 0.000000
vt 0.607535 0.646670 0.000000
vt 0.872033 0.752563 0.000000
vt 0.013598 0.934000 0.000000
vt 0.019191 0.924540 0.000000
vt 0.917500 0.093693 0.000000
vt 0.213506 0.539272 0.000000
vt 0.740464 0.461713 0.000000
vt 0.220946 0.274653 0.000000
vt 0.611154 0.803398 0.000000
vt 0.091206 0.174809 0.000000
vt 0.042276 0.173480 0.000000
vt 0.105550 0.697018 0.000000
vt 0.807613 0.683131 0.000000
vt 0.855010 0.897477 0.000000
vt 0.752655 0.028671 0.000000
vt 0.587850 0.819035 0.000000
vt 0.824430 0.329158 0.000000
vt 0.340360 0.049995 0.000000
vt 0.513088 0.438301 0.000000
vt 0.217252 0.237578 0.000000
vt 0.330778 0.777844 0.000000
vt 0.340521 0.639935 0.000000
vt 0.721506 0.829895 0.000000
vt 0.285046 0.689959 0.000000
vt 0.399415 0.051746 0.000000
vt 0.379281 0.045596 0.000000
vt 0.211298 0.025264 0.000000
vt 0.591867 0.843658 0.000000
vt 0.825913 0.633422 0.000000
vt 0.836494 0.626184 0.000000
vt 0.396560 0.412203 0.000000
vt 0.389261 0.447912 0.000000
vt 0.392299 0.432642 0.000000
vt 0.835168 0.452706 0.000000
vt 0.732424 0.507491 0.000000
vt 0.876681 0.482702 0.000000
vt 0.985117 0.639751 0.000000
vt 0.971055 0.634184 0.000000
vt 0.981448 0.475924 0.000000
vt 0.988798 0.468002 0.000000
vt 0.968223 0.471342 0.000000
vt 0.045991 0.428315 0.000000
vt 0.035052 0.432587 0.000000
vt 0.041598 0.447253 0.000000
vt 0.397516 0.729972 0.000000
vt 0.387562 0.737975 0.000000
vt 0.807382 0.626998 0.000000
vt 0.799031 0.632129 0.000000
vt 0.871218 0.799447 0.000000
vt 0.092655 0.481148 0.000000
vt 0.893469 0.214489 0.000000
vt 0.654468 0.667706 0.000000
vt 0.663283 0.674280 0.000000
vt 0.743204 0.323729 0.000000
vt 0.987392 0.659341 0.000000
vt 0.620312 0.669769 0.000000
vt 0.630147 0.643503 0.000000
vt 0.752218 0.327871 0.000000
vt 0.545212 0.708179 0.000000
vt 0.531890 0.713644 0.000000
vt 0.900696 0.055728 0.000000
vt 0.561707 0.994437 0.000000
vt 0.583026 0.975963 0.000000
vt 0.531688 0.990479 0.000000
vt 0.545974 0.996164 0.000000
vt 0.880636 0.992003 0.000000
vt 0.888863 0.992673 0.000000
vt 0.861736 0.715377 0.000000
vt 0.693916 0.245832 0.000000
vt 0.073450 0.034208 0.000000
vt 0.593973 0.671546 0.000000
vt 0.611678 0.678879 0.000000
vt 0.329274 0.652355 0.000000
vt 0.366893 0.752363 0.000000
vt 0.356503 0.757832 0.000000
vt 0.962696 0.485620 0.000000
vt 0.671223 0.920507 0.000000
vt 0.907523 0.215493 0.000000
vt 0.393156 0.813526 0.000000
vt 0.397848 0.797488 0.000000
vt 0.785031 0.876297 0.000000
vt 0.083383 0.138365 0.000000
vt 0.081375 0.161766 0.000000
vt 0.042362 0.596866 0.000000
vt 0.655445 0.696628 0.000000
vt 0.659812 0.694616 0.000000
vt 0.742416 0.373489 0.000000
vt 0.719815 0.395699 0.000000
vt 0.837308 0.164390 0.000000
vt 0.340341 0.971563 0.000000
vt 0.368333 0.975286 0.000000
vt 0.103666 0.610995 0.000000
vt 0.437271 0.753289 0.000000
vt 0.400771 0.673274 0.000000
vt 0.412906 0.660346 0.000000
vt 0.375255 0.477554 0.000000
vt 0.858292 0.824214 0.000000
vt 0.298531 0.497549 0.000000
vt 0.309715 0.492105 0.000000
vt 0.415673 0.713399 0.000000
vt 0.949509 0.078269 0.000000
vt 0.950625 0.089561 0.000000
vt 0.457294 0.678165 0.000000
vt 0.406747 0.721455 0.000000
vt 0.076109 0.483293 0.000000
vt 0.046043 0.496395 0.000000
vt 0.180202 0.915172 0.000000
vt 0.200169 0.917562 0.000000
vt 0.423872 0.705391 0.000000
vt 0.432400 0.698033 0.000000
vt 0.256957 0.451904 0.000000
vt 0.091762 0.215257 0.000000
vt 0.178718 0.906226 0.000000
vt 0.137563 0.140526 0.000000
vt 0.777590 0.674015 0.000000
vt 0.611194 0.936604 0.000000
vt 0.614697 0.929498 0.000000
vt 0.960543 0.081536 0.000000
vt 0.968877 0.061036 0.000000
vt 0.622176 0.913306 0.000000
vt 0.322281 0.458358 0.000000
vt 0.325584 0.480977 0.000000
vt 0.626968 0.899110 0.000000
vt 0.601491 0.006752 0.000000
vt 0.578706 0.010410 0.000000
vt 0.617294 0.892273 0.000000
vt 0.102474 0.865475 0.000000
vt 0.797376 0.713036 0.000000
vt 0.788213 0.719113 0.000000
vt 0.288934 0.467864 0.000000
vt 0.291937 0.491820 0.000000
vt 0.398820 0.500551 0.000000
vt 0.403230 0.493797 0.000000
vt 0.520141 0.689722 0.000000
vt 0.507617 0.691765 0.000000
vt 0.075907 0.018082 0.000000
vt 0.973672 0.708182 0.000000
vt 0.965323 0.710091 0.000000
vt 0.614294 0.866926 0.000000
vt 0.959405 0.589209 0.000000
vt 0.451567 0.093710 0.000000
vt 0.329437 0.809127 0.000000
vt 0.356073 0.719168 0.000000
vt 0.337550 0.734494 0.000000
vt 0.613954 0.852188 0.000000
vt 0.601400 0.824937 0.000000
vt 0.931680 0.640618 0.000000
vt 0.904755 0.641154 0.000000
vt 0.310602 0.693822 0.000000
vt 0.746443 0.684492 0.000000
vt 0.712466 0.695932 0.000000
vt 0.040614 0.157555 0.000000
vt 0.047190 0.150451 0.000000
vt 0.117341 0.348106 0.000000
vt 0.112313 0.371003 0.000000
vt 0.978016 0.437315 0.000000
vt 0.398151 0.517270 0.000000
vt 0.222615 0.201066 0.000000
vt 0.895235 0.076220 0.000000
vt 0.509543 0.699526 0.000000
vt 0.511206 0.106375 0.000000
vt 0.063900 0.452127 0.000000
vt 0.657487 0.778773 0.000000
vt 0.701832 0.817735 0.000000
vt 0.869705 0.576301 0.000000
vt 0.860976 0.617359 0.000000
vt 0.875863 0.617119 0.000000
vt 0.013276 0.532868 0.000000
vt 0.659700 0.813715 0.000000
vt 0.420216 0.481853 0.000000
vt 0.423910 0.489681 0.000000
vt 0.615741 0.420575 0.000000
vt 0.622945 0.414442 0.000000
vt 0.553857 0.677713 0.000000
vt 0.447864 0.858090 0.000000
vt 0.439702 0.833935 0.000000
vt 0.390124 0.846308 0.000000
vt 0.668759 0.356651 0.000000
vt 0.659933 0.369533 0.000000
vt 0.653230 0.662573 0.000000
vt 0.321133 0.785896 0.000000
vt 0.637593 0.623866 0.000000
vt 0.647089 0.604216 0.000000
vt 0.679117 0.703295 0.000000
vt 0.687310 0.701431 0.000000
vt 0.685075 0.640871 0.000000
vt 0.657836 0.646956 0.000000
vt 0.985542 0.966157 0.000000
vt 0.986420 0.960137 0.000000
vt 0.759272 0.943607 0.000000
vt 0.772011 0.951573 0.000000
vt 0.948057 0.636232 0.000000
vt 0.495942 0.107537 0.000000
vt 0.485447 0.085307 0.000000
vt 0.662097 0.696837 0.000000
vt 0.673984 0.702784 0.000000
vt 0.836258 0.673160 0.000000
vt 0.881697 0.757414 0.000000
vt 0.499798 0.828872 0.000000
vt 0.021233 0.517763 0.000000
vt 0.599303 0.402532 0.000000
vt 0.018612 0.830250 0.000000
vt 0.022016 0.838581 0.000000
vt 0.024718 0.829779 0.000000
vt 0.142678 0.164488 0.000000
vt 0.023906 0.839473 0.000000
vt 0.027582 0.837071 0.000000
vt 0.161168 0.006130 0.000000
vt 0.066143 0.126539 0.000000
vt 0.759269 0.921661 0.000000
vt 0.747240 0.937305 0.000000
vt 0.601798 0.951240 0.000000
vt 0.318241 0.796883 0.000000
vt 0.466471 0.606687 0.000000
vt 0.470209 0.605654 0.000000
vt 0.686878 0.919464 0.000000
vt 0.670815 0.927023 0.000000
vt 0.908033 0.688003 0.000000
vt 0.672929 0.499138 0.000000
vt 0.675601 0.481316 0.000000
vt 0.793449 0.344103 0.000000
vt 0.792547 0.780451 0.000000
vt 0.754360 0.792091 0.000000
vt 0.323956 0.638332 0.000000
vt 0.514508 0.354497 0.000000
vt 0.762188 0.113389 0.000000
vt 0.633102 0.837363 0.000000
vt 0.063743 0.279340 0.000000
vt 0.835427 0.676258 0.000000
vt 0.970049 0.688481 0.000000
vt 0.718809 0.529596 0.000000
vt 0.693570 0.528253 0.000000
vt 0.911900 0.153336 0.000000
vt 0.712455 0.556529 0.000000
vt 0.334241 0.819914 0.000000
vt 0.631965 0.863654 0.000000
vt 0.338779 0.527742 0.000000
vt 0.882479 0.128921 0.000000
vt 0.632515 0.874676 0.000000
vt 0.671715 0.640038 0.000000
vt 0.518699 0.717535 0.000000
vt 0.504572 0.723609 0.000000
vt 0.947784 0.689254 0.000000
vt 0.175088 0.915199 0.000000
vt 0.496888 0.846323 0.000000
vt 0.486608 0.647300 0.000000
vt 0.188188 0.479991 0.000000
vt 0.162200 0.472866 0.000000
vt 0.688262 0.966719 0.000000
vt 0.694380 0.979248 0.000000
vt 0.042347 0.352565 0.000000
vt 0.625183 0.905056 0.000000
vt 0.440480 0.690981 0.000000
vt 0.448828 0.684310 0.000000
vt 0.864752 0.212237 0.000000
vt 0.036616 0.988150 0.000000
vt 0.742950 0.440176 0.000000
vt 0.218100 0.924132 0.000000
vt 0.053307 0.687608 0.000000
vt 0.242929 0.621792 0.000000
vt 0.959885 0.219937 0.000000
vt 0.943305 0.217924 0.000000
vt 0.482001 0.634067 0.000000
vt 0.021728 0.796159 0.000000
vt 0.019301 0.793408 0.000000
vt 0.017754 0.796640 0.000000
vt 0.262697 0.516244 0.000000
vt 0.881214 0.766176 0.000000
vt 0.028415 0.344371 0.000000
vt 0.040986 0.365372 0.000000
vt 0.654220 0.976483 0.000000
vt 0.405815 0.584484 0.000000
vt 0.805547 0.670397 0.000000
vt 0.451964 0.780245 0.000000
vt 0.975863 0.898640 0.000000
vt 0.500110 0.717102 0.000000
vt 0.747383 0.440210 0.000000
vt 0.708124 0.985939 0.000000
vt 0.724014 0.972660 0.000000
vt 0.301038 0.818475 0.000000
vt 0.362125 0.441182 0.000000
vt 0.356426 0.417358 0.000000
vt 0.044967 0.406808 0.000000
vt 0.063731 0.879787 0.000000
vt 0.779213 0.690944 0.000000
vt 0.799229 0.684917 0.000000
vt 0.705056 0.330340 0.000000
vt 0.931177 0.635434 0.000000
vt 0.266663 0.019713 0.000000
vt 0.250954 0.017815 0.000000
vt 0.808259 0.726433 0.000000
vt 0.075002 0.124246 0.000000
vt 0.335976 0.880252 0.000000
vt 0.343664 0.886103 0.000000
vt 0.250042 0.423654 0.000000
vt 0.987975 0.430596 0.000000
vt 0.101375 0.165974 0.000000
vt 0.888857 0.050686 0.000000
vt 0.906049 0.039762 0.000000
vt 0.049013 0.895714 0.000000
vt 0.253021 0.516933 0.000000
vt 0.467976 0.083081 0.000000
vt 0.060697 0.406121 0.000000
vt 0.557184 0.016075 0.000000
vt 0.536997 0.023783 0.000000
vt 0.595772 0.959470 0.000000
vt 0.066575 0.318979 0.000000
vt 0.416079 0.565880 0.000000
vt 0.397842 0.508240 0.000000
vt 0.494025 0.708308 0.000000
vt 0.487597 0.698715 0.000000
vt 0.047705 0.031675 0.000000
vt 0.025484 0.038902 0.000000
vt 0.051953 0.061622 0.000000
vt 0.480786 0.689428 0.000000
vt 0.784024 0.607183 0.000000
vt 0.473600 0.680855 0.000000
vt 0.981567 0.793883 0.000000
vt 0.980274 0.746511 0.000000
vt 0.642445 0.877380 0.000000
vt 0.646947 0.871164 0.000000
vt 0.647266 0.856881 0.000000
vt 0.650077 0.860975 0.000000
vt 0.358291 0.948935 0.000000
vt 0.064529 0.070075 0.000000
vt 0.690576 0.700944 0.000000
vt 0.710126 0.954102 0.000000
vt 0.796177 0.330232 0.000000
vt 0.750100 0.687621 0.000000
vt 0.460953 0.578669 0.000000
vt 0.017470 0.866925 0.000000
vt 0.023015 0.871443 0.000000
vt 0.017251 0.863416 0.000000
vt 0.081636 0.850210 0.000000
vt 0.932290 0.151074 0.000000
vt 0.909566 0.020962 0.000000
vt 0.024315 0.759345 0.000000
vt 0.020603 0.759811 0.000000
vt 0.024404 0.762741 0.000000
vt 0.697852 0.831704 0.000000
vt 0.736132 0.879874 0.000000
vt 0.677588 0.847338 0.000000
vt 0.688931 0.842878 0.000000
vt 0.668590 0.853324 0.000000
vt 0.648147 0.602795 0.000000
vt 0.649580 0.599115 0.000000
vt 0.639783 0.595067 0.000000
vt 0.319885 0.799650 0.000000
vt 0.327257 0.809614 0.000000
vt 0.318319 0.499336 0.000000
vt 0.325840 0.489744 0.000000
vt 0.656094 0.872832 0.000000
vt 0.663286 0.876021 0.000000
vt 0.652247 0.870619 0.000000
vt 0.585298 0.669798 0.000000
vt 0.663676 0.869678 0.000000
vt 0.661908 0.863910 0.000000
vt 0.662805 0.858765 0.000000
vt 0.748256 0.619902 0.000000
vt 0.760317 0.613597 0.000000
vt 0.751144 0.313171 0.000000
vt 0.701256 0.838391 0.000000
vt 0.714540 0.833194 0.000000
vt 0.056928 0.404544 0.000000
vt 0.304645 0.834208 0.000000
vt 0.911268 0.158363 0.000000
vt 0.987081 0.680027 0.000000
vt 0.314975 0.756717 0.000000
vt 0.716219 0.469116 0.000000
vt 0.725463 0.482399 0.000000
vt 0.608786 0.412704 0.000000
vt 0.688073 0.922068 0.000000
vt 0.688973 0.924331 0.000000
vt 0.123328 0.374449 0.000000
vt 0.433498 0.636356 0.000000
vt 0.637940 0.884151 0.000000
vt 0.633597 0.890547 0.000000
vt 0.631074 0.894374 0.000000
vt 0.628932 0.896345 0.000000
vt 0.635577 0.593318 0.000000
vt 0.465771 0.672296 0.000000
vt 0.575926 0.673616 0.000000
vt 0.654057 0.381777 0.000000
vt 0.025693 0.793704 0.000000
vt 0.020074 0.792691 0.000000
vt 0.082009 0.817218 0.000000
vt 0.574197 0.985121 0.000000
vt 0.191380 0.018257 0.000000
vt 0.209460 0.920402 0.000000
vt 0.336201 0.974902 0.000000
vt 0.338184 0.979395 0.000000
vt 0.617149 0.455412 0.000000
vt 0.872155 0.671878 0.000000
vt 0.705015 0.639611 0.000000
vt 0.634051 0.451763 0.000000
vt 0.339239 0.981021 0.000000
vt 0.010459 0.973742 0.000000
vt 0.842032 0.099969 0.000000
vt 0.815124 0.074542 0.000000
vt 0.383776 0.884873 0.000000
vt 0.670207 0.901483 0.000000
vt 0.679007 0.905687 0.000000
vt 0.777697 0.797139 0.000000
vt 0.329512 0.467728 0.000000
vt 0.391059 0.906417 0.000000
vt 0.608116 0.684492 0.000000
vt 0.075008 0.275561 0.000000
vt 0.809269 0.973314 0.000000
vt 0.429007 0.871430 0.000000
vt 0.424152 0.597468 0.000000
vt 0.688846 0.006802 0.000000
vt 0.021578 0.801224 0.000000
vt 0.025504 0.800902 0.000000
vt 0.414036 0.590769 0.000000
vt 0.702779 0.700804 0.000000
vt 0.710174 0.696961 0.000000
vt 0.304089 0.454956 0.000000
vt 0.665069 0.670193 0.000000
vt 0.426898 0.516518 0.000000
vt 0.425654 0.526325 0.000000
vt 0.935119 0.216361 0.000000
vt 0.009588 0.985606 0.000000
vt 0.219481 0.490089 0.000000
vt 0.321672 0.664706 0.000000
vt 0.990006 0.672102 0.000000
vt 0.096038 0.149491 0.000000
vt 0.415118 0.455292 0.000000
vt 0.398239 0.461788 0.000000
vt 0.091119 0.088506 0.000000
vt 0.633156 0.004234 0.000000
vt 0.018360 0.860728 0.000000
vt 0.023572 0.857888 0.000000
vt 0.304137 0.913620 0.000000
vt 0.075021 0.801238 0.000000
vt 0.718993 0.012933 0.000000
vt 0.671026 0.461825 0.000000
vt 0.343781 0.899846 0.000000
vt 0.984988 0.688047 0.000000
vt 0.217491 0.453107 0.000000
vt 0.940312 0.185951 0.000000
vt 0.948404 0.184615 0.000000
vt 0.867823 0.978569 0.000000
vt 0.620375 0.423965 0.000000
vt 0.371710 0.969765 0.000000
vt 0.313983 0.454404 0.000000
vt 0.026228 0.858582 0.000000
vt 0.029599 0.867559 0.000000
vt 0.500053 0.678326 0.000000
vt 0.354692 0.506158 0.000000
vt 0.494575 0.423416 0.000000
vt 0.874447 0.752041 0.000000
# 1317 texture coordinates

o Object_0
usemtl default
f 714/3/3 476/2/2 506/1/1
f 743/6/6 301/5/5 633/4/4
f 568/9/9 693/8/8 357/7/7
f 708/12/12 379/11/11 74/10/10
f 305/15/15 467/14/14 375/13/13
f 313/18/18 571/17/17 435/16/16
f 571/17/17 313/18/18 133/19/19
f 143/22/22 132/21/21 191/20/20
f 28/25/25 819/24/24 567/23/23
f 448/28/28 108/27/27 469/26/26
f 144/31/31 691/30/30 258/29/29
f 113/34/34 247/33/33 155/32/32
f 88/37/37 574/36/36 501/35/35
f 144/31/31 258/29/29 528/38/38
f 504/41/41 90/40/40 80/39/39
f 913/44/44 228/43/43 534/42/42
f 510/46/46 693/8/8 645/45/45
f 530/49/49 808/48/48 260/47/47
f 201/52/52 908/51/51 795/50/50
f 45/55/55 634/54/54 156/53/53
f 892/58/58 452/57/57 370/56/56
f 742/60/60 465/59/59 819/24/24
f 741/63/63 683/62/62 249/61/61
f 29/65/66 13/64/65 108/27/64
f 348/68/69 812/67/68 471/66/67
f 637/71/72 18/70/71 524/69/70
f 396/74/75 654/73/74 639/72/73
f 208/77/78 124/76/77 79/75/76
f 384/80/81 511/79/80 768/78/79
f 40/83/84 202/82/83 198/81/82
f 158/86/87 106/85/86 42/84/85
f 40/83/84 198/81/82 508/87/88
f 383/90/91 91/89/90 371/88/89
f 40/83/84 508/87/88 48/91/92
f 417/94/95 456/93/94 629/92/93
f 538/97/98 107/96/97 765/95/96
f 232/100/101 69/99/100 651/98/99
f 313/18/18 435/16/16 902/101/102
f 904/104/105 216/103/104 203/102/103
f 52/107/108 291/106/107 643/105/106
f 405/110/109 140/109/109 903/108/109
f 277/113/112 736/112/111 483/111/110
f 558/116/115 254/115/114 60/114/113
f 597/119/116 720/118/116 788/117/116
f 890/122/119 472/121/118 363/120/117
f 347/125/122 9/124/121 682/123/120
f 351/128/125 727/127/124 75/126/123
f 243/131/128 55/130/127 252/129/126
f 189/134/131 104/133/130 431/132/129
f 741/63/63 772/135/132 683/62/62
f 672/138/135 480/137/134 3/136/133
f 646/141/138 112/140/137 644/139/136
f 46/142/139 795/50/50 908/51/51
f 119/145/142 56/144/141 240/143/140
f 784/148/145 669/147/144 532/146/143
f 54/151/148 853/150/147 544/149/146
f 9/154/121 673/153/150 685/152/149
f 674/157/153 188/156/152 178/155/151
f 523/159/155 476/2/2 616/158/154
f 75/126/123 727/127/124 593/160/156
f 742/60/60 819/24/24 46/142/139
f 308/163/159 623/162/158 710/161/157
f 786/166/162 290/165/161 66/164/160
f 516/169/165 137/168/164 463/167/163
f 907/170/166 456/93/94 417/94/95
f 306/173/169 175/172/168 701/171/167
f 306/173/169 285/175/171 170/174/170
f 91/177/90 219/176/172 371/88/89
f 468/180/175 320/179/174 382/178/173
f 806/183/178 268/182/177 789/181/176
f 788/117/180 525/184/179 29/65/179
f 82/187/183 153/186/182 256/185/181
f 97/189/185 381/188/184 637/71/72
f 31/192/188 664/191/187 83/190/186
f 545/195/191 338/194/190 556/193/189
f 256/185/181 473/197/193 92/196/192
f 311/200/194 805/199/194 560/198/194
f 46/142/139 908/51/51 742/60/60
f 451/203/197 387/202/196 760/201/195
f 459/206/198 38/205/198 771/204/198
f 559/208/200 326/207/199 646/141/138
f 26/211/203 280/210/202 502/209/201
f 497/214/206 100/213/205 425/212/204
f 479/216/208 795/50/50 234/215/207
f 814/218/210 853/150/147 632/217/209
f 684/221/213 5/220/212 307/219/211
f 469/26/26 108/27/27 512/222/214
f 844/224/216 248/223/215 685/152/149
f 736/112/111 66/226/160 290/225/161
f 423/228/218 546/227/217 357/7/7
f 604/230/220 201/52/52 428/229/219
f 689/232/222 305/15/15 740/231/221
f 359/235/225 658/234/224 271/233/223
f 449/238/228 442/237/227 32/236/226
f 114/241/229 111/240/230 122/239/229
f 122/239/229 116/242/231 114/241/229
f 117/243/232 116/242/232 122/239/232
f 58/246/235 496/245/234 653/244/233
f 332/249/238 324/248/237 778/247/236
f 889/251/240 678/250/239 456/93/94
f 674/157/153 614/252/241 188/156/152
f 911/254/243 675/253/242 417/94/95
f 21/257/246 139/256/245 199/255/244
f 125/259/249 121/258/248 122/239/247
f 215/262/252 690/261/251 424/260/250
f 877/265/253 916/264/253 624/263/253
f 816/268/256 750/267/255 621/266/254
f 140/109/259 181/270/258 96/269/257
f 64/273/262 758/272/261 661/271/260
f 697/276/263 15/275/263 432/274/263
f 502/278/266 530/277/265 260/47/264
f 746/281/269 680/280/268 521/279/267
f 135/284/272 131/283/271 126/282/270
f 455/287/275 421/286/274 460/285/273
f 136/288/276 131/283/271 135/284/272
f 88/290/37 160/289/278 463/167/277
f 350/293/281 811/292/280 77/291/279
f 287/295/283 532/146/143 154/294/282
f 387/202/196 453/297/285 314/296/284
f 284/300/286 912/299/286 436/298/286
f 271/303/289 43/302/288 862/301/287
f 728/304/290 614/252/241 674/157/153
f 833/307/293 791/306/292 790/305/291
f 135/284/272 149/309/295 315/308/294
f 755/312/298 654/311/297 630/310/296
f 771/204/300 514/313/299 97/189/185
f 440/316/303 330/315/302 910/314/301
f 320/179/174 756/317/304 382/178/173
f 199/255/244 684/221/213 587/318/305
f 567/23/23 819/24/24 465/59/59
f 355/321/308 226/320/307 349/319/306
f 149/309/295 150/322/309 315/308/294
f 764/324/311 431/132/129 846/323/310
f 613/327/314 561/326/313 906/325/312
f 345/330/317 239/329/316 592/328/315
f 154/333/320 386/332/319 220/331/318
f 150/322/309 149/309/295 158/86/87
f 845/336/322 620/335/321 467/334/14
f 719/339/325 738/338/324 896/337/323
f 681/342/328 507/341/327 221/340/326
f 23/345/331 286/344/330 522/343/329
f 150/322/309 158/86/87 159/346/332
f 314/296/284 146/347/333 387/202/196
f 400/349/335 790/305/291 89/348/334
f 309/350/336 150/322/309 159/346/332
f 159/346/332 158/86/87 162/351/337
f 56/354/141 600/353/338 240/352/140
f 85/355/339 674/157/153 178/155/151
f 815/358/340 359/357/340 902/356/340
f 647/360/342 34/359/341 768/78/79
f 166/361/343 309/350/336 159/346/332
f 661/271/260 736/112/344 64/273/262
f 162/351/337 172/362/345 159/346/332
f 159/346/332 172/362/345 169/363/346
f 169/363/346 166/361/343 159/346/332
f 421/286/274 49/365/348 618/364/347
f 253/368/351 50/367/350 367/366/349
f 831/369/352 350/293/281 77/291/279
f 199/255/244 5/220/212 684/221/213
f 64/273/262 420/371/354 636/370/353
f 375/13/13 620/373/321 300/372/355
f 723/376/357 369/375/356 814/374/210
f 346/377/358 166/361/343 169/363/346
f 140/109/259 405/110/360 197/378/359
f 824/379/361 664/191/187 913/44/44
f 738/338/324 605/380/362 133/19/19
f 362/381/364 853/150/363 74/10/10
f 442/237/227 142/382/365 435/16/16
f 776/385/368 44/384/367 488/383/366
f 383/90/91 371/88/89 871/386/369
f 397/389/372 711/388/371 531/387/370
f 346/377/358 169/363/346 291/106/107
f 779/392/375 803/391/374 586/390/373
f 426/395/378 499/394/377 798/393/376
f 513/397/380 60/114/113 53/396/379
f 860/399/382 716/398/381 45/55/55
f 916/264/385 877/265/384 717/400/383
f 499/394/377 426/395/378 726/401/386
f 366/403/389 241/402/388 367/366/387
f 473/197/193 256/185/181 86/404/390
f 705/406/391 88/405/37 501/35/35
f 288/407/392 291/106/107 52/107/108
f 52/107/108 282/408/393 288/407/392
f 226/320/307 431/132/129 764/324/311
f 618/364/347 49/365/348 167/409/394
f 780/412/397 331/411/396 16/410/395
f 304/414/398 838/413/398 815/358/398
f 243/131/128 245/416/400 238/415/399
f 93/417/401 587/318/305 684/221/213
f 193/419/403 701/171/167 917/418/402
f 587/318/305 668/421/405 185/420/404
f 43/423/288 688/422/406 862/301/287
f 472/425/408 249/61/61 891/424/407
f 918/428/411 748/427/410 392/426/409
f 264/431/414 787/430/413 450/429/412
f 201/52/52 795/50/50 479/216/208
f 202/82/83 282/408/415 198/81/82
f 202/82/83 203/102/416 282/408/415
f 824/379/361 913/44/44 534/432/42
f 708/12/12 439/434/418 515/433/417
f 381/188/184 514/313/299 513/397/380
f 644/139/136 112/140/137 179/435/419
f 723/376/357 816/268/256 621/266/254
f 473/197/193 86/404/390 743/6/6
f 203/102/416 202/82/83 41/436/420
f 735/439/423 73/438/422 236/437/421
f 220/331/318 206/440/424 154/333/320
f 168/443/427 474/442/426 741/441/425
f 203/102/103 273/445/429 276/444/428
f 236/437/421 578/446/430 735/439/423
f 120/449/433 481/448/432 333/447/431
f 275/452/436 433/451/435 773/450/434
f 326/207/199 726/401/386 880/453/437
f 216/103/104 273/445/429 203/102/103
f 216/103/104 217/454/438 273/445/429
f 856/456/439 614/252/241 506/455/1
f 619/459/442 128/458/441 11/457/440
f 763/462/445 588/461/444 403/460/443
f 363/120/117 729/463/446 890/122/119
f 77/291/279 420/371/354 302/464/447
f 95/467/450 323/466/449 361/465/448
f 54/151/148 855/469/452 626/468/451
f 601/470/453 755/312/453 630/310/453
f 25/472/455 724/471/454 217/454/438
f 217/454/438 724/471/454 517/473/456
f 517/473/456 272/474/457 217/454/438
f 517/473/456 62/475/458 272/474/457
f 697/478/461 129/477/460 462/476/459
f 532/146/143 744/479/462 784/148/145
f 231/482/465 879/481/464 230/480/463
f 129/477/460 869/483/467 903/108/466
f 85/355/339 728/304/290 674/157/153
f 739/484/468 226/320/307 355/321/308
f 523/159/155 722/486/470 581/485/469
f 728/304/290 85/355/339 676/487/471
f 326/207/199 123/489/473 109/488/472
f 27/492/476 762/491/475 589/490/474
f 243/131/128 238/415/399 233/493/477
f 744/479/462 532/146/143 849/494/478
f 252/129/126 245/416/400 243/131/128
f 246/496/480 243/131/128 413/495/479
f 913/44/44 141/498/482 498/497/481
f 296/501/485 237/500/484 901/499/483
f 246/496/480 413/495/479 250/502/486
f 710/161/489 537/504/488 257/503/487
f 598/506/491 862/301/287 641/505/490
f 568/509/9 357/508/7 440/507/303
f 259/511/493 410/510/492 258/29/29
f 39/513/495 155/512/494 849/494/478
f 691/30/30 259/511/493 258/29/29
f 788/516/498 720/515/497 68/514/496
f 781/518/500 220/331/318 553/517/499
f 732/521/503 187/520/502 650/519/501
f 605/380/362 571/17/17 133/19/19
f 153/186/182 569/523/505 696/522/504
f 850/525/507 544/149/146 688/524/506
f 204/528/510 261/527/509 312/526/508
f 227/531/513 101/530/512 709/529/511
f 677/532/514 100/213/205 497/214/206
f 157/534/516 567/23/23 582/533/515
f 463/167/277 574/36/36 88/535/37
f 272/474/457 62/475/458 528/38/517
f 258/29/29 385/537/519 374/536/518
f 772/135/132 91/538/520 683/62/62
f 30/539/521 332/249/238 778/247/236
f 384/80/81 34/359/341 582/533/515
f 808/542/48 221/541/523 827/540/522
f 374/536/518 274/543/524 258/29/29
f 567/23/23 157/534/516 28/25/25
f 822/545/526 156/53/53 464/544/525
f 816/268/256 240/352/140 600/353/338
f 7/548/529 533/547/528 61/546/527
f 108/27/27 448/28/28 597/119/530
f 272/474/457 528/38/38 274/543/524
f 258/29/29 274/543/524 528/38/38
f 914/550/532 70/549/531 773/450/434
f 272/474/457 274/543/524 273/445/429
f 273/445/429 217/454/438 272/474/457
f 452/57/57 234/215/207 46/142/139
f 356/553/535 2/552/534 67/551/533
f 782/554/536 261/527/509 204/528/510
f 274/543/524 276/444/428 273/445/429
f 353/555/537 135/284/272 126/282/270
f 248/223/215 204/528/510 519/556/538
f 723/376/357 165/558/540 207/557/539
f 209/560/542 9/154/121 526/559/541
f 101/530/512 227/531/513 229/561/543
f 85/355/339 678/250/239 889/251/240
f 331/411/396 18/70/71 446/562/544
f 142/565/365 746/564/269 826/563/545
f 314/296/284 336/566/546 146/347/333
f 228/43/43 913/44/44 498/497/481
f 137/168/164 516/169/165 33/567/547
f 829/568/548 689/232/222 356/553/535
f 388/571/551 915/570/550 414/569/549
f 282/408/552 203/102/103 276/444/428
f 593/160/156 727/573/124 575/572/553
f 556/193/189 458/575/555 552/574/554
f 765/95/557 439/434/418 200/576/556
f 210/579/560 377/578/559 520/577/558
f 826/580/561 838/413/561 304/414/561
f 717/400/383 910/582/301 916/581/385
f 57/584/563 600/353/338 389/583/562
f 103/587/566 810/586/565 8/585/564
f 195/589/568 289/588/567 139/256/245
f 128/458/441 619/459/442 241/402/388
f 473/197/193 317/590/569 61/546/527
f 396/74/75 191/20/20 132/21/21
f 353/555/537 149/309/295 135/284/272
f 253/593/570 820/592/570 461/591/570
f 779/392/573 753/595/572 76/594/571
f 494/597/575 564/596/574 773/450/434
f 678/250/239 653/244/576 629/92/93
f 37/599/578 686/598/577 689/232/222
f 837/600/579 320/179/174 468/180/175
f 616/158/154 812/67/68 348/68/69
f 291/106/107 288/407/392 454/601/580
f 632/217/209 529/602/581 814/218/210
f 386/332/319 553/517/499 220/331/318
f 652/605/584 884/604/583 883/603/582
f 419/608/587 279/607/586 265/606/585
f 647/360/342 446/562/544 381/188/184
f 31/192/188 79/75/76 124/76/77
f 264/431/414 222/609/588 787/430/413
f 573/610/589 564/596/574 3/136/133
f 10/613/592 809/612/591 861/611/590
f 393/616/595 447/615/594 88/614/593
f 342/618/598 496/617/597 58/246/596
f 352/621/601 796/620/600 110/619/599
f 699/624/604 665/623/603 666/622/602
f 81/625/605 23/345/331 170/174/170
f 505/628/608 223/627/607 373/626/606
f 254/115/114 558/116/115 610/629/609
f 822/545/526 860/399/382 45/55/55
f 109/488/472 112/140/137 646/141/138
f 352/621/601 110/619/599 882/630/610
f 732/633/503 478/632/611 187/631/502
f 462/476/614 140/109/613 848/634/612
f 47/637/617 205/636/616 836/635/615
f 86/404/390 783/639/618 397/638/372
f 455/287/275 79/75/76 447/615/594
f 861/611/590 809/612/591 798/393/376
f 879/481/464 886/641/620 134/640/619
f 309/350/336 166/361/343 303/642/621
f 64/273/262 277/113/622 302/464/447
f 170/174/170 285/175/171 857/643/623
f 810/645/565 500/644/624 44/384/367
f 795/50/50 46/142/139 234/215/207
f 228/648/627 563/647/626 292/646/625
f 667/650/629 180/649/628 82/187/183
f 624/652/631 916/651/630 553/517/499
f 139/256/245 702/653/632 5/220/212
f 765/656/557 747/655/634 799/654/633
f 498/497/481 242/657/635 228/43/43
f 836/660/615 422/659/637 655/658/636
f 822/545/526 101/530/512 860/399/382
f 747/655/634 184/661/638 799/654/633
f 143/22/22 803/662/639 634/54/54
f 150/322/309 309/350/336 329/663/640
f 474/442/643 168/443/642 832/664/641
f 150/322/309 329/663/640 315/308/294
f 23/345/331 857/666/623 318/665/644
f 171/669/647 543/668/646 148/667/645
f 365/670/648 884/604/583 233/493/477
f 667/650/629 533/547/528 639/72/73
f 553/517/499 901/499/483 237/500/484
f 236/437/421 590/672/650 751/671/649
f 52/107/108 198/81/82 282/408/393
f 307/219/211 702/653/632 499/394/377
f 298/674/652 453/297/285 737/673/651
f 339/675/653 890/122/119 729/463/446
f 647/360/342 768/78/79 263/676/654
f 315/308/294 322/678/656 321/677/655
f 321/677/655 135/284/272 315/308/294
f 79/75/76 31/192/188 83/190/186
f 418/679/657 468/180/175 382/178/173
f 887/681/659 313/18/18 255/680/658
f 440/316/303 107/682/97 330/315/302
f 726/401/386 307/219/211 499/394/377
f 738/338/324 719/339/325 392/426/660
f 321/677/655 136/288/276 135/284/272
f 546/227/217 515/433/417 107/683/661
f 461/591/664 12/685/663 566/684/662
f 480/137/134 475/687/666 487/686/665
f 730/690/667 222/689/588 333/688/431
f 380/691/670 578/446/669 751/671/668
f 228/648/627 441/692/671 563/647/626
f 325/693/672 322/678/656 329/663/640
f 329/663/640 327/694/673 325/693/672
f 607/697/676 176/696/675 378/695/674
f 9/154/121 685/152/149 248/223/215
f 329/663/640 322/678/656 315/308/294
f 171/669/647 613/327/314 124/76/77
f 97/189/185 839/699/678 627/698/677
f 453/297/285 389/583/562 56/354/141
f 419/702/681 847/701/680 279/700/679
f 341/705/684 731/704/683 457/703/682
f 855/469/452 680/706/268 142/382/365
f 467/334/14 694/707/685 845/336/322
f 310/708/686 502/278/266 260/47/264
f 576/711/689 94/710/688 885/709/687
f 16/410/395 331/411/396 263/676/654
f 659/713/691 774/712/690 524/69/70
f 477/714/692 329/663/640 309/350/336
f 475/687/666 480/137/134 763/715/445
f 312/526/508 519/556/538 204/528/510
f 466/718/695 24/717/694 429/716/693
f 309/350/336 338/194/190 477/714/692
f 180/649/628 667/650/629 755/719/696
f 389/583/562 298/674/652 57/584/563
f 420/371/354 64/273/262 302/464/447
f 283/722/699 821/721/698 824/720/697
f 303/642/621 338/194/190 309/350/336
f 581/485/469 722/486/470 441/692/671
f 98/725/702 17/724/701 335/723/700
f 494/597/575 709/726/703 672/138/135
f 748/427/410 660/728/705 713/727/704
f 16/410/395 809/612/591 780/412/397
f 629/92/93 456/93/94 678/250/239
f 759/729/706 510/46/46 645/45/45
f 668/731/405 618/364/347 186/730/707
f 320/179/174 616/158/154 348/68/69
f 303/642/621 166/361/708 556/193/189
f 556/193/189 166/361/343 346/377/358
f 497/214/206 831/369/352 677/532/514
f 690/733/710 215/732/709 598/506/491
f 241/402/388 739/484/468 270/734/711
f 364/735/712 522/343/329 844/224/216
f 351/737/714 785/736/713 380/691/670
f 19/739/716 344/738/715 762/491/475
f 675/253/242 367/366/387 270/734/711
f 597/741/719 779/740/718 720/515/717
f 52/107/108 508/87/88 198/81/82
f 753/595/572 779/392/573 311/742/720
f 346/377/358 291/106/107 458/575/555
f 858/745/723 696/744/722 823/743/721
f 242/746/635 498/497/481 694/707/685
f 291/106/107 454/601/580 354/747/724
f 354/747/724 458/575/555 291/106/107
f 718/749/726 37/599/578 27/748/725
f 72/750/727 848/634/728 96/269/727
f 442/237/227 435/16/16 571/17/17
f 812/67/68 714/752/3 299/751/729
f 470/755/730 109/754/472 123/753/473
f 9/124/121 89/348/334 682/123/120
f 525/184/731 80/39/39 90/40/40
f 294/757/734 328/756/733 400/349/732
f 669/759/735 784/758/735 877/265/735
f 667/650/629 92/196/192 533/547/528
f 856/760/439 523/159/155 581/485/469
f 333/763/431 11/762/440 611/761/736
f 301/5/5 666/622/602 27/764/737
f 241/402/388 366/403/389 128/458/441
f 417/94/95 794/766/739 491/765/738
f 92/196/192 667/650/629 82/187/183
f 194/769/742 638/768/741 278/767/740
f 452/57/57 46/142/139 370/56/56
f 796/620/600 457/703/682 261/527/509
f 756/317/304 348/68/69 503/770/743
f 288/407/745 282/408/552 444/771/744
f 610/629/609 750/267/255 816/268/256
f 185/420/404 682/123/120 89/348/334
f 54/151/148 632/217/209 853/150/147
f 762/491/475 27/492/476 666/772/746
f 586/390/373 311/742/747 779/392/375
f 444/771/744 282/408/552 368/773/748
f 196/776/751 733/775/750 548/774/749
f 355/321/308 491/765/738 739/484/468
f 372/777/752 444/771/744 368/773/748
f 368/773/748 282/408/552 276/444/428
f 409/780/754 192/779/753 857/778/623
f 214/781/757 461/591/756 820/592/755
f 709/783/703 845/336/322 672/782/135
f 368/773/748 374/536/518 372/777/752
f 461/591/664 566/684/662 50/784/758
f 206/440/424 918/428/411 36/785/759
f 276/444/428 274/543/524 368/773/748
f 368/773/748 274/543/524 374/536/518
f 660/728/705 748/427/410 70/549/531
f 763/462/445 583/786/760 588/461/444
f 672/787/135 845/336/322 763/462/445
f 280/210/763 63/788/762 575/572/761
f 665/623/603 699/624/604 71/789/764
f 26/211/203 310/791/766 118/790/765
f 251/792/767 156/53/53 634/54/54
f 503/770/743 471/66/67 193/419/403
f 699/624/604 531/793/370 71/789/764
f 409/780/768 857/778/623 285/794/171
f 381/188/184 513/397/380 647/360/342
f 56/354/141 119/795/142 403/460/443
f 265/797/585 6/796/770 120/449/769
f 719/339/325 267/799/772 867/798/771
f 370/56/56 17/724/701 892/58/58
f 385/537/519 391/800/773 374/536/518
f 141/498/482 913/44/44 664/191/187
f 788/802/498 68/801/496 80/39/39
f 771/204/300 97/189/185 459/206/774
f 778/247/236 729/463/446 363/120/117
f 586/390/373 805/803/775 311/742/747
f 672/138/135 763/715/445 480/137/134
f 894/804/776 363/120/117 472/121/118
f 59/805/777 133/19/19 313/18/18
f 821/721/778 516/169/779 463/167/778
f 564/596/574 672/138/135 3/136/133
f 6/807/770 478/806/781 481/448/780
f 205/636/616 164/808/782 836/635/615
f 181/811/785 635/810/784 225/809/783
f 328/756/786 91/89/90 383/90/91
f 770/814/787 397/813/372 783/812/618
f 516/169/165 418/679/657 33/567/547
f 416/816/789 805/815/789 197/378/788
f 179/818/419 212/817/790 543/668/646
f 385/537/793 390/819/792 391/800/791
f 599/822/796 265/821/795 394/820/794
f 390/819/792 385/537/793 258/29/29
f 310/791/766 358/824/798 648/823/797
f 390/819/792 258/29/29 395/825/799
f 562/828/800 663/827/801 127/826/800
f 438/830/803 745/829/802 871/386/369
f 902/356/805 304/414/805 815/358/804
f 773/450/434 564/596/574 573/610/589
f 258/29/29 398/831/806 395/825/799
f 378/695/674 343/833/808 679/832/807
f 427/834/809 583/786/760 763/462/445
f 10/613/592 861/611/590 289/588/567
f 418/679/657 821/721/811 283/722/810
f 401/836/813 395/825/799 402/835/812
f 633/4/4 27/748/725 37/599/578
f 11/457/440 189/134/131 619/459/442
f 404/837/814 395/825/799 401/836/813
f 271/233/223 215/262/252 255/680/658
f 407/838/815 395/825/799 404/837/814
f 2/552/534 356/553/535 638/768/741
f 398/831/806 258/29/29 408/839/816
f 408/839/816 258/29/29 410/510/492
f 654/73/74 755/719/696 639/72/73
f 398/831/806 402/835/812 395/825/799
f 741/841/818 249/840/817 339/675/653
f 352/621/601 651/98/99 796/620/600
f 416/843/789 560/842/819 805/199/789
f 79/75/76 455/287/275 208/77/78
f 142/565/820 826/563/820 304/844/820
f 641/505/490 550/845/821 414/569/549
f 250/502/822 413/495/822 415/846/822
f 858/847/723 256/185/181 153/186/182
f 407/838/815 413/495/479 631/848/823
f 260/47/264 827/540/824 310/708/686
f 395/825/799 407/838/815 631/848/823
f 395/825/799 631/848/826 625/849/825
f 285/850/171 728/304/290 676/487/471
f 395/825/799 625/849/825 390/819/792
f 379/11/11 423/228/218 362/381/364
f 249/851/817 472/121/118 890/122/119
f 782/554/536 796/620/600 261/527/509
f 697/276/829 432/274/828 72/852/827
f 158/86/87 42/84/85 162/351/337
f 877/265/831 624/853/631 669/759/830
f 919/856/834 337/855/833 842/854/832
f 566/684/837 12/685/836 257/503/835
f 756/317/304 33/567/547 418/679/657
f 523/159/155 4/857/839 722/486/838
f 599/822/796 777/858/840 265/821/795
f 426/395/378 582/533/515 360/859/841
f 636/370/353 758/272/261 64/273/262
f 760/201/195 561/326/313 451/203/197
f 675/253/844 911/254/843 308/860/842
f 333/861/431 222/609/588 264/431/414
f 78/862/846 912/299/845 634/54/54
f 98/725/702 34/359/341 647/360/342
f 597/863/719 251/792/767 803/662/639
f 915/865/848 388/864/847 645/45/45
f 13/64/849 512/222/214 108/27/27
f 741/441/425 786/166/162 168/443/427
f 613/327/314 649/866/850 428/229/219
f 653/244/233 496/245/234 540/867/851
f 803/662/853 191/20/852 903/868/466
f 219/870/855 95/467/450 640/869/854
f 332/249/238 30/539/521 483/871/856
f 741/63/63 474/442/643 772/135/132
f 616/158/154 818/872/857 523/159/155
f 869/483/467 586/390/373 803/391/853
f 658/234/224 359/235/225 775/873/858
f 14/874/859 336/566/546 583/786/760
f 558/116/115 750/267/255 610/629/609
f 510/46/46 544/149/146 853/150/147
f 185/420/404 199/255/244 587/318/305
f 391/800/773 606/875/860 372/777/752
f 187/631/502 337/877/861 650/876/501
f 391/800/773 372/777/752 374/536/518
f 673/153/150 334/878/862 685/152/149
f 631/848/826 652/605/584 625/849/825
f 592/879/864 127/826/864 663/827/863
f 243/131/128 246/496/480 55/130/127
f 638/768/741 740/231/221 609/880/865
f 587/318/305 834/881/866 668/421/405
f 445/882/867 444/771/744 372/777/752
f 59/805/777 717/400/383 695/883/868
f 212/817/790 527/884/869 148/667/645
f 764/324/311 846/323/310 425/885/204
f 163/886/870 146/347/333 336/566/546
f 8/887/564 810/645/565 44/384/367
f 789/181/176 662/888/871 576/711/689
f 879/481/464 134/640/619 888/889/872
f 425/212/204 318/665/644 192/890/753
f 137/168/164 377/578/559 574/36/873
f 470/755/730 527/892/869 109/891/472
f 460/285/273 183/893/874 543/668/646
f 288/407/745 444/771/744 445/882/867
f 673/153/150 210/579/560 520/577/558
f 445/882/867 591/894/875 288/407/745
f 765/95/557 200/896/556 376/895/876
f 174/899/877 881/898/877 909/897/877
f 356/553/535 67/551/533 829/568/548
f 142/382/365 671/900/878 855/469/452
f 5/220/212 199/255/244 139/256/245
f 529/602/581 119/145/142 240/143/140
f 759/729/706 388/864/847 825/901/879
f 164/808/782 27/492/476 589/490/474
f 3/136/133 487/686/665 518/902/880
f 454/601/881 288/407/745 591/894/875
f 454/601/881 591/894/875 354/747/882
f 504/41/41 102/904/884 489/903/883
f 14/874/859 583/786/760 427/834/809
f 450/429/412 422/659/637 431/132/129
f 648/823/797 118/790/765 310/791/766
f 442/237/227 671/900/878 142/382/365
f 28/25/25 370/56/56 819/24/24
f 320/179/174 837/600/579 4/857/839
f 832/664/641 168/443/642 219/870/885
f 896/337/323 267/799/772 719/339/325
f 577/907/886 799/906/633 184/905/638
f 833/307/293 21/257/246 791/306/292
f 284/910/889 436/909/888 813/908/887
f 776/385/368 490/912/891 585/911/890
f 799/914/892 538/913/98 765/95/96
f 109/488/472 646/141/138 326/207/199
f 68/514/895 317/590/894 448/915/893
f 918/428/411 867/798/896 36/785/759
f 556/193/189 346/377/358 458/575/555
f 431/132/129 104/133/130 264/431/414
f 534/916/898 292/646/625 468/180/897
f 529/602/581 487/686/665 475/687/666
f 36/785/759 867/798/896 39/917/899
f 72/919/727 96/269/727 225/918/900
f 387/202/196 479/216/208 737/673/651
f 609/880/865 278/767/740 638/768/741
f 732/521/503 650/519/501 188/156/152
f 163/886/870 336/566/546 14/874/859
f 556/193/189 338/194/190 303/642/621
f 589/490/474 576/711/689 836/635/615
f 163/886/870 14/874/859 141/498/482
f 501/35/901 377/578/559 210/579/560
f 206/440/424 220/331/318 781/518/500
f 871/386/369 371/88/89 817/920/902
f 90/40/40 281/921/903 525/184/731
f 540/867/851 297/923/905 262/922/904
f 640/924/906 817/920/902 371/88/89
f 296/501/485 910/314/301 330/315/302
f 4/857/839 837/600/579 563/647/907
f 271/303/289 598/506/491 215/732/709
f 216/103/104 266/926/909 535/925/908
f 729/463/446 324/248/237 430/927/910
f 78/862/846 634/54/54 45/55/55
f 642/929/912 485/928/912 477/714/911
f 477/714/692 485/928/914 484/930/913
f 484/930/913 329/663/640 477/714/692
f 916/651/630 910/314/301 901/499/483
f 702/653/632 307/219/211 5/220/212
f 318/665/644 110/619/599 286/344/330
f 485/928/914 486/931/915 484/930/913
f 37/599/578 22/933/916 686/932/577
f 393/616/595 49/365/348 455/287/275
f 484/930/913 327/694/673 329/663/640
f 132/21/21 143/22/22 284/934/917
f 195/589/568 843/935/918 10/613/592
f 167/409/394 347/936/122 618/364/347
f 909/897/919 723/376/357 207/557/539
f 837/600/579 292/646/920 563/647/907
f 254/115/114 892/58/58 17/724/701
f 540/867/851 262/938/904 841/937/921
f 789/181/176 846/939/310 662/888/871
f 44/384/367 495/941/923 493/940/922
f 44/384/367 493/940/922 488/383/366
f 499/394/377 289/588/567 861/611/590
f 773/450/434 433/451/435 227/942/924
f 72/852/925 432/274/925 848/943/925
f 39/917/899 749/944/926 36/785/759
f 500/644/624 495/941/923 44/384/367
f 734/946/929 761/945/928 507/341/927
f 61/546/527 533/547/528 473/197/193
f 318/665/644 286/344/330 23/345/331
f 664/191/187 824/379/361 83/190/186
f 711/388/371 35/947/930 229/561/543
f 342/949/598 847/701/932 555/948/931
f 22/933/916 37/599/578 718/749/726
f 543/668/646 171/669/647 208/77/78
f 856/760/439 581/485/469 205/636/616
f 240/143/140 814/218/210 529/602/581
f 569/523/505 153/186/182 82/187/183
f 611/761/736 120/449/433 333/447/431
f 33/567/547 756/317/304 211/950/933
f 689/232/222 638/768/741 356/553/535
f 181/270/785 345/952/934 635/951/784
f 429/716/693 762/491/475 466/718/695
f 518/902/880 573/610/589 3/136/133
f 887/681/659 424/954/250 568/953/9
f 58/246/935 178/155/151 342/618/598
f 209/955/542 89/348/334 9/124/121
f 731/704/683 526/559/541 519/556/538
f 582/533/515 426/395/378 384/80/81
f 738/338/324 713/727/704 32/236/226
f 247/33/33 717/400/383 877/265/936
f 99/957/938 8/585/564 735/956/937
f 482/958/939 211/950/933 756/317/304
f 101/530/512 822/545/526 300/372/355
f 585/911/890 721/959/940 776/385/368
f 56/354/141 389/583/562 600/353/338
f 343/833/808 878/961/942 340/960/941
f 563/647/626 441/692/671 722/486/470
f 535/925/908 25/472/455 217/454/438
f 377/578/559 137/168/164 211/950/933
f 200/962/943 505/628/608 373/626/606
f 464/544/525 767/963/944 278/767/740
f 777/858/947 602/965/946 6/964/945
f 534/916/898 228/648/627 292/646/625
f 568/9/9 645/45/948 693/8/8
f 721/959/940 585/911/890 536/966/949
f 293/968/951 30/539/521 443/967/950
f 428/229/219 479/216/208 451/203/197
f 715/969/952 721/959/940 536/966/949
f 536/966/953 585/911/953 539/970/953
f 283/722/699 824/972/697 534/971/954
f 69/99/957 293/974/956 295/973/955
f 541/975/958 715/969/952 536/966/949
f 541/975/958 542/976/959 715/969/952
f 154/294/282 749/977/960 287/295/283
f 787/978/413 222/689/588 730/690/667
f 754/979/961 457/703/682 69/99/100
f 160/980/962 88/614/593 447/615/594
f 849/494/478 287/295/283 39/513/495
f 604/230/220 908/51/51 201/52/52
f 127/826/800 635/981/963 562/828/800
f 556/193/189 551/983/965 549/982/964
f 53/396/379 17/724/701 98/725/702
f 295/985/966 293/984/951 443/967/950
f 458/575/555 554/986/967 552/574/554
f 919/988/834 394/820/969 628/987/968
f 703/989/970 554/986/967 458/575/555
f 527/991/869 212/990/790 112/140/137
f 317/590/569 2/552/534 194/769/742
f 300/372/355 609/880/865 375/13/13
f 565/992/971 703/989/970 458/575/555
f 873/993/972 731/704/683 341/705/684
f 796/620/600 782/554/536 110/619/599
f 740/231/221 375/13/13 609/880/865
f 518/902/880 632/217/973 626/468/451
f 676/487/471 409/780/768 285/850/171
f 108/27/64 597/119/975 788/117/974
f 823/743/978 696/995/977 436/994/976
f 278/767/740 767/963/944 194/769/742
f 101/530/512 300/372/355 620/373/321
f 458/575/555 354/747/724 565/992/971
f 6/997/979 265/996/795 777/858/840
f 376/999/982 1/998/981 747/655/980
f 262/1001/984 366/403/983 50/1000/350
f 256/185/181 783/639/618 86/404/390
f 770/814/985 716/398/381 860/399/382
f 193/419/403 471/66/67 306/173/169
f 347/936/122 682/1002/120 186/730/707
f 352/621/601 882/630/610 677/532/514
f 180/1004/986 436/1003/976 696/522/977
f 776/385/368 507/341/327 44/384/367
f 97/189/185 514/313/299 381/188/184
f 354/747/882 579/1005/988 565/992/987
f 119/145/142 529/602/581 403/1006/443
f 908/51/51 604/230/220 213/1007/989
f 44/384/367 507/341/327 244/1008/990
f 92/196/192 82/187/183 256/185/181
f 285/175/171 306/173/169 299/751/729
f 830/1010/992 789/181/176 190/1009/991
f 579/1005/988 591/894/875 584/1011/993
f 723/376/357 240/352/140 816/268/256
f 333/861/431 104/133/130 189/134/131
f 651/98/99 352/621/601 302/464/447
f 473/197/193 533/547/528 92/196/192
f 591/894/875 445/882/867 584/1011/993
f 584/1011/993 445/882/867 595/1012/994
f 80/39/39 68/1014/496 145/1013/995
f 433/451/435 799/906/892 577/907/996
f 892/58/58 57/584/563 452/57/57
f 683/62/62 873/993/972 891/424/407
f 733/775/750 383/90/91 871/386/369
f 761/945/928 221/340/997 507/341/927
f 789/181/176 830/1010/992 51/1015/998
f 753/1017/999 197/378/359 405/1016/360
f 773/450/434 573/610/589 914/550/532
f 353/555/537 122/239/247 75/126/123
f 83/190/186 160/980/962 447/615/594
f 603/1019/1001 342/949/598 628/1018/1000
f 372/777/752 606/875/860 595/1012/994
f 510/46/46 759/729/706 544/149/146
f 449/238/228 32/236/226 713/727/704
f 576/711/689 589/490/474 762/491/475
f 686/1021/577 22/1020/916 694/707/685
f 538/1022/98 296/501/485 330/315/302
f 759/729/706 825/901/879 544/149/146
f 624/652/631 553/517/499 386/332/319
f 268/182/177 190/1009/991 789/181/176
f 466/718/695 725/1023/1002 24/717/694
f 99/957/938 103/587/566 8/585/564
f 384/80/81 798/393/376 511/79/80
f 906/325/312 760/201/195 557/1024/1003
f 324/248/1005 483/871/856 290/1025/1004
f 633/4/4 37/599/578 829/568/548
f 50/1000/350 537/1026/1006 262/1001/984
f 426/395/378 360/859/841 622/1027/1007
f 654/311/297 132/1028/1008 630/310/296
f 840/1030/1010 656/1029/1009 883/603/582
f 439/1032/418 708/12/12 369/1031/356
f 369/1031/356 723/1033/357 439/1032/418
f 160/1034/1011 821/721/778 463/167/778
f 95/467/450 168/443/1013 66/164/1012
f 607/697/676 378/695/674 679/832/807
f 612/1035/1015 606/875/1014 656/1029/1009
f 655/658/636 182/1037/1016 47/1036/617
f 627/698/677 20/1039/1018 615/1038/1017
f 100/213/205 677/532/514 882/630/610
f 308/860/842 820/1040/1019 675/253/844
f 606/875/1014 391/800/791 656/1029/1009
f 789/181/176 576/711/689 806/183/178
f 341/705/684 457/703/682 754/979/961
f 852/1043/1022 752/1042/1021 492/1041/1020
f 742/60/60 908/51/51 213/1007/989
f 434/1045/1024 637/71/72 596/1044/1023
f 31/192/188 124/76/77 906/325/312
f 271/233/223 902/101/102 359/235/225
f 491/765/738 907/170/166 417/94/95
f 423/228/218 515/433/417 546/227/217
f 225/1046/1025 586/390/373 697/478/829
f 634/54/54 912/299/845 143/22/22
f 391/800/791 390/819/792 656/1029/1009
f 656/1029/1009 390/819/792 625/849/825
f 396/74/75 7/548/529 191/20/20
f 780/412/397 843/935/918 196/776/751
f 58/246/935 85/355/339 178/155/151
f 44/384/1028 280/1047/1027 8/887/1026
f 540/867/851 152/1049/1029 297/1048/905
f 597/863/719 448/915/1030 767/963/944
f 115/1051/1032 239/1050/316 197/378/1031
f 689/232/222 829/568/548 37/599/578
f 907/170/166 355/321/308 192/779/753
f 460/285/273 208/77/78 455/287/275
f 29/65/66 281/921/1033 13/64/65
f 133/19/19 695/883/868 247/33/33
f 803/391/853 903/108/466 869/483/467
f 631/848/826 243/131/128 652/605/584
f 805/803/1034 127/1053/1035 115/1052/1034
f 71/1055/1036 184/1054/1036 665/623/1036
f 320/179/174 348/68/69 756/317/304
f 110/619/599 782/554/536 286/344/330
f 631/848/823 413/495/479 243/131/128
f 597/863/719 767/963/944 251/792/767
f 479/216/208 428/229/219 201/52/52
f 229/561/1037 577/1057/886 184/1056/638
f 102/904/884 504/41/41 145/1058/995
f 437/1060/1039 880/453/437 87/1059/1038
f 239/1062/316 345/1061/317 197/378/1031
f 87/1059/1038 567/23/23 465/59/59
f 243/131/128 233/493/477 652/605/584
f 775/1063/1040 359/357/1041 815/358/1040
f 760/201/195 146/347/333 163/886/870
f 36/785/759 154/333/320 206/440/424
f 7/548/529 61/546/527 405/1064/1042
f 509/1065/1043 752/1042/1021 48/91/92
f 472/121/118 295/985/966 894/804/776
f 656/1029/1009 840/1030/1010 612/1035/1015
f 160/1034/1044 824/1066/697 821/721/698
f 627/698/677 406/1067/1045 459/206/774
f 157/534/516 582/533/515 34/359/341
f 298/674/652 479/216/208 234/215/207
f 229/561/543 35/947/930 860/399/382
f 448/915/1046 194/769/742 767/963/944
f 290/225/161 483/111/110 736/112/111
f 270/734/711 739/484/468 794/766/739
f 127/1053/1047 225/809/783 635/810/784
f 622/1027/1007 726/401/386 426/395/378
f 719/339/325 867/798/771 392/426/660
f 263/676/654 511/79/80 16/410/395
f 746/1070/1049 838/1069/1049 826/1068/1048
f 717/400/383 247/33/33 695/883/868
f 824/1071/361 160/980/962 83/190/186
f 652/605/584 656/1029/1009 625/849/825
f 499/394/377 702/653/632 289/588/567
f 746/1070/1049 815/1073/1050 838/1072/1049
f 423/228/218 693/8/8 510/46/46
f 618/364/347 668/731/405 834/1074/866
f 66/164/160 168/443/427 786/166/162
f 847/701/680 419/702/681 594/1075/1051
f 192/890/753 318/665/644 857/666/623
f 567/23/23 360/859/841 582/533/515
f 94/710/688 762/491/475 344/738/715
f 184/1056/1052 71/1077/764 531/1076/370
f 414/569/549 550/845/821 388/571/551
f 338/194/190 545/195/191 547/1078/1053
f 242/746/635 694/707/685 22/1020/916
f 221/340/997 761/945/928 358/824/1054
f 583/786/760 314/296/284 588/461/444
f 689/232/222 740/231/221 638/768/741
f 263/676/654 331/411/396 446/562/544
f 280/1047/1056 44/384/367 530/1079/1055
f 11/457/1058 152/1081/1057 594/1080/1051
f 462/1083/614 848/943/612 432/1082/1059
f 310/791/766 26/211/203 502/209/201
f 531/1076/370 711/388/371 184/1056/1052
f 141/498/482 664/191/187 31/192/188
f 120/449/769 419/608/587 265/797/585
f 106/85/86 149/309/295 353/555/537
f 448/28/893 469/26/1060 68/1084/895
f 701/171/167 193/419/403 306/173/169
f 188/156/152 47/1086/617 182/1085/1016
f 548/774/749 331/411/396 196/776/751
f 59/805/777 887/681/659 440/1087/303
f 78/862/846 147/1088/1062 823/743/1061
f 533/547/528 7/548/529 396/74/75
f 892/58/58 254/115/114 610/629/609
f 425/885/204 349/319/306 764/324/311
f 431/132/129 264/431/414 450/429/412
f 233/493/1063 235/1089/1063 365/670/1063
f 644/139/136 307/219/211 559/208/200
f 422/1090/637 662/888/871 846/939/310
f 572/1091/1064 60/114/113 513/397/380
f 845/336/322 694/707/685 427/834/809
f 405/1064/1042 61/546/527 720/515/1065
f 473/197/193 2/552/534 317/590/569
f 425/212/204 100/213/205 318/665/644
f 341/705/684 472/425/408 891/424/407
f 199/255/244 185/420/404 570/1092/1066
f 606/875/1014 612/1035/1015 835/1093/1067
f 611/761/736 594/1094/1051 419/608/681
f 680/280/268 775/1095/858 521/279/267
f 781/518/500 918/428/411 206/440/424
f 469/26/26 512/222/214 102/1096/1068
f 256/185/181 858/847/723 783/639/618
f 856/760/439 506/1/1 523/159/155
f 106/85/86 158/86/87 149/309/295
f 909/897/919 881/898/1069 723/376/357
f 896/337/323 247/33/33 113/34/34
f 540/867/851 841/937/921 653/244/233
f 595/1012/994 606/875/860 835/1093/1070
f 690/1098/251 915/865/1072 657/1097/1071
f 98/725/702 513/397/380 53/396/379
f 901/499/483 553/517/499 916/651/630
f 710/161/157 214/781/1073 308/1099/159
f 775/873/858 850/525/507 658/234/224
f 189/134/131 431/132/129 226/320/307
f 657/1097/1071 424/1100/250 690/1098/251
f 152/1049/1029 540/867/851 496/245/1074
f 244/1008/990 681/342/328 808/1101/1075
f 81/625/605 170/174/170 857/643/623
f 584/1011/993 595/1012/994 692/1102/1076
f 646/141/138 644/139/136 559/208/200
f 579/1005/988 584/1011/993 692/1102/1076
f 777/858/947 599/822/1077 602/965/946
f 466/718/695 665/1103/1078 747/655/980
f 9/124/121 347/125/122 673/1104/150
f 576/711/689 340/960/941 806/183/178
f 692/1102/1076 893/1105/1079 579/1005/988
f 275/452/436 773/450/434 70/549/531
f 115/1052/1080 127/1053/1080 239/1106/1080
f 67/551/533 2/552/534 473/197/193
f 743/6/6 67/551/533 473/197/193
f 425/885/204 192/779/753 349/319/1081
f 893/1105/1079 703/989/1082 579/1005/988
f 900/1108/1084 617/1107/1083 904/104/105
f 375/13/13 740/231/221 305/15/15
f 4/857/839 818/872/857 320/179/174
f 845/336/322 427/834/809 763/462/445
f 651/98/99 457/703/682 796/620/600
f 102/1096/884 145/1109/995 469/26/1060
f 50/784/758 253/593/1085 461/591/664
f 472/425/1087 754/979/1086 295/1110/955
f 701/171/167 364/735/712 334/878/862
f 565/992/1088 579/1005/988 703/989/1082
f 556/193/189 549/982/964 545/195/191
f 188/156/152 182/1085/1016 732/521/503
f 279/700/1089 603/1019/1089 628/1018/1089
f 919/988/834 599/822/1090 394/820/969
f 172/362/345 162/351/337 399/1111/1091
f 68/514/1092 720/515/1065 61/546/527
f 118/790/765 648/823/797 852/1043/1093
f 128/458/441 366/403/389 297/1112/905
f 242/1114/1095 22/1113/1094 441/692/671
f 727/1116/1098 351/1115/1097 380/691/1096
f 862/301/287 608/1117/1099 641/505/490
f 481/448/780 120/449/769 6/796/770
f 729/463/446 778/247/236 324/248/237
f 554/986/967 703/989/970 706/1118/1100
f 791/306/292 185/420/404 89/348/334
f 197/378/359 345/952/1101 140/109/259
f 707/1120/1103 715/969/952 712/1119/1102
f 267/799/772 155/1121/32 39/917/1104
f 766/1122/1105 95/467/450 66/164/1012
f 881/898/1106 505/628/608 200/962/943
f 381/188/184 446/562/544 18/70/71
f 906/325/312 561/326/313 760/201/195
f 712/1119/1102 715/969/952 542/976/959
f 603/1019/1107 279/700/679 847/701/680
f 576/711/689 762/491/475 94/710/688
f 376/999/876 747/655/634 765/656/557
f 435/16/1108 304/1123/805 902/101/805
f 643/105/106 169/363/346 172/362/345
f 649/866/850 527/884/869 470/755/730
f 833/307/293 790/305/291 383/90/91
f 483/111/110 293/1124/956 277/113/112
f 271/233/223 255/680/658 902/101/102
f 392/426/660 713/727/704 738/338/324
f 210/579/560 673/153/150 705/1125/391
f 285/1126/171 299/751/729 714/752/3
f 781/518/500 237/500/484 748/427/410
f 568/9/9 657/1097/1071 645/45/948
f 51/1015/998 497/214/206 425/212/204
f 386/332/1110 218/1128/1110 669/1127/1109
f 659/713/691 524/69/70 548/774/749
f 813/908/887 630/310/296 132/1028/1008
f 297/1129/905 152/1081/1029 128/458/441
f 225/1132/1111 96/1131/1111 580/1130/1111
f 748/427/410 713/727/704 392/426/409
f 649/866/850 148/667/645 527/884/869
f 164/808/782 718/1133/1112 27/492/476
f 779/740/718 76/1134/1113 720/515/717
f 688/1136/1115 825/1135/1114 608/1117/1099
f 418/679/657 283/722/810 468/180/175
f 185/420/404 791/306/292 570/1092/1066
f 310/708/686 827/540/824 358/1137/1116
f 151/1138/1117 576/711/689 885/709/687
f 592/328/315 562/1139/1118 345/330/317
f 428/229/219 561/326/313 613/327/314
f 734/946/929 776/385/1120 769/1140/1119
f 513/397/380 98/725/702 647/360/342
f 125/259/249 122/239/247 353/555/537
f 301/5/5 743/6/6 699/624/604
f 794/766/739 675/253/242 270/734/711
f 699/624/604 743/6/6 531/1141/370
f 334/878/862 917/418/402 701/171/167
f 524/69/70 774/712/690 596/1044/1023
f 899/1142/1121 721/959/940 715/969/952
f 767/963/944 156/53/53 251/792/767
f 304/1143/1122 435/16/16 142/382/365
f 507/341/927 776/385/1120 734/946/929
f 397/813/372 770/814/787 35/947/930
f 249/61/61 683/62/62 891/424/407
f 362/381/364 423/228/218 853/150/363
f 73/1145/422 575/1144/1123 590/672/650
f 191/20/20 803/662/639 143/22/22
f 77/291/279 811/292/280 138/1146/1124
f 790/305/291 400/349/335 328/756/786
f 28/25/25 335/723/700 370/56/56
f 723/1148/357 881/898/1069 439/1147/418
f 601/470/1125 813/908/887 436/1149/888
f 762/491/475 666/772/746 665/1103/1078
f 590/672/650 380/691/1096 751/671/649
f 313/18/18 902/101/102 255/680/658
f 694/707/685 498/497/481 427/834/809
f 472/425/408 341/705/684 754/979/961
f 836/635/615 662/888/871 422/1090/637
f 822/545/526 464/544/525 300/372/355
f 91/538/520 328/1150/1126 683/62/62
f 232/100/1127 277/113/112 293/1124/956
f 471/66/67 503/770/743 348/68/69
f 852/1043/1093 648/823/797 358/824/798
f 592/1152/864 239/1151/1128 127/826/864
f 852/1043/1129 358/824/1129 752/1042/1129
f 790/305/291 791/306/292 89/348/334
f 770/814/985 147/1088/1062 716/398/381
f 887/681/659 255/680/658 215/262/252
f 548/774/749 319/1153/1130 659/713/691
f 358/824/1054 761/945/928 752/1042/1021
f 910/314/301 296/501/485 901/499/483
f 818/872/857 4/857/839 523/159/155
f 478/632/611 842/854/1131 187/631/502
f 48/91/92 752/1042/1021 761/945/928
f 302/464/447 677/532/514 77/291/279
f 730/690/667 478/632/611 787/978/413
f 860/399/382 35/947/930 770/814/985
f 469/1154/1060 145/1013/995 68/1014/895
f 76/1134/1113 405/1064/1132 720/515/717
f 107/96/1133 515/433/417 439/434/418
f 183/1156/874 179/1155/419 543/668/646
f 292/646/920 837/600/579 468/180/175
f 761/945/928 734/946/929 769/1140/1119
f 711/388/371 229/561/543 184/1056/1052
f 363/120/117 894/804/776 778/247/236
f 139/256/245 21/257/246 195/589/568
f 436/1157/1134 78/862/846 823/743/1061
f 569/523/1135 180/1004/986 696/522/977
f 45/55/55 716/398/381 78/862/846
f 578/446/669 380/691/670 785/736/713
f 594/1158/1051 555/948/931 847/701/680
f 280/1160/202 530/1159/1136 502/209/201
f 218/1161/1137 154/294/282 532/146/143
f 107/1162/97 538/1022/98 330/315/302
f 650/876/501 342/949/598 178/1163/151
f 816/268/256 57/584/563 610/629/609
f 614/252/241 856/456/439 188/156/152
f 911/254/243 417/94/95 629/92/93
f 749/977/960 39/513/495 287/295/283
f 757/1165/1139 430/927/910 786/1164/1138
f 605/380/362 32/236/226 442/237/227
f 904/104/1140 769/1140/1119 776/385/1120
f 832/664/641 219/870/885 91/1166/520
f 296/501/485 275/452/436 237/500/484
f 904/104/1141 776/385/368 721/959/940
f 468/180/897 283/722/1142 534/916/898
f 904/104/1141 721/959/940 899/1142/1121
f 904/104/105 617/1107/1083 266/926/909
f 441/692/671 718/1167/1112 581/485/469
f 123/753/473 437/1168/1039 213/1007/989
f 482/958/939 503/770/743 193/419/403
f 781/518/500 748/427/410 918/428/411
f 755/312/1143 601/470/1143 180/1169/1143
f 275/452/436 748/427/410 237/500/484
f 109/1171/472 527/1170/869 112/140/137
f 850/525/507 54/151/148 544/149/146
f 338/194/190 411/1172/1144 477/714/692
f 598/506/491 641/505/490 690/1173/710
f 880/453/437 437/1060/1039 326/207/199
f 7/548/529 405/1064/1042 191/20/20
f 450/429/412 787/430/413 732/1174/503
f 869/483/467 697/478/829 586/390/373
f 632/217/973 518/902/880 487/686/665
f 743/6/6 633/4/4 67/551/533
f 747/655/980 224/1175/1145 466/718/695
f 797/1177/1146 793/1176/1146 899/1142/1146
f 705/1180/1147 673/1179/150 347/1178/122
f 171/669/647 148/667/645 613/327/314
f 797/1177/1148 899/1142/1121 715/969/952
f 715/969/952 800/1181/1149 797/1177/1148
f 420/371/354 77/291/279 138/1146/1124
f 107/1182/661 357/7/7 546/227/217
f 30/539/521 293/968/951 483/871/856
f 715/969/952 801/1183/1150 800/1181/1149
f 127/1053/1151 805/803/775 586/390/373
f 153/186/182 696/1185/504 858/1184/723
f 31/192/188 557/1024/1003 141/498/482
f 605/380/362 738/338/324 32/236/226
f 357/7/7 693/8/8 423/228/218
f 581/485/469 718/1133/1112 205/636/616
f 807/1187/1153 802/1186/1152 893/1105/1079
f 893/1105/1079 828/1188/1154 807/1187/1153
f 621/266/254 165/558/540 723/376/357
f 828/1188/1154 859/1189/1155 807/1187/1153
f 464/544/525 278/767/740 609/880/865
f 431/132/129 422/659/637 846/323/310
f 453/297/285 588/461/444 314/296/284
f 825/1135/1114 388/571/551 550/845/821
f 917/418/402 520/577/558 377/578/559
f 247/33/33 784/758/1156 155/32/32
f 290/1025/1004 786/1164/1138 430/927/910
f 442/237/227 571/17/17 605/380/362
f 764/324/311 349/319/306 226/320/307
f 684/221/213 644/139/136 179/435/419
f 688/524/506 658/234/224 850/525/507
f 113/34/34 267/799/772 896/337/323
f 785/1190/1157 99/957/938 735/956/937
f 167/409/394 705/1191/1147 347/936/122
f 192/779/753 409/780/1158 456/93/94
f 387/202/196 146/347/333 760/201/195
f 11/457/440 128/458/441 152/1081/1029
f 31/192/188 906/325/312 557/1024/1003
f 476/2/2 714/752/3 812/67/68
f 197/378/1159 805/815/1034 115/1192/1034
f 858/745/723 823/743/721 147/1088/1160
f 433/451/435 577/907/996 227/942/924
f 767/963/944 464/544/525 156/53/53
f 735/1193/1161 578/446/1161 785/736/1161
f 717/400/383 440/1087/303 910/1194/301
f 267/799/772 39/917/1162 867/798/771
f 753/1017/999 405/1016/360 76/1195/1163
f 690/1173/710 414/569/549 915/570/550
f 861/611/590 798/393/376 499/394/377
f 189/134/131 11/1196/440 333/861/431
f 95/467/450 219/870/855 168/443/1013
f 397/389/372 35/947/930 711/388/371
f 575/1144/1164 727/1116/1098 380/691/1096
f 13/1199/1165 489/1198/1165 316/1197/1165
f 695/883/868 133/19/19 59/805/777
f 873/993/972 294/1200/734 731/704/683
f 2/552/534 638/768/741 194/769/742
f 234/215/207 452/57/57 298/674/652
f 257/503/835 700/1201/1167 710/161/1166
f 456/93/94 907/170/166 192/779/753
f 655/658/636 422/659/637 450/429/412
f 520/577/558 334/878/862 673/153/150
f 370/56/56 335/723/700 17/724/701
f 215/262/252 424/954/250 887/681/659
f 626/468/451 632/217/973 54/151/148
f 18/70/71 548/774/749 524/69/70
f 786/1164/1138 741/1202/818 757/1165/1139
f 307/219/211 726/401/386 559/208/200
f 592/1205/1168 663/1204/1168 562/1203/1168
f 835/1093/1067 840/1030/1010 875/1206/1169
f 875/1206/1169 828/1188/1170 835/1093/1067
f 840/1030/1010 835/1093/1067 612/1035/1015
f 709/783/1171 620/335/321 845/336/322
f 812/67/68 616/158/154 476/2/2
f 421/286/274 455/287/275 49/365/348
f 416/1207/1173 311/200/720 560/198/1172
f 872/1209/1175 851/1208/1174 828/1188/1174
f 487/686/665 3/136/133 480/137/134
f 447/615/594 393/616/595 455/287/275
f 847/701/932 342/949/598 603/1019/1001
f 645/45/45 388/864/847 759/729/706
f 448/915/1046 317/590/569 194/769/742
f 854/1210/1176 828/1188/1174 851/1208/1174
f 555/1213/931 594/1212/1051 152/1211/1177
f 264/431/414 104/133/130 333/861/431
f 828/1188/1178 854/1210/1178 859/1189/1178
f 489/903/883 90/40/1179 504/41/41
f 337/877/861 187/631/502 842/854/1131
f 328/1150/733 294/1200/734 873/993/972
f 331/411/396 548/774/749 18/70/71
f 808/1215/1180 530/1214/1180 244/1008/1180
f 430/927/910 757/1165/1139 729/463/446
f 914/550/532 713/727/704 660/728/705
f 919/1217/834 478/1216/1182 602/965/1181
f 882/630/610 110/619/599 318/665/644
f 475/687/666 403/1006/443 529/602/581
f 263/676/654 768/78/79 511/79/80
f 226/320/307 619/459/442 189/134/131
f 83/190/186 447/615/594 79/75/76
f 443/967/950 894/804/776 295/985/966
f 557/1024/1003 163/886/870 141/498/482
f 757/1165/1139 339/675/653 729/463/446
f 379/11/11 362/381/364 74/10/10
f 863/1219/1185 864/1218/1184 859/1189/1183
f 859/1189/1183 864/1218/1184 865/1220/1186
f 865/1220/1186 807/1187/1187 859/1189/1183
f 200/962/556 439/1147/418 881/898/1069
f 653/244/576 623/1221/1188 629/92/93
f 644/139/136 684/221/213 307/219/211
f 866/1222/1189 863/1219/1185 859/1189/1183
f 345/330/1190 562/1139/1190 635/981/1190
f 192/779/753 355/321/308 349/319/1081
f 859/1189/1183 868/1223/1191 866/1222/1189
f 433/451/435 538/1022/98 799/906/892
f 870/1224/1192 868/1223/1191 859/1189/1183
f 889/251/240 676/487/471 85/355/339
f 360/859/841 567/23/23 87/1059/1038
f 357/7/7 107/1226/661 440/1225/303
f 854/1210/1193 870/1224/1192 859/1189/1183
f 525/184/731 788/802/498 80/39/39
f 12/685/1195 461/591/756 700/1201/1194
f 907/170/166 491/765/738 355/321/308
f 700/1201/1194 461/591/756 214/781/757
f 544/149/146 825/901/879 688/524/506
f 775/1095/1040 815/358/1040 521/279/1196
f 219/176/172 640/1227/906 371/88/89
f 875/1206/1169 874/1228/1198 872/1209/1197
f 14/874/859 498/497/481 141/498/482
f 876/1229/1199 874/1228/1198 875/1206/1169
f 875/1206/1169 872/1209/1197 828/1188/1200
f 778/247/236 894/804/776 443/967/950
f 667/650/629 639/72/73 755/719/696
f 180/1230/1201 601/470/1201 436/1149/1201
f 875/1206/1169 879/481/464 888/889/872
f 844/224/216 334/878/862 364/735/712
f 840/1030/1010 883/603/582 879/481/464
f 879/481/464 875/1206/1169 840/1030/1010
f 781/518/500 553/517/499 237/500/484
f 257/503/835 12/685/836 700/1201/1167
f 100/213/205 882/630/610 318/665/644
f 884/604/583 879/481/464 883/603/582
f 138/1146/1124 130/1231/1202 420/371/354
f 675/253/844 820/1040/1019 367/366/349
f 745/829/802 548/774/749 871/386/369
f 680/706/268 855/469/452 775/873/858
f 233/493/477 884/604/583 652/605/584
f 343/833/808 340/960/941 576/711/689
f 879/481/464 884/604/583 230/480/463
f 132/21/21 654/73/74 396/74/75
f 798/393/376 384/80/81 426/395/378
f 775/873/858 855/469/452 850/525/507
f 651/98/99 69/99/100 457/703/682
f 886/641/620 879/481/464 231/482/465
f 443/967/950 30/539/521 778/247/236
f 876/1229/1199 875/1206/1169 888/889/872
f 883/603/582 656/1029/1009 652/605/584
f 672/138/135 564/596/574 494/597/575
f 507/341/327 681/342/328 244/1008/990
f 420/371/354 130/1231/1202 636/370/353
f 591/894/875 579/1005/988 354/747/882
f 148/667/645 649/866/850 613/327/314
f 214/781/757 820/592/755 308/1232/1203
f 312/526/508 261/527/509 457/703/682
f 596/1044/1023 637/71/72 524/69/70
f 102/1096/1068 512/222/214 316/1233/1204
f 595/1012/994 835/1093/1070 828/1188/1154
f 828/1188/1154 692/1102/1076 595/1012/994
f 497/214/206 830/1010/992 84/1234/1205
f 56/354/141 403/460/443 453/297/285
f 224/1175/1145 725/1023/1002 466/718/695
f 339/675/653 757/1165/1139 741/1202/818
f 833/307/293 195/589/568 21/257/246
f 501/35/35 210/579/560 705/406/391
f 641/505/490 414/569/549 690/1173/710
f 653/244/576 678/250/239 58/246/935
f 267/799/772 113/34/34 155/1121/32
f 658/234/1206 688/1236/406 43/1235/288
f 692/1102/1076 828/1188/1154 893/1105/1079
f 670/1237/1207 406/1067/1045 627/698/677
f 855/469/452 54/151/148 850/525/507
f 129/477/460 697/478/461 869/483/467
f 17/724/701 53/396/379 254/115/114
f 33/567/547 211/950/933 137/168/164
f 15/1239/1208 462/1083/614 432/1238/1059
f 397/638/372 531/1141/370 743/6/6
f 467/334/14 305/1240/15 694/707/685
f 343/833/808 378/695/674 412/1241/1209
f 779/740/718 597/863/719 803/662/639
f 802/1186/1152 804/1242/1210 893/1105/1079
f 893/1105/1079 804/1242/1210 895/1243/1211
f 895/1243/1211 703/989/1212 893/1105/1079
f 494/597/575 773/450/434 227/942/924
f 453/297/285 403/460/443 588/461/444
f 439/434/1213 765/95/96 107/96/97
f 49/365/348 393/616/595 167/409/394
f 242/1114/1095 441/692/671 228/648/627
f 897/1244/1215 703/989/1215 895/1243/1214
f 834/881/866 587/318/305 93/417/401
f 232/100/101 651/98/99 302/464/447
f 897/1244/1215 704/1245/1216 703/989/1215
f 496/245/597 555/1246/931 152/1049/1177
f 626/468/451 855/469/452 671/900/878
f 715/969/952 898/1247/1217 801/1183/1150
f 488/383/366 490/912/891 776/385/368
f 880/453/437 726/401/386 622/1027/1007
f 314/296/284 583/786/760 336/566/546
f 817/920/902 438/830/803 871/386/369
f 899/1142/1218 900/1108/1218 904/104/1218
f 832/664/641 772/135/132 474/442/643
f 911/254/843 623/1221/1219 308/1248/842
f 466/718/695 762/491/475 665/1103/1078
f 57/584/563 298/674/652 452/57/57
f 337/877/861 628/1018/1000 342/949/598
f 369/1031/356 74/10/10 814/218/210
f 456/93/94 409/780/768 889/251/240
f 133/19/19 896/337/323 738/338/324
f 637/71/72 434/1045/1024 687/1249/1220
f 687/1249/1220 839/699/678 637/71/72
f 34/359/341 384/80/81 768/78/79
f 331/411/396 780/412/397 196/776/751
f 449/238/228 518/902/880 626/468/451
f 559/208/200 726/401/386 326/207/199
f 731/704/683 519/556/538 312/526/508
f 739/484/468 619/459/442 226/320/307
f 516/169/165 821/721/811 418/679/657
f 590/672/650 236/437/421 73/1145/422
f 96/1251/1221 181/1250/1221 580/1130/1221
f 904/104/1140 202/82/83 769/1140/1119
f 537/504/488 710/161/489 623/162/1222
f 526/559/541 294/1200/734 400/1252/732
f 275/452/436 70/549/531 748/427/410
f 769/1140/1119 202/82/83 40/83/84
f 485/928/912 642/929/912 905/1253/1223
f 97/189/185 637/71/72 839/699/678
f 437/1060/1039 123/489/473 326/207/199
f 834/1254/866 421/286/274 618/364/347
f 89/348/334 209/955/542 400/349/335
f 69/99/957 232/100/1127 293/1255/956
f 519/556/538 526/559/541 248/223/215
f 735/956/1225 280/1257/1027 73/1256/1224
f 48/91/92 761/945/928 40/83/84
f 40/83/84 761/945/928 769/1140/1119
f 328/756/786 383/90/91 790/305/291
f 614/252/241 728/304/290 714/1258/3
f 815/1259/1226 746/281/269 521/279/267
f 1/998/981 224/1175/1145 747/655/980
f 515/433/417 379/11/11 708/12/12
f 396/74/75 639/72/73 533/547/528
f 623/1221/1227 653/244/233 841/937/921
f 416/1260/1173 753/595/572 311/742/720
f 498/497/481 14/874/859 427/834/809
f 904/104/1140 41/436/420 202/82/83
f 614/252/241 714/1258/3 506/1261/1
f 832/664/641 91/1166/520 772/135/132
f 735/956/1225 8/585/1026 280/1262/1027
f 199/255/244 570/1092/1066 21/257/246
f 677/532/514 302/464/447 352/621/601
f 515/433/417 423/228/218 379/11/11
f 9/154/121 248/223/215 526/559/541
f 367/366/387 241/402/388 270/734/711
f 204/528/510 844/224/216 782/554/536
f 459/206/774 97/189/185 627/698/677
f 491/765/738 794/766/739 739/484/468
f 164/808/782 589/490/474 836/635/615
f 175/172/168 306/173/169 170/174/170
f 602/965/1181 599/822/1090 919/988/834
f 880/453/437 622/1027/1007 87/1059/1038
f 756/317/304 503/770/743 482/958/939
f 181/270/258 140/109/259 345/952/1101
f 95/467/450 177/1263/1228 323/466/449
f 61/546/527 317/590/569 68/514/1092
f 301/5/5 699/624/604 666/622/602
f 186/1265/707 682/1264/120 668/421/405
f 214/781/1073 710/161/157 700/1201/1229
f 698/1266/1231 26/211/1230 852/1043/1022
f 15/1268/1232 697/276/1232 462/1267/1232
f 26/211/203 118/790/765 852/1043/1233
f 437/1060/1039 87/1059/1038 465/59/59
f 862/301/287 598/506/491 271/303/289
f 858/1269/723 147/1088/1160 770/814/1234
f 522/343/329 175/172/168 23/345/331
f 628/987/1235 337/1270/833 919/988/834
f 65/1271/1236 26/211/1230 698/1266/1231
f 623/1221/1237 262/938/984 537/1272/1006
f 193/419/403 917/418/402 482/958/939
f 386/332/319 669/1127/830 624/652/631
f 428/229/219 649/866/850 604/230/220
f 717/400/383 59/805/777 440/1087/303
f 65/1271/1239 63/788/762 26/211/1238
f 903/108/466 140/109/1240 129/477/460
f 183/893/874 421/286/274 834/1254/866
f 742/60/60 437/1060/1039 465/59/59
f 744/479/462 849/494/478 155/512/494
f 890/122/119 339/675/653 249/840/817
f 203/102/103 41/436/1241 904/104/105
f 611/761/736 11/762/1058 594/1273/1051
f 487/686/665 529/602/581 632/217/973
f 81/625/605 857/666/623 23/345/331
f 418/679/657 382/178/173 756/317/304
f 232/100/101 302/464/447 277/113/622
f 709/529/1171 101/530/512 620/1274/321
f 67/551/533 633/4/4 829/568/548
f 476/2/2 523/159/155 506/1/1
f 65/1271/1236 698/1266/1231 161/1275/1242
f 497/214/206 51/1015/998 830/1010/992
f 576/711/689 269/1276/1243 343/833/808
f 856/760/439 205/636/616 47/637/617
f 93/417/401 179/435/419 183/1277/874
f 181/1279/1244 225/1278/1244 580/1130/1244
f 522/343/329 782/554/536 844/224/216
f 763/715/445 403/1006/443 475/687/666
f 397/638/372 743/6/6 86/404/390
f 640/869/854 95/467/450 361/465/448
f 227/531/513 577/1057/1245 229/561/543
f 736/112/344 277/113/622 64/273/262
f 568/9/9 424/1100/250 657/1097/1071
f 576/711/689 151/1138/1117 792/1280/1246
f 904/104/105 266/926/909 216/103/104
f 85/355/339 58/246/935 678/250/239
f 788/117/974 29/65/66 108/27/64
f 852/1043/1022 492/1041/1020 161/1275/1242
f 718/1133/1112 164/808/782 205/636/616
f 197/378/359 753/1282/999 416/1281/1247
f 483/871/856 324/248/1005 332/249/238
f 547/1078/1053 411/1172/1144 338/194/190
f 889/251/240 409/780/768 676/487/471
f 552/574/554 551/983/965 556/193/189
f 492/1041/1020 752/1042/1021 509/1065/1043
f 509/1065/1043 399/1111/1091 492/1041/1020
f 573/610/589 449/238/228 914/550/532
f 460/285/273 421/286/274 183/893/874
f 195/589/568 10/613/592 289/588/567
f 26/211/1238 63/788/762 280/210/763
f 78/862/846 436/1157/1134 912/299/845
f 87/1059/1038 622/1027/1007 360/859/841
f 550/845/821 608/1117/1099 825/1135/1114
f 123/753/473 213/1007/989 470/755/730
f 358/1137/1116 827/540/824 221/541/1248
f 394/820/794 265/821/795 279/1283/1249
f 509/1065/1043 48/91/92 508/87/88
f 566/684/1250 257/503/487 537/504/488
f 269/1276/1243 576/711/689 792/1280/1246
f 697/478/829 72/1284/827 225/1046/1025
f 844/224/216 685/152/149 334/878/862
f 471/66/67 299/751/729 306/173/169
f 175/172/168 364/735/712 701/171/167
f 906/325/312 124/76/77 613/327/314
f 733/775/750 871/386/369 548/774/749
f 319/1153/1130 548/774/749 745/829/802
f 4/857/839 563/647/907 722/486/838
f 430/927/910 324/248/1005 290/1025/1004
f 299/751/729 471/66/67 812/67/68
f 831/369/352 497/214/206 84/1234/1205
f 342/949/598 650/876/501 337/877/861
f 450/429/412 732/1286/503 182/1285/1016
f 645/45/45 657/1097/1251 915/865/848
f 156/53/53 822/545/526 45/55/55
f 367/366/349 50/1000/350 366/403/983
f 619/459/442 739/484/468 241/402/388
f 884/604/583 365/670/648 230/480/463
f 569/523/505 82/187/183 180/649/628
f 179/435/419 93/417/401 684/221/213
f 451/203/197 561/326/313 428/229/219
f 509/1065/1043 52/107/108 643/105/106
f 178/155/151 188/156/152 650/519/501
f 694/707/685 305/1240/15 686/1021/577
f 217/454/438 216/103/104 535/925/908
f 509/1065/1043 508/87/88 52/107/108
f 482/958/939 917/418/402 211/950/933
f 723/376/357 814/374/210 240/352/140
f 511/79/80 798/393/376 809/612/591
f 154/333/1252 218/1287/1110 386/332/1110
f 399/1111/1091 509/1065/1043 643/105/106
f 399/1111/1091 643/105/106 172/362/345
f 887/681/659 59/805/777 313/18/18
f 576/711/689 662/888/871 836/635/615
f 578/446/430 236/437/421 751/671/649
f 766/1288/1105 177/1263/1228 95/467/450
f 818/872/857 616/158/154 320/179/174
f 445/882/867 372/777/752 595/1012/994
f 522/343/329 364/735/712 175/172/168
f 637/71/72 381/188/184 18/70/71
f 294/1200/734 526/559/541 731/704/683
f 843/935/918 780/412/397 10/613/592
f 298/674/652 389/583/562 453/297/285
f 36/785/759 749/944/926 154/333/320
f 74/10/10 853/150/363 814/218/210
f 492/1041/1020 399/1111/1091 162/351/337
f 479/216/208 298/674/652 737/673/651
f 730/690/667 481/448/1253 478/632/611
f 787/978/413 478/632/611 732/633/503
f 185/420/404 668/421/405 682/123/120
f 609/880/865 300/372/355 464/544/525
f 98/725/702 157/534/516 34/359/341
f 162/351/337 42/84/85 492/1041/1020
f 809/612/591 16/410/395 511/79/80
f 42/84/85 161/1275/1242 492/1041/1020
f 568/509/9 440/1087/303 887/681/659
f 843/935/918 195/589/568 833/307/293
f 681/342/328 221/340/326 808/1101/1075
f 208/77/78 460/285/273 543/668/646
f 96/269/257 848/634/1254 140/109/259
f 892/58/58 610/629/609 57/584/563
f 911/254/243 629/92/93 623/1221/1188
f 575/572/553 63/788/1255 593/160/156
f 733/775/750 843/935/918 383/90/91
f 383/90/91 843/935/918 833/307/293
f 442/237/227 449/238/228 671/900/878
f 106/85/86 161/1275/1242 42/84/85
f 247/33/33 877/265/936 784/758/1156
f 718/1167/1112 441/692/671 22/1289/1094
f 170/174/170 23/345/331 175/172/168
f 140/109/613 462/476/614 129/477/1256
f 60/114/113 254/115/114 53/396/379
f 538/1022/98 433/451/435 296/501/485
f 51/1015/998 846/1290/310 789/181/176
f 65/1271/1236 161/1275/1242 106/85/86
f 532/146/143 287/295/283 849/494/478
f 627/698/677 615/1038/1017 670/1237/1207
f 669/147/144 218/1161/1137 532/146/143
f 794/766/739 417/94/95 675/253/242
f 574/36/873 377/578/559 501/35/901
f 295/973/955 754/979/1086 69/99/957
f 13/1291/849 316/1233/1204 512/222/214
f 380/691/1096 590/672/650 575/1144/1164
f 333/447/431 481/448/432 730/690/667
f 917/418/402 334/878/862 520/577/558
f 57/584/563 816/268/256 600/353/338
f 604/230/220 470/755/730 213/1007/989
f 65/1271/1236 353/555/537 75/126/123
f 75/126/123 593/160/156 65/1271/1236
f 912/299/845 284/934/917 143/22/22
f 182/1037/1016 655/658/636 450/429/412
f 914/550/532 449/238/228 713/727/704
f 843/935/918 733/775/750 196/776/751
f 63/788/1255 65/1271/1257 593/160/156
f 163/886/870 557/1024/1003 760/201/195
f 496/1292/597 342/949/598 555/948/931
f 570/1092/1066 791/306/292 21/257/246
f 47/1294/617 836/1293/615 655/658/636
f 705/1191/1147 167/409/394 88/1295/593
f 813/908/887 132/1028/1008 284/910/889
f 148/667/645 543/668/646 212/817/790
f 683/62/62 328/1150/733 873/993/972
f 449/238/228 626/468/451 671/900/878
f 179/435/419 112/140/137 212/1296/790
f 513/397/380 514/313/299 572/1091/1064
f 6/964/945 602/965/946 478/1216/1258
f 46/142/139 819/24/24 370/56/56
f 785/1190/1259 351/128/1259 75/126/1259
f 75/126/123 122/239/247 785/1190/1260
f 281/1298/1261 489/1198/1261 13/1297/1261
f 633/4/4 301/5/5 27/764/737
f 19/739/716 762/491/475 429/716/693
f 122/239/1263 111/240/1262 785/1190/1157
f 286/344/330 782/554/536 522/343/329
f 80/39/39 145/1058/995 504/41/41
f 677/532/514 831/369/352 77/291/279
f 736/112/344 661/271/260 766/1299/1105
f 275/452/436 296/501/485 433/451/435
f 919/856/834 842/854/832 478/632/1182
f 714/1258/3 728/304/290 285/850/171
f 766/1299/1105 66/226/1012 736/112/344
f 387/202/196 451/203/197 479/216/208
f 377/578/559 211/950/933 917/418/402
f 78/862/846 716/398/381 147/1088/1062
f 161/1275/1242 698/1266/1231 852/1043/1022
f 453/297/285 387/202/196 737/673/651
f 124/76/77 208/77/78 171/669/647
f 289/588/567 702/653/632 139/256/245
f 400/1252/732 209/1300/542 526/559/541
f 608/1117/1264 862/301/287 688/422/406
f 343/833/808 269/1276/1243 679/832/807
f 247/33/33 896/337/323 133/19/19
f 827/540/522 260/47/47 808/542/48
f 93/417/401 183/1301/874 834/881/866
f 918/428/411 392/426/409 867/798/896
f 291/106/107 169/363/346 643/105/106
f 856/1302/439 47/1086/617 188/156/152
f 660/728/705 70/549/531 914/550/532
f 262/938/984 623/1221/1237 841/937/1265
f 575/572/761 73/1303/1266 280/210/763
f 630/310/296 813/908/887 601/470/1125
f 102/1096/1068 316/1233/1204 489/1304/1267
f 803/662/639 251/792/767 634/54/54
f 155/1305/494 784/148/145 744/479/462
f 29/65/179 525/184/179 281/921/1268
f 467/14/14 620/373/321 375/13/13
f 253/1307/351 367/1306/349 820/592/1019
f 305/1308/15 689/232/222 686/598/577
f 615/1038/1017 20/1039/1018 173/1309/1269
f 105/1310/1270 99/957/938 785/1190/1157
f 157/534/516 98/725/702 335/723/700
f 111/240/1262 105/1310/1270 785/1190/1157
f 780/412/397 809/612/591 10/613/592
f 167/409/394 393/616/595 88/1295/593
f 347/936/122 186/730/707 618/364/347
f 279/1283/1249 628/1311/1271 394/820/794
f 746/564/269 142/565/365 680/280/268
f 90/1313/1272 489/1198/1272 281/1312/1272
f 419/608/681 120/449/433 611/761/736
f 248/223/215 844/224/216 204/528/510
f 369/1031/356 708/12/12 74/10/10
f 335/723/700 28/25/25 157/534/516
f 65/1271/1236 106/85/86 353/555/537
f 518/902/880 449/238/228 573/610/589
f 366/403/389 262/1314/904 297/1112/905
f 550/845/821 641/505/490 608/1117/1099
f 586/390/373 225/1046/1025 127/1053/1151
f 647/360/342 263/676/654 446/562/544
f 537/504/488 50/784/1273 566/684/1250
f 731/704/683 312/526/508 457/703/682
f 470/755/730 604/230/220 649/866/850
f 101/530/512 229/561/543 860/399/382
f 770/814/1234 783/812/618 858/1269/723
f 271/233/289 658/234/1206 43/1235/288
f 423/228/218 510/46/46 853/150/147
f 747/655/634 665/1103/1274 184/1315/638
f 437/1060/1039 742/60/60 213/1007/989
f 137/168/164 574/36/873 463/167/163
f 425/885/204 846/323/310 51/1316/998
f 244/1008/990 530/1079/1055 44/384/367
f 405/1064/1042 903/1317/1275 191/20/20
f 341/705/684 891/424/407 873/993/972
f 494/597/575 227/942/924 709/726/1276
f 353/555/537 126/282/270 125/259/249

